preprocessing_id,feature,published,reconstructed,abs_error,exact_1e6
P0_mV__csv_name__wfdb0,P_Amp_I,0.075,0.076,0.0010000000000000009,False
P0_mV__csv_name__wfdb0,P_Amp_I_iqr,0.0325,0.02875000000000001,0.0037499999999999895,False
P0_mV__csv_name__wfdb0,P_Amp_I_count,12.0,12,0.0,True
P0_mV__csv_name__wfdb0,P_Amp_II,0.125,0.124,0.0010000000000000009,False
P0_mV__csv_name__wfdb0,P_Amp_II_iqr,0.0325,0.036000000000000004,0.003500000000000003,False
P0_mV__csv_name__wfdb0,P_Amp_II_count,12.0,12,0.0,True
P0_mV__csv_name__wfdb0,P_Amp_III,0.075,0.0755,0.0005000000000000004,False
P0_mV__csv_name__wfdb0,P_Amp_III_iqr,0.0249999999999999,0.03325,0.008250000000000101,False
P0_mV__csv_name__wfdb0,P_Amp_III_count,12.0,12,0.0,True
P0_mV__csv_name__wfdb0,P_Amp_V1,-0.04,-0.04,0.0,True
P0_mV__csv_name__wfdb0,P_Amp_V1_iqr,0.0025,0.019250000000000003,0.016750000000000004,False
P0_mV__csv_name__wfdb0,P_Amp_V1_count,12.0,12,0.0,True
P0_mV__csv_name__wfdb0,P_Amp_V2,-0.04,-0.04,0.0,True
P0_mV__csv_name__wfdb0,P_Amp_V2_iqr,0.01,0.011500000000000003,0.001500000000000003,False
P0_mV__csv_name__wfdb0,P_Amp_V2_count,12.0,12,0.0,True
P0_mV__csv_name__wfdb0,P_Amp_V3,-0.04,-0.037500000000000006,0.0024999999999999953,False
P0_mV__csv_name__wfdb0,P_Amp_V3_iqr,0.035,0.035750000000000004,0.0007500000000000007,False
P0_mV__csv_name__wfdb0,P_Amp_V3_count,12.0,12,0.0,True
P0_mV__csv_name__wfdb0,P_Amp_V4,0.025,0.020999999999999998,0.0040000000000000036,False
P0_mV__csv_name__wfdb0,P_Amp_V4_iqr,0.0275,0.0245,0.002999999999999999,False
P0_mV__csv_name__wfdb0,P_Amp_V4_count,12.0,12,0.0,True
P0_mV__csv_name__wfdb0,P_Amp_V5,0.03,0.0275,0.0024999999999999988,False
P0_mV__csv_name__wfdb0,P_Amp_V5_iqr,0.0375,0.038250000000000006,0.0007500000000000076,False
P0_mV__csv_name__wfdb0,P_Amp_V5_count,12.0,12,0.0,True
P0_mV__csv_name__wfdb0,P_Amp_V6,0.04,0.0395,0.0005000000000000004,False
P0_mV__csv_name__wfdb0,P_Amp_V6_iqr,0.05,0.054000000000000006,0.0040000000000000036,False
P0_mV__csv_name__wfdb0,P_Amp_V6_count,12.0,12,0.0,True
P0_mV__csv_name__wfdb0,P_Amp_aVF,0.09,0.0935,0.003500000000000003,False
P0_mV__csv_name__wfdb0,P_Amp_aVF_iqr,0.0325,0.022249999999999992,0.010250000000000009,False
P0_mV__csv_name__wfdb0,P_Amp_aVF_count,12.0,12,0.0,True
P0_mV__csv_name__wfdb0,P_Amp_aVL,0.02,0.018500000000000003,0.0014999999999999979,False
P0_mV__csv_name__wfdb0,P_Amp_aVL_iqr,0.045,0.0445,0.0005000000000000004,False
P0_mV__csv_name__wfdb0,P_Amp_aVL_count,12.0,12,0.0,True
P0_mV__csv_name__wfdb0,P_Amp_aVR,-0.095,-0.0895,0.005500000000000005,False
P0_mV__csv_name__wfdb0,P_Amp_aVR_iqr,0.02,0.020500000000000004,0.0005000000000000039,False
P0_mV__csv_name__wfdb0,P_Amp_aVR_count,12.0,12,0.0,True
P0_mV__csv_name__wfdb0,Q_Amp_I,-0.14,-0.1585,0.01849999999999999,False
P0_mV__csv_name__wfdb0,Q_Amp_I_iqr,0.0425,0.04124999999999998,0.001250000000000022,False
P0_mV__csv_name__wfdb0,Q_Amp_I_count,12.0,12,0.0,True
P0_mV__csv_name__wfdb0,Q_Amp_II,-0.14,-0.155,0.014999999999999986,False
P0_mV__csv_name__wfdb0,Q_Amp_II_iqr,0.0325,0.037000000000000005,0.004500000000000004,False
P0_mV__csv_name__wfdb0,Q_Amp_II_count,12.0,12,0.0,True
P0_mV__csv_name__wfdb0,Q_Amp_III,0.06,0.060000000000000005,6.938893903907228e-18,True
P0_mV__csv_name__wfdb0,Q_Amp_III_iqr,0.035,0.03825,0.003249999999999996,False
P0_mV__csv_name__wfdb0,Q_Amp_III_count,12.0,12,0.0,True
P0_mV__csv_name__wfdb0,Q_Amp_V1,0.2,0.1965,0.003500000000000003,False
P0_mV__csv_name__wfdb0,Q_Amp_V1_iqr,0.0399999999999999,0.04799999999999999,0.00800000000000009,False
P0_mV__csv_name__wfdb0,Q_Amp_V1_count,12.0,12,0.0,True
P0_mV__csv_name__wfdb0,Q_Amp_V2,-0.0849999999999999,-0.0775,0.007499999999999896,False
P0_mV__csv_name__wfdb0,Q_Amp_V2_iqr,0.0224999999999999,0.018000000000000016,0.0044999999999998826,False
P0_mV__csv_name__wfdb0,Q_Amp_V2_count,12.0,12,0.0,True
P0_mV__csv_name__wfdb0,Q_Amp_V3,-0.045,-0.041499999999999995,0.003500000000000003,False
P0_mV__csv_name__wfdb0,Q_Amp_V3_iqr,0.0325,0.032,0.0005000000000000004,False
P0_mV__csv_name__wfdb0,Q_Amp_V3_count,12.0,12,0.0,True
P0_mV__csv_name__wfdb0,Q_Amp_V4,-0.1,-0.0925,0.007500000000000007,False
P0_mV__csv_name__wfdb0,Q_Amp_V4_iqr,0.0125,0.02975,0.017249999999999998,False
P0_mV__csv_name__wfdb0,Q_Amp_V4_count,12.0,12,0.0,True
P0_mV__csv_name__wfdb0,Q_Amp_V5,-0.17,-0.17099999999999999,0.0009999999999999731,False
P0_mV__csv_name__wfdb0,Q_Amp_V5_iqr,0.0375,0.06125,0.02375,False
P0_mV__csv_name__wfdb0,Q_Amp_V5_count,12.0,12,0.0,True
P0_mV__csv_name__wfdb0,Q_Amp_V6,-0.155,-0.1585,0.003500000000000003,False
P0_mV__csv_name__wfdb0,Q_Amp_V6_iqr,0.0499999999999999,0.05374999999999999,0.0037500000000000935,False
P0_mV__csv_name__wfdb0,Q_Amp_V6_count,12.0,12,0.0,True
P0_mV__csv_name__wfdb0,Q_Amp_aVF,-0.105,-0.121,0.016,False
P0_mV__csv_name__wfdb0,Q_Amp_aVF_iqr,0.0375,0.04400000000000001,0.006500000000000013,False
P0_mV__csv_name__wfdb0,Q_Amp_aVF_count,12.0,12,0.0,True
P0_mV__csv_name__wfdb0,Q_Amp_aVL,-0.075,-0.0815,0.006500000000000006,False
P0_mV__csv_name__wfdb0,Q_Amp_aVL_iqr,0.0424999999999999,0.051500000000000004,0.009000000000000105,False
P0_mV__csv_name__wfdb0,Q_Amp_aVL_count,12.0,12,0.0,True
P0_mV__csv_name__wfdb0,Q_Amp_aVR,0.145,0.1475,0.0025000000000000022,False
P0_mV__csv_name__wfdb0,Q_Amp_aVR_iqr,0.0325,0.018500000000000016,0.013999999999999985,False
P0_mV__csv_name__wfdb0,Q_Amp_aVR_count,12.0,12,0.0,True
P0_mV__csv_name__wfdb0,R_Amp_I,1.6,1.6640000000000001,0.06400000000000006,False
P0_mV__csv_name__wfdb0,R_Amp_I_iqr,0.1224999999999998,0.10424999999999995,0.01824999999999985,False
P0_mV__csv_name__wfdb0,R_Amp_I_count,12.0,12,0.0,True
P0_mV__csv_name__wfdb0,R_Amp_II,0.975,1.025,0.04999999999999993,False
P0_mV__csv_name__wfdb0,R_Amp_II_iqr,0.045,0.03650000000000009,0.00849999999999991,False
P0_mV__csv_name__wfdb0,R_Amp_II_count,12.0,12,0.0,True
P0_mV__csv_name__wfdb0,R_Amp_III,-0.71,-0.7030000000000001,0.006999999999999895,False
P0_mV__csv_name__wfdb0,R_Amp_III_iqr,0.14,0.11849999999999994,0.021500000000000075,False
P0_mV__csv_name__wfdb0,R_Amp_III_count,12.0,12,0.0,True
P0_mV__csv_name__wfdb0,R_Amp_V1,-0.955,-0.957,0.0020000000000000018,False
P0_mV__csv_name__wfdb0,R_Amp_V1_iqr,0.1149999999999999,0.12650000000000006,0.011500000000000163,False
P0_mV__csv_name__wfdb0,R_Amp_V1_count,12.0,12,0.0,True
P0_mV__csv_name__wfdb0,R_Amp_V2,0.885,0.952,0.06699999999999995,False
P0_mV__csv_name__wfdb0,R_Amp_V2_iqr,0.075,0.06550000000000011,0.009499999999999884,False
P0_mV__csv_name__wfdb0,R_Amp_V2_count,12.0,12,0.0,True
P0_mV__csv_name__wfdb0,R_Amp_V3,1.68,1.7225000000000001,0.042500000000000204,False
P0_mV__csv_name__wfdb0,R_Amp_V3_iqr,0.0949999999999999,0.125,0.030000000000000096,False
P0_mV__csv_name__wfdb0,R_Amp_V3_count,12.0,12,0.0,True
P0_mV__csv_name__wfdb0,R_Amp_V4,1.835,1.8965,0.06150000000000011,False
P0_mV__csv_name__wfdb0,R_Amp_V4_iqr,0.1624999999999998,0.16474999999999995,0.0022500000000001408,False
P0_mV__csv_name__wfdb0,R_Amp_V4_count,12.0,12,0.0,True
P0_mV__csv_name__wfdb0,R_Amp_V5,1.6,1.629,0.028999999999999915,False
P0_mV__csv_name__wfdb0,R_Amp_V5_iqr,0.0749999999999997,0.06350000000000011,0.011499999999999594,False
P0_mV__csv_name__wfdb0,R_Amp_V5_count,12.0,12,0.0,True
P0_mV__csv_name__wfdb0,R_Amp_V6,1.17,1.165,0.004999999999999893,False
P0_mV__csv_name__wfdb0,R_Amp_V6_iqr,0.0524999999999999,0.06499999999999995,0.012500000000000046,False
P0_mV__csv_name__wfdb0,R_Amp_V6_count,12.0,12,0.0,True
P0_mV__csv_name__wfdb0,R_Amp_aVF,0.255,0.23299999999999998,0.02200000000000002,False
P0_mV__csv_name__wfdb0,R_Amp_aVF_iqr,0.09,0.08950000000000002,0.0004999999999999727,False
P0_mV__csv_name__wfdb0,R_Amp_aVF_count,12.0,12,0.0,True
P0_mV__csv_name__wfdb0,R_Amp_aVL,1.15,1.1595,0.009500000000000064,False
P0_mV__csv_name__wfdb0,R_Amp_aVL_iqr,0.1549999999999998,0.10250000000000004,0.05249999999999977,False
P0_mV__csv_name__wfdb0,R_Amp_aVL_count,12.0,12,0.0,True
P0_mV__csv_name__wfdb0,R_Amp_aVR,-1.3,-1.3039999999999998,0.0039999999999997815,False
P0_mV__csv_name__wfdb0,R_Amp_aVR_iqr,0.09,0.023249999999999993,0.06675,False
P0_mV__csv_name__wfdb0,R_Amp_aVR_count,12.0,12,0.0,True
P0_mV__csv_name__wfdb0,S_Amp_I,-0.12,-0.12,0.0,True
P0_mV__csv_name__wfdb0,S_Amp_I_iqr,0.0525,0.04175000000000001,0.010749999999999989,False
P0_mV__csv_name__wfdb0,S_Amp_I_count,12.0,12,0.0,True
P0_mV__csv_name__wfdb0,S_Amp_II,-0.0849999999999999,-0.0845,0.0004999999999998894,False
P0_mV__csv_name__wfdb0,S_Amp_II_iqr,0.0375,0.03,0.0075,False
P0_mV__csv_name__wfdb0,S_Amp_II_count,12.0,12,0.0,True
P0_mV__csv_name__wfdb0,S_Amp_III,-0.02,-0.034,0.014000000000000002,False
P0_mV__csv_name__wfdb0,S_Amp_III_iqr,0.09,0.14400000000000002,0.05400000000000002,False
P0_mV__csv_name__wfdb0,S_Amp_III_count,12.0,12,0.0,True
P0_mV__csv_name__wfdb0,S_Amp_V1,0.02,0.0175,0.0024999999999999988,False
P0_mV__csv_name__wfdb0,S_Amp_V1_iqr,0.025,0.025500000000000005,0.0005000000000000039,False
P0_mV__csv_name__wfdb0,S_Amp_V1_count,12.0,12,0.0,True
P0_mV__csv_name__wfdb0,S_Amp_V2,-0.735,-0.5754999999999999,0.1595000000000001,False
P0_mV__csv_name__wfdb0,S_Amp_V2_iqr,0.05,0.0675,0.0175,False
P0_mV__csv_name__wfdb0,S_Amp_V2_count,12.0,12,0.0,True
P0_mV__csv_name__wfdb0,S_Amp_V3,-0.325,-0.2335,0.0915,False
P0_mV__csv_name__wfdb0,S_Amp_V3_iqr,0.0575,0.03200000000000003,0.025499999999999974,False
P0_mV__csv_name__wfdb0,S_Amp_V3_count,12.0,12,0.0,True
P0_mV__csv_name__wfdb0,S_Amp_V4,-0.13,-0.124,0.006000000000000005,False
P0_mV__csv_name__wfdb0,S_Amp_V4_iqr,0.03,0.025999999999999995,0.0040000000000000036,False
P0_mV__csv_name__wfdb0,S_Amp_V4_count,12.0,12,0.0,True
P0_mV__csv_name__wfdb0,S_Amp_V5,-0.065,-0.0785,0.013499999999999998,False
P0_mV__csv_name__wfdb0,S_Amp_V5_iqr,0.04,0.04549999999999999,0.005499999999999991,False
P0_mV__csv_name__wfdb0,S_Amp_V5_count,12.0,12,0.0,True
P0_mV__csv_name__wfdb0,S_Amp_V6,-0.09,-0.0845,0.005499999999999991,False
P0_mV__csv_name__wfdb0,S_Amp_V6_iqr,0.0625,0.06375,0.0012500000000000011,False
P0_mV__csv_name__wfdb0,S_Amp_V6_count,12.0,12,0.0,True
P0_mV__csv_name__wfdb0,S_Amp_aVF,-0.065,-0.0635,0.0015000000000000013,False
P0_mV__csv_name__wfdb0,S_Amp_aVF_iqr,0.0275,0.038500000000000006,0.011000000000000006,False
P0_mV__csv_name__wfdb0,S_Amp_aVF_count,12.0,12,0.0,True
P0_mV__csv_name__wfdb0,S_Amp_aVL,-0.07,-0.07150000000000001,0.0015000000000000013,False
P0_mV__csv_name__wfdb0,S_Amp_aVL_iqr,0.0699999999999999,0.06675,0.003249999999999892,False
P0_mV__csv_name__wfdb0,S_Amp_aVL_count,12.0,12,0.0,True
P0_mV__csv_name__wfdb0,S_Amp_aVR,0.07,0.086,0.015999999999999986,False
P0_mV__csv_name__wfdb0,S_Amp_aVR_iqr,0.035,0.028749999999999998,0.0062500000000000056,False
P0_mV__csv_name__wfdb0,S_Amp_aVR_count,12.0,12,0.0,True
P0_mV__csv_name__wfdb0,T_Amp_I,0.065,0.0675,0.0025000000000000022,False
P0_mV__csv_name__wfdb0,T_Amp_I_iqr,0.03,0.0225,0.0075,False
P0_mV__csv_name__wfdb0,T_Amp_I_count,12.0,12,0.0,True
P0_mV__csv_name__wfdb0,T_Amp_II,-0.1,-0.0995,0.0005000000000000004,False
P0_mV__csv_name__wfdb0,T_Amp_II_iqr,0.025,0.0295,0.004499999999999997,False
P0_mV__csv_name__wfdb0,T_Amp_II_count,12.0,12,0.0,True
P0_mV__csv_name__wfdb0,T_Amp_III,-0.15,-0.153,0.0030000000000000027,False
P0_mV__csv_name__wfdb0,T_Amp_III_iqr,0.055,0.05875000000000001,0.0037500000000000103,False
P0_mV__csv_name__wfdb0,T_Amp_III_count,12.0,12,0.0,True
P0_mV__csv_name__wfdb0,T_Amp_V1,0.11,0.1105,0.0005000000000000004,False
P0_mV__csv_name__wfdb0,T_Amp_V1_iqr,0.0249999999999999,0.023749999999999993,0.0012499999999999074,False
P0_mV__csv_name__wfdb0,T_Amp_V1_count,12.0,12,0.0,True
P0_mV__csv_name__wfdb0,T_Amp_V2,0.29,0.2885,0.0015000000000000013,False
P0_mV__csv_name__wfdb0,T_Amp_V2_iqr,0.0399999999999999,0.04625000000000001,0.006250000000000117,False
P0_mV__csv_name__wfdb0,T_Amp_V2_count,12.0,12,0.0,True
P0_mV__csv_name__wfdb0,T_Amp_V3,0.17,0.1705,0.0005000000000000004,False
P0_mV__csv_name__wfdb0,T_Amp_V3_iqr,0.0375,0.04100000000000001,0.00350000000000001,False
P0_mV__csv_name__wfdb0,T_Amp_V3_count,12.0,12,0.0,True
P0_mV__csv_name__wfdb0,T_Amp_V4,0.055,0.053,0.0020000000000000018,False
P0_mV__csv_name__wfdb0,T_Amp_V4_iqr,0.035,0.03575,0.0007499999999999937,False
P0_mV__csv_name__wfdb0,T_Amp_V4_count,12.0,12,0.0,True
P0_mV__csv_name__wfdb0,T_Amp_V5,-0.115,-0.118,0.002999999999999989,False
P0_mV__csv_name__wfdb0,T_Amp_V5_iqr,0.0475,0.05099999999999999,0.0034999999999999892,False
P0_mV__csv_name__wfdb0,T_Amp_V5_count,12.0,12,0.0,True
P0_mV__csv_name__wfdb0,T_Amp_V6,-0.11,-0.11449999999999999,0.00449999999999999,False
P0_mV__csv_name__wfdb0,T_Amp_V6_iqr,0.0575,0.06675,0.009250000000000001,False
P0_mV__csv_name__wfdb0,T_Amp_V6_count,12.0,12,0.0,True
P0_mV__csv_name__wfdb0,T_Amp_aVF,-0.1149999999999999,-0.1175,0.0025000000000000994,False
P0_mV__csv_name__wfdb0,T_Amp_aVF_iqr,0.0425,0.047000000000000014,0.004500000000000011,False
P0_mV__csv_name__wfdb0,T_Amp_aVF_count,12.0,12,0.0,True
P0_mV__csv_name__wfdb0,T_Amp_aVL,0.1,0.105,0.0049999999999999906,False
P0_mV__csv_name__wfdb0,T_Amp_aVL_iqr,0.0424999999999999,0.036000000000000004,0.006499999999999895,False
P0_mV__csv_name__wfdb0,T_Amp_aVL_count,12.0,12,0.0,True
P0_mV__csv_name__wfdb0,T_Amp_aVR,-0.015,-0.0175,0.0025000000000000022,False
P0_mV__csv_name__wfdb0,T_Amp_aVR_iqr,0.0225,0.02125,0.0012499999999999976,False
P0_mV__csv_name__wfdb0,T_Amp_aVR_count,12.0,12,0.0,True
P0_mV__csv_name__matlab1,P_Amp_I,0.075,0.0745,0.0005000000000000004,False
P0_mV__csv_name__matlab1,P_Amp_I_iqr,0.0325,0.0295,0.0030000000000000027,False
P0_mV__csv_name__matlab1,P_Amp_I_count,12.0,12,0.0,True
P0_mV__csv_name__matlab1,P_Amp_II,0.125,0.1245,0.0005000000000000004,False
P0_mV__csv_name__matlab1,P_Amp_II_iqr,0.0325,0.03325,0.0007500000000000007,False
P0_mV__csv_name__matlab1,P_Amp_II_count,12.0,12,0.0,True
P0_mV__csv_name__matlab1,P_Amp_III,0.075,0.07500000000000001,1.3877787807814457e-17,True
P0_mV__csv_name__matlab1,P_Amp_III_iqr,0.0249999999999999,0.029249999999999998,0.0042500000000000974,False
P0_mV__csv_name__matlab1,P_Amp_III_count,12.0,12,0.0,True
P0_mV__csv_name__matlab1,P_Amp_V1,-0.04,-0.041,0.0010000000000000009,False
P0_mV__csv_name__matlab1,P_Amp_V1_iqr,0.0025,0.010999999999999996,0.008499999999999995,False
P0_mV__csv_name__matlab1,P_Amp_V1_count,12.0,12,0.0,True
P0_mV__csv_name__matlab1,P_Amp_V2,-0.04,-0.04,0.0,True
P0_mV__csv_name__matlab1,P_Amp_V2_iqr,0.01,0.012000000000000004,0.0020000000000000035,False
P0_mV__csv_name__matlab1,P_Amp_V2_count,12.0,12,0.0,True
P0_mV__csv_name__matlab1,P_Amp_V3,-0.04,-0.037500000000000006,0.0024999999999999953,False
P0_mV__csv_name__matlab1,P_Amp_V3_iqr,0.035,0.034,0.0010000000000000009,False
P0_mV__csv_name__matlab1,P_Amp_V3_count,12.0,12,0.0,True
P0_mV__csv_name__matlab1,P_Amp_V4,0.025,0.0225,0.0025000000000000022,False
P0_mV__csv_name__matlab1,P_Amp_V4_iqr,0.0275,0.025,0.0024999999999999988,False
P0_mV__csv_name__matlab1,P_Amp_V4_count,12.0,12,0.0,True
P0_mV__csv_name__matlab1,P_Amp_V5,0.03,0.027999999999999997,0.0020000000000000018,False
P0_mV__csv_name__matlab1,P_Amp_V5_iqr,0.0375,0.0405,0.0030000000000000027,False
P0_mV__csv_name__matlab1,P_Amp_V5_count,12.0,12,0.0,True
P0_mV__csv_name__matlab1,P_Amp_V6,0.04,0.0415,0.0015000000000000013,False
P0_mV__csv_name__matlab1,P_Amp_V6_iqr,0.05,0.051750000000000004,0.0017500000000000016,False
P0_mV__csv_name__matlab1,P_Amp_V6_count,12.0,12,0.0,True
P0_mV__csv_name__matlab1,P_Amp_aVF,0.09,0.087,0.0030000000000000027,False
P0_mV__csv_name__matlab1,P_Amp_aVF_iqr,0.0325,0.031750000000000014,0.0007499999999999868,False
P0_mV__csv_name__matlab1,P_Amp_aVF_count,12.0,12,0.0,True
P0_mV__csv_name__matlab1,P_Amp_aVL,0.02,0.02,0.0,True
P0_mV__csv_name__matlab1,P_Amp_aVL_iqr,0.045,0.04725,0.002250000000000002,False
P0_mV__csv_name__matlab1,P_Amp_aVL_count,12.0,12,0.0,True
P0_mV__csv_name__matlab1,P_Amp_aVR,-0.095,-0.0945,0.0005000000000000004,False
P0_mV__csv_name__matlab1,P_Amp_aVR_iqr,0.02,0.0175,0.0024999999999999988,False
P0_mV__csv_name__matlab1,P_Amp_aVR_count,12.0,12,0.0,True
P0_mV__csv_name__matlab1,Q_Amp_I,-0.14,-0.14100000000000001,0.0010000000000000009,False
P0_mV__csv_name__matlab1,Q_Amp_I_iqr,0.0425,0.03950000000000001,0.0029999999999999957,False
P0_mV__csv_name__matlab1,Q_Amp_I_count,12.0,12,0.0,True
P0_mV__csv_name__matlab1,Q_Amp_II,-0.14,-0.143,0.002999999999999975,False
P0_mV__csv_name__matlab1,Q_Amp_II_iqr,0.0325,0.028749999999999998,0.0037500000000000033,False
P0_mV__csv_name__matlab1,Q_Amp_II_count,12.0,12,0.0,True
P0_mV__csv_name__matlab1,Q_Amp_III,0.06,0.059500000000000004,0.0004999999999999935,False
P0_mV__csv_name__matlab1,Q_Amp_III_iqr,0.035,0.03675,0.0017499999999999946,False
P0_mV__csv_name__matlab1,Q_Amp_III_count,12.0,12,0.0,True
P0_mV__csv_name__matlab1,Q_Amp_V1,0.2,0.202,0.0020000000000000018,False
P0_mV__csv_name__matlab1,Q_Amp_V1_iqr,0.0399999999999999,0.037750000000000006,0.002249999999999891,False
P0_mV__csv_name__matlab1,Q_Amp_V1_count,12.0,12,0.0,True
P0_mV__csv_name__matlab1,Q_Amp_V2,-0.0849999999999999,-0.0825,0.002499999999999891,False
P0_mV__csv_name__matlab1,Q_Amp_V2_iqr,0.0224999999999999,0.01575,0.0067499999999998984,False
P0_mV__csv_name__matlab1,Q_Amp_V2_count,12.0,12,0.0,True
P0_mV__csv_name__matlab1,Q_Amp_V3,-0.045,-0.0475,0.0025000000000000022,False
P0_mV__csv_name__matlab1,Q_Amp_V3_iqr,0.0325,0.0325,0.0,True
P0_mV__csv_name__matlab1,Q_Amp_V3_count,12.0,12,0.0,True
P0_mV__csv_name__matlab1,Q_Amp_V4,-0.1,-0.0985,0.0015000000000000013,False
P0_mV__csv_name__matlab1,Q_Amp_V4_iqr,0.0125,0.01625,0.00375,False
P0_mV__csv_name__matlab1,Q_Amp_V4_count,12.0,12,0.0,True
P0_mV__csv_name__matlab1,Q_Amp_V5,-0.17,-0.17099999999999999,0.0009999999999999731,False
P0_mV__csv_name__matlab1,Q_Amp_V5_iqr,0.0375,0.03875000000000001,0.001250000000000008,False
P0_mV__csv_name__matlab1,Q_Amp_V5_count,12.0,12,0.0,True
P0_mV__csv_name__matlab1,Q_Amp_V6,-0.155,-0.1535,0.0015000000000000013,False
P0_mV__csv_name__matlab1,Q_Amp_V6_iqr,0.0499999999999999,0.05224999999999999,0.002250000000000092,False
P0_mV__csv_name__matlab1,Q_Amp_V6_count,12.0,12,0.0,True
P0_mV__csv_name__matlab1,Q_Amp_aVF,-0.105,-0.1045,0.0005000000000000004,False
P0_mV__csv_name__matlab1,Q_Amp_aVF_iqr,0.0375,0.04000000000000001,0.002500000000000009,False
P0_mV__csv_name__matlab1,Q_Amp_aVF_count,12.0,12,0.0,True
P0_mV__csv_name__matlab1,Q_Amp_aVL,-0.075,-0.076,0.0010000000000000009,False
P0_mV__csv_name__matlab1,Q_Amp_aVL_iqr,0.0424999999999999,0.0455,0.0030000000000001,False
P0_mV__csv_name__matlab1,Q_Amp_aVL_count,12.0,12,0.0,True
P0_mV__csv_name__matlab1,Q_Amp_aVR,0.145,0.14100000000000001,0.003999999999999976,False
P0_mV__csv_name__matlab1,Q_Amp_aVR_iqr,0.0325,0.026749999999999996,0.005750000000000005,False
P0_mV__csv_name__matlab1,Q_Amp_aVR_count,12.0,12,0.0,True
P0_mV__csv_name__matlab1,R_Amp_I,1.6,1.5990000000000002,0.0009999999999998899,False
P0_mV__csv_name__matlab1,R_Amp_I_iqr,0.1224999999999998,0.1217499999999998,0.0007500000000000007,False
P0_mV__csv_name__matlab1,R_Amp_I_count,12.0,12,0.0,True
P0_mV__csv_name__matlab1,R_Amp_II,0.975,0.9784999999999999,0.0034999999999999476,False
P0_mV__csv_name__matlab1,R_Amp_II_iqr,0.045,0.04375000000000007,0.0012499999999999317,False
P0_mV__csv_name__matlab1,R_Amp_II_count,12.0,12,0.0,True
P0_mV__csv_name__matlab1,R_Amp_III,-0.71,-0.7075,0.0024999999999999467,False
P0_mV__csv_name__matlab1,R_Amp_III_iqr,0.14,0.13249999999999995,0.007500000000000062,False
P0_mV__csv_name__matlab1,R_Amp_III_count,12.0,12,0.0,True
P0_mV__csv_name__matlab1,R_Amp_V1,-0.955,-0.9525,0.0024999999999999467,False
P0_mV__csv_name__matlab1,R_Amp_V1_iqr,0.1149999999999999,0.11649999999999994,0.001500000000000043,False
P0_mV__csv_name__matlab1,R_Amp_V1_count,12.0,12,0.0,True
P0_mV__csv_name__matlab1,R_Amp_V2,0.885,0.8835,0.0015000000000000568,False
P0_mV__csv_name__matlab1,R_Amp_V2_iqr,0.075,0.07250000000000001,0.0024999999999999883,False
P0_mV__csv_name__matlab1,R_Amp_V2_count,12.0,12,0.0,True
P0_mV__csv_name__matlab1,R_Amp_V3,1.68,1.681,0.001000000000000112,False
P0_mV__csv_name__matlab1,R_Amp_V3_iqr,0.0949999999999999,0.10150000000000015,0.006500000000000242,False
P0_mV__csv_name__matlab1,R_Amp_V3_count,12.0,12,0.0,True
P0_mV__csv_name__matlab1,R_Amp_V4,1.835,1.8395000000000001,0.0045000000000001705,False
P0_mV__csv_name__matlab1,R_Amp_V4_iqr,0.1624999999999998,0.15549999999999997,0.00699999999999984,False
P0_mV__csv_name__matlab1,R_Amp_V4_count,12.0,12,0.0,True
P0_mV__csv_name__matlab1,R_Amp_V5,1.6,1.5985,0.0015000000000000568,False
P0_mV__csv_name__matlab1,R_Amp_V5_iqr,0.0749999999999997,0.07124999999999981,0.0037499999999998923,False
P0_mV__csv_name__matlab1,R_Amp_V5_count,12.0,12,0.0,True
P0_mV__csv_name__matlab1,R_Amp_V6,1.17,1.172,0.0020000000000000018,False
P0_mV__csv_name__matlab1,R_Amp_V6_iqr,0.0524999999999999,0.052000000000000046,0.0004999999999998547,False
P0_mV__csv_name__matlab1,R_Amp_V6_count,12.0,12,0.0,True
P0_mV__csv_name__matlab1,R_Amp_aVF,0.255,0.2525,0.0025000000000000022,False
P0_mV__csv_name__matlab1,R_Amp_aVF_iqr,0.09,0.08924999999999997,0.0007500000000000284,False
P0_mV__csv_name__matlab1,R_Amp_aVF_count,12.0,12,0.0,True
P0_mV__csv_name__matlab1,R_Amp_aVL,1.15,1.1495,0.0004999999999999449,False
P0_mV__csv_name__matlab1,R_Amp_aVL_iqr,0.1549999999999998,0.15174999999999983,0.003249999999999975,False
P0_mV__csv_name__matlab1,R_Amp_aVL_count,12.0,12,0.0,True
P0_mV__csv_name__matlab1,R_Amp_aVR,-1.3,-1.3010000000000002,0.001000000000000112,False
P0_mV__csv_name__matlab1,R_Amp_aVR_iqr,0.09,0.09274999999999989,0.0027499999999998914,False
P0_mV__csv_name__matlab1,R_Amp_aVR_count,12.0,12,0.0,True
P0_mV__csv_name__matlab1,S_Amp_I,-0.12,-0.12,0.0,True
P0_mV__csv_name__matlab1,S_Amp_I_iqr,0.0525,0.0505,0.001999999999999995,False
P0_mV__csv_name__matlab1,S_Amp_I_count,12.0,12,0.0,True
P0_mV__csv_name__matlab1,S_Amp_II,-0.0849999999999999,-0.0815,0.003499999999999892,False
P0_mV__csv_name__matlab1,S_Amp_II_iqr,0.0375,0.031,0.006499999999999999,False
P0_mV__csv_name__matlab1,S_Amp_II_count,12.0,12,0.0,True
P0_mV__csv_name__matlab1,S_Amp_III,-0.02,-0.0225,0.0024999999999999988,False
P0_mV__csv_name__matlab1,S_Amp_III_iqr,0.09,0.09525,0.005250000000000005,False
P0_mV__csv_name__matlab1,S_Amp_III_count,12.0,12,0.0,True
P0_mV__csv_name__matlab1,S_Amp_V1,0.02,0.018000000000000002,0.0019999999999999983,False
P0_mV__csv_name__matlab1,S_Amp_V1_iqr,0.025,0.025750000000000002,0.0007500000000000007,False
P0_mV__csv_name__matlab1,S_Amp_V1_count,12.0,12,0.0,True
P0_mV__csv_name__matlab1,S_Amp_V2,-0.735,-0.7335,0.0014999999999999458,False
P0_mV__csv_name__matlab1,S_Amp_V2_iqr,0.05,0.05499999999999994,0.004999999999999935,False
P0_mV__csv_name__matlab1,S_Amp_V2_count,12.0,12,0.0,True
P0_mV__csv_name__matlab1,S_Amp_V3,-0.325,-0.323,0.0020000000000000018,False
P0_mV__csv_name__matlab1,S_Amp_V3_iqr,0.0575,0.05924999999999997,0.0017499999999999669,False
P0_mV__csv_name__matlab1,S_Amp_V3_count,12.0,12,0.0,True
P0_mV__csv_name__matlab1,S_Amp_V4,-0.13,-0.1285,0.0015000000000000013,False
P0_mV__csv_name__matlab1,S_Amp_V4_iqr,0.03,0.026249999999999996,0.0037500000000000033,False
P0_mV__csv_name__matlab1,S_Amp_V4_count,12.0,12,0.0,True
P0_mV__csv_name__matlab1,S_Amp_V5,-0.065,-0.061,0.0040000000000000036,False
P0_mV__csv_name__matlab1,S_Amp_V5_iqr,0.04,0.0375,0.0025000000000000022,False
P0_mV__csv_name__matlab1,S_Amp_V5_count,12.0,12,0.0,True
P0_mV__csv_name__matlab1,S_Amp_V6,-0.09,-0.086,0.0040000000000000036,False
P0_mV__csv_name__matlab1,S_Amp_V6_iqr,0.0625,0.0675,0.0050000000000000044,False
P0_mV__csv_name__matlab1,S_Amp_V6_count,12.0,12,0.0,True
P0_mV__csv_name__matlab1,S_Amp_aVF,-0.065,-0.0635,0.0015000000000000013,False
P0_mV__csv_name__matlab1,S_Amp_aVF_iqr,0.0275,0.029250000000000005,0.001750000000000005,False
P0_mV__csv_name__matlab1,S_Amp_aVF_count,12.0,12,0.0,True
P0_mV__csv_name__matlab1,S_Amp_aVL,-0.07,-0.07250000000000001,0.0025000000000000022,False
P0_mV__csv_name__matlab1,S_Amp_aVL_iqr,0.0699999999999999,0.073,0.0030000000000001,False
P0_mV__csv_name__matlab1,S_Amp_aVL_count,12.0,12,0.0,True
P0_mV__csv_name__matlab1,S_Amp_aVR,0.07,0.07050000000000001,0.0005000000000000004,False
P0_mV__csv_name__matlab1,S_Amp_aVR_iqr,0.035,0.036000000000000004,0.0010000000000000009,False
P0_mV__csv_name__matlab1,S_Amp_aVR_count,12.0,12,0.0,True
P0_mV__csv_name__matlab1,T_Amp_I,0.065,0.066,0.0010000000000000009,False
P0_mV__csv_name__matlab1,T_Amp_I_iqr,0.03,0.03075,0.0007500000000000007,False
P0_mV__csv_name__matlab1,T_Amp_I_count,12.0,12,0.0,True
P0_mV__csv_name__matlab1,T_Amp_II,-0.1,-0.1015,0.0015000000000000013,False
P0_mV__csv_name__matlab1,T_Amp_II_iqr,0.025,0.028749999999999998,0.0037499999999999964,False
P0_mV__csv_name__matlab1,T_Amp_II_count,12.0,12,0.0,True
P0_mV__csv_name__matlab1,T_Amp_III,-0.15,-0.1525,0.0025000000000000022,False
P0_mV__csv_name__matlab1,T_Amp_III_iqr,0.055,0.05700000000000001,0.0020000000000000087,False
P0_mV__csv_name__matlab1,T_Amp_III_count,12.0,12,0.0,True
P0_mV__csv_name__matlab1,T_Amp_V1,0.11,0.11,0.0,True
P0_mV__csv_name__matlab1,T_Amp_V1_iqr,0.0249999999999999,0.023499999999999993,0.0014999999999999077,False
P0_mV__csv_name__matlab1,T_Amp_V1_count,12.0,12,0.0,True
P0_mV__csv_name__matlab1,T_Amp_V2,0.29,0.2905,0.0005000000000000004,False
P0_mV__csv_name__matlab1,T_Amp_V2_iqr,0.0399999999999999,0.04574999999999996,0.005750000000000061,False
P0_mV__csv_name__matlab1,T_Amp_V2_count,12.0,12,0.0,True
P0_mV__csv_name__matlab1,T_Amp_V3,0.17,0.174,0.003999999999999976,False
P0_mV__csv_name__matlab1,T_Amp_V3_iqr,0.0375,0.04025000000000001,0.0027500000000000094,False
P0_mV__csv_name__matlab1,T_Amp_V3_count,12.0,12,0.0,True
P0_mV__csv_name__matlab1,T_Amp_V4,0.055,0.0545,0.0005000000000000004,False
P0_mV__csv_name__matlab1,T_Amp_V4_iqr,0.035,0.036500000000000005,0.0015000000000000013,False
P0_mV__csv_name__matlab1,T_Amp_V4_count,12.0,12,0.0,True
P0_mV__csv_name__matlab1,T_Amp_V5,-0.115,-0.119,0.00399999999999999,False
P0_mV__csv_name__matlab1,T_Amp_V5_iqr,0.0475,0.05499999999999999,0.007499999999999993,False
P0_mV__csv_name__matlab1,T_Amp_V5_count,12.0,12,0.0,True
P0_mV__csv_name__matlab1,T_Amp_V6,-0.11,-0.11499999999999999,0.0049999999999999906,False
P0_mV__csv_name__matlab1,T_Amp_V6_iqr,0.0575,0.06225,0.004749999999999997,False
P0_mV__csv_name__matlab1,T_Amp_V6_count,12.0,12,0.0,True
P0_mV__csv_name__matlab1,T_Amp_aVF,-0.1149999999999999,-0.11649999999999999,0.0015000000000000985,False
P0_mV__csv_name__matlab1,T_Amp_aVF_iqr,0.0425,0.048250000000000015,0.005750000000000012,False
P0_mV__csv_name__matlab1,T_Amp_aVF_count,12.0,12,0.0,True
P0_mV__csv_name__matlab1,T_Amp_aVL,0.1,0.104,0.00399999999999999,False
P0_mV__csv_name__matlab1,T_Amp_aVL_iqr,0.0424999999999999,0.037000000000000005,0.005499999999999894,False
P0_mV__csv_name__matlab1,T_Amp_aVL_count,12.0,12,0.0,True
P0_mV__csv_name__matlab1,T_Amp_aVR,-0.015,-0.014,0.0009999999999999992,False
P0_mV__csv_name__matlab1,T_Amp_aVR_iqr,0.0225,0.0225,0.0,True
P0_mV__csv_name__matlab1,T_Amp_aVR_count,12.0,12,0.0,True
P0_mV__file_name__wfdb0,P_Amp_I,0.075,0.076,0.0010000000000000009,False
P0_mV__file_name__wfdb0,P_Amp_I_iqr,0.0325,0.02875000000000001,0.0037499999999999895,False
P0_mV__file_name__wfdb0,P_Amp_I_count,12.0,12,0.0,True
P0_mV__file_name__wfdb0,P_Amp_II,0.125,0.124,0.0010000000000000009,False
P0_mV__file_name__wfdb0,P_Amp_II_iqr,0.0325,0.036000000000000004,0.003500000000000003,False
P0_mV__file_name__wfdb0,P_Amp_II_count,12.0,12,0.0,True
P0_mV__file_name__wfdb0,P_Amp_III,0.075,0.0755,0.0005000000000000004,False
P0_mV__file_name__wfdb0,P_Amp_III_iqr,0.0249999999999999,0.03325,0.008250000000000101,False
P0_mV__file_name__wfdb0,P_Amp_III_count,12.0,12,0.0,True
P0_mV__file_name__wfdb0,P_Amp_V1,-0.04,-0.04,0.0,True
P0_mV__file_name__wfdb0,P_Amp_V1_iqr,0.0025,0.019250000000000003,0.016750000000000004,False
P0_mV__file_name__wfdb0,P_Amp_V1_count,12.0,12,0.0,True
P0_mV__file_name__wfdb0,P_Amp_V2,-0.04,-0.04,0.0,True
P0_mV__file_name__wfdb0,P_Amp_V2_iqr,0.01,0.011500000000000003,0.001500000000000003,False
P0_mV__file_name__wfdb0,P_Amp_V2_count,12.0,12,0.0,True
P0_mV__file_name__wfdb0,P_Amp_V3,-0.04,-0.037500000000000006,0.0024999999999999953,False
P0_mV__file_name__wfdb0,P_Amp_V3_iqr,0.035,0.035750000000000004,0.0007500000000000007,False
P0_mV__file_name__wfdb0,P_Amp_V3_count,12.0,12,0.0,True
P0_mV__file_name__wfdb0,P_Amp_V4,0.025,0.020999999999999998,0.0040000000000000036,False
P0_mV__file_name__wfdb0,P_Amp_V4_iqr,0.0275,0.0245,0.002999999999999999,False
P0_mV__file_name__wfdb0,P_Amp_V4_count,12.0,12,0.0,True
P0_mV__file_name__wfdb0,P_Amp_V5,0.03,0.0275,0.0024999999999999988,False
P0_mV__file_name__wfdb0,P_Amp_V5_iqr,0.0375,0.038250000000000006,0.0007500000000000076,False
P0_mV__file_name__wfdb0,P_Amp_V5_count,12.0,12,0.0,True
P0_mV__file_name__wfdb0,P_Amp_V6,0.04,0.0395,0.0005000000000000004,False
P0_mV__file_name__wfdb0,P_Amp_V6_iqr,0.05,0.054000000000000006,0.0040000000000000036,False
P0_mV__file_name__wfdb0,P_Amp_V6_count,12.0,12,0.0,True
P0_mV__file_name__wfdb0,P_Amp_aVF,0.09,-0.013500000000000002,0.1035,False
P0_mV__file_name__wfdb0,P_Amp_aVF_iqr,0.0325,0.044500000000000005,0.012000000000000004,False
P0_mV__file_name__wfdb0,P_Amp_aVF_count,12.0,12,0.0,True
P0_mV__file_name__wfdb0,P_Amp_aVL,0.02,0.0725,0.05249999999999999,False
P0_mV__file_name__wfdb0,P_Amp_aVL_iqr,0.045,0.02425,0.020749999999999998,False
P0_mV__file_name__wfdb0,P_Amp_aVL_count,12.0,12,0.0,True
P0_mV__file_name__wfdb0,P_Amp_aVR,-0.095,-0.0895,0.005500000000000005,False
P0_mV__file_name__wfdb0,P_Amp_aVR_iqr,0.02,0.020500000000000004,0.0005000000000000039,False
P0_mV__file_name__wfdb0,P_Amp_aVR_count,12.0,12,0.0,True
P0_mV__file_name__wfdb0,Q_Amp_I,-0.14,-0.1585,0.01849999999999999,False
P0_mV__file_name__wfdb0,Q_Amp_I_iqr,0.0425,0.04124999999999998,0.001250000000000022,False
P0_mV__file_name__wfdb0,Q_Amp_I_count,12.0,12,0.0,True
P0_mV__file_name__wfdb0,Q_Amp_II,-0.14,-0.155,0.014999999999999986,False
P0_mV__file_name__wfdb0,Q_Amp_II_iqr,0.0325,0.037000000000000005,0.004500000000000004,False
P0_mV__file_name__wfdb0,Q_Amp_II_count,12.0,12,0.0,True
P0_mV__file_name__wfdb0,Q_Amp_III,0.06,0.060000000000000005,6.938893903907228e-18,True
P0_mV__file_name__wfdb0,Q_Amp_III_iqr,0.035,0.03825,0.003249999999999996,False
P0_mV__file_name__wfdb0,Q_Amp_III_count,12.0,12,0.0,True
P0_mV__file_name__wfdb0,Q_Amp_V1,0.2,0.1965,0.003500000000000003,False
P0_mV__file_name__wfdb0,Q_Amp_V1_iqr,0.0399999999999999,0.04799999999999999,0.00800000000000009,False
P0_mV__file_name__wfdb0,Q_Amp_V1_count,12.0,12,0.0,True
P0_mV__file_name__wfdb0,Q_Amp_V2,-0.0849999999999999,-0.0775,0.007499999999999896,False
P0_mV__file_name__wfdb0,Q_Amp_V2_iqr,0.0224999999999999,0.018000000000000016,0.0044999999999998826,False
P0_mV__file_name__wfdb0,Q_Amp_V2_count,12.0,12,0.0,True
P0_mV__file_name__wfdb0,Q_Amp_V3,-0.045,-0.041499999999999995,0.003500000000000003,False
P0_mV__file_name__wfdb0,Q_Amp_V3_iqr,0.0325,0.032,0.0005000000000000004,False
P0_mV__file_name__wfdb0,Q_Amp_V3_count,12.0,12,0.0,True
P0_mV__file_name__wfdb0,Q_Amp_V4,-0.1,-0.0925,0.007500000000000007,False
P0_mV__file_name__wfdb0,Q_Amp_V4_iqr,0.0125,0.02975,0.017249999999999998,False
P0_mV__file_name__wfdb0,Q_Amp_V4_count,12.0,12,0.0,True
P0_mV__file_name__wfdb0,Q_Amp_V5,-0.17,-0.17099999999999999,0.0009999999999999731,False
P0_mV__file_name__wfdb0,Q_Amp_V5_iqr,0.0375,0.06125,0.02375,False
P0_mV__file_name__wfdb0,Q_Amp_V5_count,12.0,12,0.0,True
P0_mV__file_name__wfdb0,Q_Amp_V6,-0.155,-0.1585,0.003500000000000003,False
P0_mV__file_name__wfdb0,Q_Amp_V6_iqr,0.0499999999999999,0.05374999999999999,0.0037500000000000935,False
P0_mV__file_name__wfdb0,Q_Amp_V6_count,12.0,12,0.0,True
P0_mV__file_name__wfdb0,Q_Amp_aVF,-0.105,0.07949999999999999,0.1845,False
P0_mV__file_name__wfdb0,Q_Amp_aVF_iqr,0.0375,0.049000000000000016,0.011500000000000017,False
P0_mV__file_name__wfdb0,Q_Amp_aVF_count,12.0,12,0.0,True
P0_mV__file_name__wfdb0,Q_Amp_aVL,-0.075,-0.048,0.026999999999999996,False
P0_mV__file_name__wfdb0,Q_Amp_aVL_iqr,0.0424999999999999,0.05225000000000001,0.009750000000000113,False
P0_mV__file_name__wfdb0,Q_Amp_aVL_count,12.0,12,0.0,True
P0_mV__file_name__wfdb0,Q_Amp_aVR,0.145,0.1475,0.0025000000000000022,False
P0_mV__file_name__wfdb0,Q_Amp_aVR_iqr,0.0325,0.018500000000000016,0.013999999999999985,False
P0_mV__file_name__wfdb0,Q_Amp_aVR_count,12.0,12,0.0,True
P0_mV__file_name__wfdb0,R_Amp_I,1.6,1.6640000000000001,0.06400000000000006,False
P0_mV__file_name__wfdb0,R_Amp_I_iqr,0.1224999999999998,0.10424999999999995,0.01824999999999985,False
P0_mV__file_name__wfdb0,R_Amp_I_count,12.0,12,0.0,True
P0_mV__file_name__wfdb0,R_Amp_II,0.975,1.025,0.04999999999999993,False
P0_mV__file_name__wfdb0,R_Amp_II_iqr,0.045,0.03650000000000009,0.00849999999999991,False
P0_mV__file_name__wfdb0,R_Amp_II_count,12.0,12,0.0,True
P0_mV__file_name__wfdb0,R_Amp_III,-0.71,-0.7030000000000001,0.006999999999999895,False
P0_mV__file_name__wfdb0,R_Amp_III_iqr,0.14,0.11849999999999994,0.021500000000000075,False
P0_mV__file_name__wfdb0,R_Amp_III_count,12.0,12,0.0,True
P0_mV__file_name__wfdb0,R_Amp_V1,-0.955,-0.957,0.0020000000000000018,False
P0_mV__file_name__wfdb0,R_Amp_V1_iqr,0.1149999999999999,0.12650000000000006,0.011500000000000163,False
P0_mV__file_name__wfdb0,R_Amp_V1_count,12.0,12,0.0,True
P0_mV__file_name__wfdb0,R_Amp_V2,0.885,0.952,0.06699999999999995,False
P0_mV__file_name__wfdb0,R_Amp_V2_iqr,0.075,0.06550000000000011,0.009499999999999884,False
P0_mV__file_name__wfdb0,R_Amp_V2_count,12.0,12,0.0,True
P0_mV__file_name__wfdb0,R_Amp_V3,1.68,1.7225000000000001,0.042500000000000204,False
P0_mV__file_name__wfdb0,R_Amp_V3_iqr,0.0949999999999999,0.125,0.030000000000000096,False
P0_mV__file_name__wfdb0,R_Amp_V3_count,12.0,12,0.0,True
P0_mV__file_name__wfdb0,R_Amp_V4,1.835,1.8965,0.06150000000000011,False
P0_mV__file_name__wfdb0,R_Amp_V4_iqr,0.1624999999999998,0.16474999999999995,0.0022500000000001408,False
P0_mV__file_name__wfdb0,R_Amp_V4_count,12.0,12,0.0,True
P0_mV__file_name__wfdb0,R_Amp_V5,1.6,1.629,0.028999999999999915,False
P0_mV__file_name__wfdb0,R_Amp_V5_iqr,0.0749999999999997,0.06350000000000011,0.011499999999999594,False
P0_mV__file_name__wfdb0,R_Amp_V5_count,12.0,12,0.0,True
P0_mV__file_name__wfdb0,R_Amp_V6,1.17,1.165,0.004999999999999893,False
P0_mV__file_name__wfdb0,R_Amp_V6_iqr,0.0524999999999999,0.06499999999999995,0.012500000000000046,False
P0_mV__file_name__wfdb0,R_Amp_V6_count,12.0,12,0.0,True
P0_mV__file_name__wfdb0,R_Amp_aVF,0.255,0.602,0.347,False
P0_mV__file_name__wfdb0,R_Amp_aVF_iqr,0.09,0.11849999999999994,0.028499999999999942,False
P0_mV__file_name__wfdb0,R_Amp_aVF_count,12.0,12,0.0,True
P0_mV__file_name__wfdb0,R_Amp_aVL,1.15,0.15799999999999997,0.992,False
P0_mV__file_name__wfdb0,R_Amp_aVL_iqr,0.1549999999999998,0.07325000000000001,0.0817499999999998,False
P0_mV__file_name__wfdb0,R_Amp_aVL_count,12.0,12,0.0,True
P0_mV__file_name__wfdb0,R_Amp_aVR,-1.3,-1.3039999999999998,0.0039999999999997815,False
P0_mV__file_name__wfdb0,R_Amp_aVR_iqr,0.09,0.023249999999999993,0.06675,False
P0_mV__file_name__wfdb0,R_Amp_aVR_count,12.0,12,0.0,True
P0_mV__file_name__wfdb0,S_Amp_I,-0.12,-0.12,0.0,True
P0_mV__file_name__wfdb0,S_Amp_I_iqr,0.0525,0.04175000000000001,0.010749999999999989,False
P0_mV__file_name__wfdb0,S_Amp_I_count,12.0,12,0.0,True
P0_mV__file_name__wfdb0,S_Amp_II,-0.0849999999999999,-0.0845,0.0004999999999998894,False
P0_mV__file_name__wfdb0,S_Amp_II_iqr,0.0375,0.03,0.0075,False
P0_mV__file_name__wfdb0,S_Amp_II_count,12.0,12,0.0,True
P0_mV__file_name__wfdb0,S_Amp_III,-0.02,-0.034,0.014000000000000002,False
P0_mV__file_name__wfdb0,S_Amp_III_iqr,0.09,0.14400000000000002,0.05400000000000002,False
P0_mV__file_name__wfdb0,S_Amp_III_count,12.0,12,0.0,True
P0_mV__file_name__wfdb0,S_Amp_V1,0.02,0.0175,0.0024999999999999988,False
P0_mV__file_name__wfdb0,S_Amp_V1_iqr,0.025,0.025500000000000005,0.0005000000000000039,False
P0_mV__file_name__wfdb0,S_Amp_V1_count,12.0,12,0.0,True
P0_mV__file_name__wfdb0,S_Amp_V2,-0.735,-0.5754999999999999,0.1595000000000001,False
P0_mV__file_name__wfdb0,S_Amp_V2_iqr,0.05,0.0675,0.0175,False
P0_mV__file_name__wfdb0,S_Amp_V2_count,12.0,12,0.0,True
P0_mV__file_name__wfdb0,S_Amp_V3,-0.325,-0.2335,0.0915,False
P0_mV__file_name__wfdb0,S_Amp_V3_iqr,0.0575,0.03200000000000003,0.025499999999999974,False
P0_mV__file_name__wfdb0,S_Amp_V3_count,12.0,12,0.0,True
P0_mV__file_name__wfdb0,S_Amp_V4,-0.13,-0.124,0.006000000000000005,False
P0_mV__file_name__wfdb0,S_Amp_V4_iqr,0.03,0.025999999999999995,0.0040000000000000036,False
P0_mV__file_name__wfdb0,S_Amp_V4_count,12.0,12,0.0,True
P0_mV__file_name__wfdb0,S_Amp_V5,-0.065,-0.0785,0.013499999999999998,False
P0_mV__file_name__wfdb0,S_Amp_V5_iqr,0.04,0.04549999999999999,0.005499999999999991,False
P0_mV__file_name__wfdb0,S_Amp_V5_count,12.0,12,0.0,True
P0_mV__file_name__wfdb0,S_Amp_V6,-0.09,-0.0845,0.005499999999999991,False
P0_mV__file_name__wfdb0,S_Amp_V6_iqr,0.0625,0.06375,0.0012500000000000011,False
P0_mV__file_name__wfdb0,S_Amp_V6_count,12.0,12,0.0,True
P0_mV__file_name__wfdb0,S_Amp_aVF,-0.065,0.018000000000000002,0.083,False
P0_mV__file_name__wfdb0,S_Amp_aVF_iqr,0.0275,0.02725,0.0002500000000000002,False
P0_mV__file_name__wfdb0,S_Amp_aVF_count,12.0,12,0.0,True
P0_mV__file_name__wfdb0,S_Amp_aVL,-0.07,-0.034,0.036000000000000004,False
P0_mV__file_name__wfdb0,S_Amp_aVL_iqr,0.0699999999999999,0.0585,0.011499999999999892,False
P0_mV__file_name__wfdb0,S_Amp_aVL_count,12.0,12,0.0,True
P0_mV__file_name__wfdb0,S_Amp_aVR,0.07,0.086,0.015999999999999986,False
P0_mV__file_name__wfdb0,S_Amp_aVR_iqr,0.035,0.028749999999999998,0.0062500000000000056,False
P0_mV__file_name__wfdb0,S_Amp_aVR_count,12.0,12,0.0,True
P0_mV__file_name__wfdb0,T_Amp_I,0.065,0.0675,0.0025000000000000022,False
P0_mV__file_name__wfdb0,T_Amp_I_iqr,0.03,0.0225,0.0075,False
P0_mV__file_name__wfdb0,T_Amp_I_count,12.0,12,0.0,True
P0_mV__file_name__wfdb0,T_Amp_II,-0.1,-0.0995,0.0005000000000000004,False
P0_mV__file_name__wfdb0,T_Amp_II_iqr,0.025,0.0295,0.004499999999999997,False
P0_mV__file_name__wfdb0,T_Amp_II_count,12.0,12,0.0,True
P0_mV__file_name__wfdb0,T_Amp_III,-0.15,-0.153,0.0030000000000000027,False
P0_mV__file_name__wfdb0,T_Amp_III_iqr,0.055,0.05875000000000001,0.0037500000000000103,False
P0_mV__file_name__wfdb0,T_Amp_III_count,12.0,12,0.0,True
P0_mV__file_name__wfdb0,T_Amp_V1,0.11,0.1105,0.0005000000000000004,False
P0_mV__file_name__wfdb0,T_Amp_V1_iqr,0.0249999999999999,0.023749999999999993,0.0012499999999999074,False
P0_mV__file_name__wfdb0,T_Amp_V1_count,12.0,12,0.0,True
P0_mV__file_name__wfdb0,T_Amp_V2,0.29,0.2885,0.0015000000000000013,False
P0_mV__file_name__wfdb0,T_Amp_V2_iqr,0.0399999999999999,0.04625000000000001,0.006250000000000117,False
P0_mV__file_name__wfdb0,T_Amp_V2_count,12.0,12,0.0,True
P0_mV__file_name__wfdb0,T_Amp_V3,0.17,0.1705,0.0005000000000000004,False
P0_mV__file_name__wfdb0,T_Amp_V3_iqr,0.0375,0.04100000000000001,0.00350000000000001,False
P0_mV__file_name__wfdb0,T_Amp_V3_count,12.0,12,0.0,True
P0_mV__file_name__wfdb0,T_Amp_V4,0.055,0.053,0.0020000000000000018,False
P0_mV__file_name__wfdb0,T_Amp_V4_iqr,0.035,0.03575,0.0007499999999999937,False
P0_mV__file_name__wfdb0,T_Amp_V4_count,12.0,12,0.0,True
P0_mV__file_name__wfdb0,T_Amp_V5,-0.115,-0.118,0.002999999999999989,False
P0_mV__file_name__wfdb0,T_Amp_V5_iqr,0.0475,0.05099999999999999,0.0034999999999999892,False
P0_mV__file_name__wfdb0,T_Amp_V5_count,12.0,12,0.0,True
P0_mV__file_name__wfdb0,T_Amp_V6,-0.11,-0.11449999999999999,0.00449999999999999,False
P0_mV__file_name__wfdb0,T_Amp_V6_iqr,0.0575,0.06675,0.009250000000000001,False
P0_mV__file_name__wfdb0,T_Amp_V6_count,12.0,12,0.0,True
P0_mV__file_name__wfdb0,T_Amp_aVF,-0.1149999999999999,0.1085,0.2234999999999999,False
P0_mV__file_name__wfdb0,T_Amp_aVF_iqr,0.0425,0.038250000000000006,0.004249999999999997,False
P0_mV__file_name__wfdb0,T_Amp_aVF_count,12.0,12,0.0,True
P0_mV__file_name__wfdb0,T_Amp_aVL,0.1,-0.10600000000000001,0.20600000000000002,False
P0_mV__file_name__wfdb0,T_Amp_aVL_iqr,0.0424999999999999,0.049,0.006500000000000103,False
P0_mV__file_name__wfdb0,T_Amp_aVL_count,12.0,12,0.0,True
P0_mV__file_name__wfdb0,T_Amp_aVR,-0.015,-0.0175,0.0025000000000000022,False
P0_mV__file_name__wfdb0,T_Amp_aVR_iqr,0.0225,0.02125,0.0012499999999999976,False
P0_mV__file_name__wfdb0,T_Amp_aVR_count,12.0,12,0.0,True
P0_mV__file_name__matlab1,P_Amp_I,0.075,0.0745,0.0005000000000000004,False
P0_mV__file_name__matlab1,P_Amp_I_iqr,0.0325,0.0295,0.0030000000000000027,False
P0_mV__file_name__matlab1,P_Amp_I_count,12.0,12,0.0,True
P0_mV__file_name__matlab1,P_Amp_II,0.125,0.1245,0.0005000000000000004,False
P0_mV__file_name__matlab1,P_Amp_II_iqr,0.0325,0.03325,0.0007500000000000007,False
P0_mV__file_name__matlab1,P_Amp_II_count,12.0,12,0.0,True
P0_mV__file_name__matlab1,P_Amp_III,0.075,0.07500000000000001,1.3877787807814457e-17,True
P0_mV__file_name__matlab1,P_Amp_III_iqr,0.0249999999999999,0.029249999999999998,0.0042500000000000974,False
P0_mV__file_name__matlab1,P_Amp_III_count,12.0,12,0.0,True
P0_mV__file_name__matlab1,P_Amp_V1,-0.04,-0.041,0.0010000000000000009,False
P0_mV__file_name__matlab1,P_Amp_V1_iqr,0.0025,0.010999999999999996,0.008499999999999995,False
P0_mV__file_name__matlab1,P_Amp_V1_count,12.0,12,0.0,True
P0_mV__file_name__matlab1,P_Amp_V2,-0.04,-0.04,0.0,True
P0_mV__file_name__matlab1,P_Amp_V2_iqr,0.01,0.012000000000000004,0.0020000000000000035,False
P0_mV__file_name__matlab1,P_Amp_V2_count,12.0,12,0.0,True
P0_mV__file_name__matlab1,P_Amp_V3,-0.04,-0.037500000000000006,0.0024999999999999953,False
P0_mV__file_name__matlab1,P_Amp_V3_iqr,0.035,0.034,0.0010000000000000009,False
P0_mV__file_name__matlab1,P_Amp_V3_count,12.0,12,0.0,True
P0_mV__file_name__matlab1,P_Amp_V4,0.025,0.0225,0.0025000000000000022,False
P0_mV__file_name__matlab1,P_Amp_V4_iqr,0.0275,0.025,0.0024999999999999988,False
P0_mV__file_name__matlab1,P_Amp_V4_count,12.0,12,0.0,True
P0_mV__file_name__matlab1,P_Amp_V5,0.03,0.027999999999999997,0.0020000000000000018,False
P0_mV__file_name__matlab1,P_Amp_V5_iqr,0.0375,0.0405,0.0030000000000000027,False
P0_mV__file_name__matlab1,P_Amp_V5_count,12.0,12,0.0,True
P0_mV__file_name__matlab1,P_Amp_V6,0.04,0.0415,0.0015000000000000013,False
P0_mV__file_name__matlab1,P_Amp_V6_iqr,0.05,0.051750000000000004,0.0017500000000000016,False
P0_mV__file_name__matlab1,P_Amp_V6_count,12.0,12,0.0,True
P0_mV__file_name__matlab1,P_Amp_aVF,0.09,-0.022,0.11199999999999999,False
P0_mV__file_name__matlab1,P_Amp_aVF_iqr,0.0325,0.04225,0.009750000000000002,False
P0_mV__file_name__matlab1,P_Amp_aVF_count,12.0,12,0.0,True
P0_mV__file_name__matlab1,P_Amp_aVL,0.02,0.0745,0.05449999999999999,False
P0_mV__file_name__matlab1,P_Amp_aVL_iqr,0.045,0.020999999999999998,0.024,False
P0_mV__file_name__matlab1,P_Amp_aVL_count,12.0,12,0.0,True
P0_mV__file_name__matlab1,P_Amp_aVR,-0.095,-0.0945,0.0005000000000000004,False
P0_mV__file_name__matlab1,P_Amp_aVR_iqr,0.02,0.0175,0.0024999999999999988,False
P0_mV__file_name__matlab1,P_Amp_aVR_count,12.0,12,0.0,True
P0_mV__file_name__matlab1,Q_Amp_I,-0.14,-0.14100000000000001,0.0010000000000000009,False
P0_mV__file_name__matlab1,Q_Amp_I_iqr,0.0425,0.03950000000000001,0.0029999999999999957,False
P0_mV__file_name__matlab1,Q_Amp_I_count,12.0,12,0.0,True
P0_mV__file_name__matlab1,Q_Amp_II,-0.14,-0.143,0.002999999999999975,False
P0_mV__file_name__matlab1,Q_Amp_II_iqr,0.0325,0.028749999999999998,0.0037500000000000033,False
P0_mV__file_name__matlab1,Q_Amp_II_count,12.0,12,0.0,True
P0_mV__file_name__matlab1,Q_Amp_III,0.06,0.059500000000000004,0.0004999999999999935,False
P0_mV__file_name__matlab1,Q_Amp_III_iqr,0.035,0.03675,0.0017499999999999946,False
P0_mV__file_name__matlab1,Q_Amp_III_count,12.0,12,0.0,True
P0_mV__file_name__matlab1,Q_Amp_V1,0.2,0.202,0.0020000000000000018,False
P0_mV__file_name__matlab1,Q_Amp_V1_iqr,0.0399999999999999,0.037750000000000006,0.002249999999999891,False
P0_mV__file_name__matlab1,Q_Amp_V1_count,12.0,12,0.0,True
P0_mV__file_name__matlab1,Q_Amp_V2,-0.0849999999999999,-0.0825,0.002499999999999891,False
P0_mV__file_name__matlab1,Q_Amp_V2_iqr,0.0224999999999999,0.01575,0.0067499999999998984,False
P0_mV__file_name__matlab1,Q_Amp_V2_count,12.0,12,0.0,True
P0_mV__file_name__matlab1,Q_Amp_V3,-0.045,-0.0475,0.0025000000000000022,False
P0_mV__file_name__matlab1,Q_Amp_V3_iqr,0.0325,0.0325,0.0,True
P0_mV__file_name__matlab1,Q_Amp_V3_count,12.0,12,0.0,True
P0_mV__file_name__matlab1,Q_Amp_V4,-0.1,-0.0985,0.0015000000000000013,False
P0_mV__file_name__matlab1,Q_Amp_V4_iqr,0.0125,0.01625,0.00375,False
P0_mV__file_name__matlab1,Q_Amp_V4_count,12.0,12,0.0,True
P0_mV__file_name__matlab1,Q_Amp_V5,-0.17,-0.17099999999999999,0.0009999999999999731,False
P0_mV__file_name__matlab1,Q_Amp_V5_iqr,0.0375,0.03875000000000001,0.001250000000000008,False
P0_mV__file_name__matlab1,Q_Amp_V5_count,12.0,12,0.0,True
P0_mV__file_name__matlab1,Q_Amp_V6,-0.155,-0.1535,0.0015000000000000013,False
P0_mV__file_name__matlab1,Q_Amp_V6_iqr,0.0499999999999999,0.05224999999999999,0.002250000000000092,False
P0_mV__file_name__matlab1,Q_Amp_V6_count,12.0,12,0.0,True
P0_mV__file_name__matlab1,Q_Amp_aVF,-0.105,0.019,0.124,False
P0_mV__file_name__matlab1,Q_Amp_aVF_iqr,0.0375,0.04925,0.011750000000000003,False
P0_mV__file_name__matlab1,Q_Amp_aVF_count,12.0,12,0.0,True
P0_mV__file_name__matlab1,Q_Amp_aVL,-0.075,-0.04,0.034999999999999996,False
P0_mV__file_name__matlab1,Q_Amp_aVL_iqr,0.0424999999999999,0.04525,0.0027500000000000996,False
P0_mV__file_name__matlab1,Q_Amp_aVL_count,12.0,12,0.0,True
P0_mV__file_name__matlab1,Q_Amp_aVR,0.145,0.14100000000000001,0.003999999999999976,False
P0_mV__file_name__matlab1,Q_Amp_aVR_iqr,0.0325,0.026749999999999996,0.005750000000000005,False
P0_mV__file_name__matlab1,Q_Amp_aVR_count,12.0,12,0.0,True
P0_mV__file_name__matlab1,R_Amp_I,1.6,1.5990000000000002,0.0009999999999998899,False
P0_mV__file_name__matlab1,R_Amp_I_iqr,0.1224999999999998,0.1217499999999998,0.0007500000000000007,False
P0_mV__file_name__matlab1,R_Amp_I_count,12.0,12,0.0,True
P0_mV__file_name__matlab1,R_Amp_II,0.975,0.9784999999999999,0.0034999999999999476,False
P0_mV__file_name__matlab1,R_Amp_II_iqr,0.045,0.04375000000000007,0.0012499999999999317,False
P0_mV__file_name__matlab1,R_Amp_II_count,12.0,12,0.0,True
P0_mV__file_name__matlab1,R_Amp_III,-0.71,-0.7075,0.0024999999999999467,False
P0_mV__file_name__matlab1,R_Amp_III_iqr,0.14,0.13249999999999995,0.007500000000000062,False
P0_mV__file_name__matlab1,R_Amp_III_count,12.0,12,0.0,True
P0_mV__file_name__matlab1,R_Amp_V1,-0.955,-0.9525,0.0024999999999999467,False
P0_mV__file_name__matlab1,R_Amp_V1_iqr,0.1149999999999999,0.11649999999999994,0.001500000000000043,False
P0_mV__file_name__matlab1,R_Amp_V1_count,12.0,12,0.0,True
P0_mV__file_name__matlab1,R_Amp_V2,0.885,0.8835,0.0015000000000000568,False
P0_mV__file_name__matlab1,R_Amp_V2_iqr,0.075,0.07250000000000001,0.0024999999999999883,False
P0_mV__file_name__matlab1,R_Amp_V2_count,12.0,12,0.0,True
P0_mV__file_name__matlab1,R_Amp_V3,1.68,1.681,0.001000000000000112,False
P0_mV__file_name__matlab1,R_Amp_V3_iqr,0.0949999999999999,0.10150000000000015,0.006500000000000242,False
P0_mV__file_name__matlab1,R_Amp_V3_count,12.0,12,0.0,True
P0_mV__file_name__matlab1,R_Amp_V4,1.835,1.8395000000000001,0.0045000000000001705,False
P0_mV__file_name__matlab1,R_Amp_V4_iqr,0.1624999999999998,0.15549999999999997,0.00699999999999984,False
P0_mV__file_name__matlab1,R_Amp_V4_count,12.0,12,0.0,True
P0_mV__file_name__matlab1,R_Amp_V5,1.6,1.5985,0.0015000000000000568,False
P0_mV__file_name__matlab1,R_Amp_V5_iqr,0.0749999999999997,0.07124999999999981,0.0037499999999998923,False
P0_mV__file_name__matlab1,R_Amp_V5_count,12.0,12,0.0,True
P0_mV__file_name__matlab1,R_Amp_V6,1.17,1.172,0.0020000000000000018,False
P0_mV__file_name__matlab1,R_Amp_V6_iqr,0.0524999999999999,0.052000000000000046,0.0004999999999998547,False
P0_mV__file_name__matlab1,R_Amp_V6_count,12.0,12,0.0,True
P0_mV__file_name__matlab1,R_Amp_aVF,0.255,0.7585,0.5035,False
P0_mV__file_name__matlab1,R_Amp_aVF_iqr,0.09,0.1362500000000001,0.0462500000000001,False
P0_mV__file_name__matlab1,R_Amp_aVF_count,12.0,12,0.0,True
P0_mV__file_name__matlab1,R_Amp_aVL,1.15,0.0885,1.0614999999999999,False
P0_mV__file_name__matlab1,R_Amp_aVL_iqr,0.1549999999999998,0.07925000000000001,0.07574999999999979,False
P0_mV__file_name__matlab1,R_Amp_aVL_count,12.0,12,0.0,True
P0_mV__file_name__matlab1,R_Amp_aVR,-1.3,-1.3010000000000002,0.001000000000000112,False
P0_mV__file_name__matlab1,R_Amp_aVR_iqr,0.09,0.09274999999999989,0.0027499999999998914,False
P0_mV__file_name__matlab1,R_Amp_aVR_count,12.0,12,0.0,True
P0_mV__file_name__matlab1,S_Amp_I,-0.12,-0.12,0.0,True
P0_mV__file_name__matlab1,S_Amp_I_iqr,0.0525,0.0505,0.001999999999999995,False
P0_mV__file_name__matlab1,S_Amp_I_count,12.0,12,0.0,True
P0_mV__file_name__matlab1,S_Amp_II,-0.0849999999999999,-0.0815,0.003499999999999892,False
P0_mV__file_name__matlab1,S_Amp_II_iqr,0.0375,0.031,0.006499999999999999,False
P0_mV__file_name__matlab1,S_Amp_II_count,12.0,12,0.0,True
P0_mV__file_name__matlab1,S_Amp_III,-0.02,-0.0225,0.0024999999999999988,False
P0_mV__file_name__matlab1,S_Amp_III_iqr,0.09,0.09525,0.005250000000000005,False
P0_mV__file_name__matlab1,S_Amp_III_count,12.0,12,0.0,True
P0_mV__file_name__matlab1,S_Amp_V1,0.02,0.018000000000000002,0.0019999999999999983,False
P0_mV__file_name__matlab1,S_Amp_V1_iqr,0.025,0.025750000000000002,0.0007500000000000007,False
P0_mV__file_name__matlab1,S_Amp_V1_count,12.0,12,0.0,True
P0_mV__file_name__matlab1,S_Amp_V2,-0.735,-0.7335,0.0014999999999999458,False
P0_mV__file_name__matlab1,S_Amp_V2_iqr,0.05,0.05499999999999994,0.004999999999999935,False
P0_mV__file_name__matlab1,S_Amp_V2_count,12.0,12,0.0,True
P0_mV__file_name__matlab1,S_Amp_V3,-0.325,-0.323,0.0020000000000000018,False
P0_mV__file_name__matlab1,S_Amp_V3_iqr,0.0575,0.05924999999999997,0.0017499999999999669,False
P0_mV__file_name__matlab1,S_Amp_V3_count,12.0,12,0.0,True
P0_mV__file_name__matlab1,S_Amp_V4,-0.13,-0.1285,0.0015000000000000013,False
P0_mV__file_name__matlab1,S_Amp_V4_iqr,0.03,0.026249999999999996,0.0037500000000000033,False
P0_mV__file_name__matlab1,S_Amp_V4_count,12.0,12,0.0,True
P0_mV__file_name__matlab1,S_Amp_V5,-0.065,-0.061,0.0040000000000000036,False
P0_mV__file_name__matlab1,S_Amp_V5_iqr,0.04,0.0375,0.0025000000000000022,False
P0_mV__file_name__matlab1,S_Amp_V5_count,12.0,12,0.0,True
P0_mV__file_name__matlab1,S_Amp_V6,-0.09,-0.086,0.0040000000000000036,False
P0_mV__file_name__matlab1,S_Amp_V6_iqr,0.0625,0.0675,0.0050000000000000044,False
P0_mV__file_name__matlab1,S_Amp_V6_count,12.0,12,0.0,True
P0_mV__file_name__matlab1,S_Amp_aVF,-0.065,0.0325,0.0975,False
P0_mV__file_name__matlab1,S_Amp_aVF_iqr,0.0275,0.03025,0.002749999999999999,False
P0_mV__file_name__matlab1,S_Amp_aVF_count,12.0,12,0.0,True
P0_mV__file_name__matlab1,S_Amp_aVL,-0.07,-0.032,0.038000000000000006,False
P0_mV__file_name__matlab1,S_Amp_aVL_iqr,0.0699999999999999,0.0625,0.007499999999999896,False
P0_mV__file_name__matlab1,S_Amp_aVL_count,12.0,12,0.0,True
P0_mV__file_name__matlab1,S_Amp_aVR,0.07,0.07050000000000001,0.0005000000000000004,False
P0_mV__file_name__matlab1,S_Amp_aVR_iqr,0.035,0.036000000000000004,0.0010000000000000009,False
P0_mV__file_name__matlab1,S_Amp_aVR_count,12.0,12,0.0,True
P0_mV__file_name__matlab1,T_Amp_I,0.065,0.066,0.0010000000000000009,False
P0_mV__file_name__matlab1,T_Amp_I_iqr,0.03,0.03075,0.0007500000000000007,False
P0_mV__file_name__matlab1,T_Amp_I_count,12.0,12,0.0,True
P0_mV__file_name__matlab1,T_Amp_II,-0.1,-0.1015,0.0015000000000000013,False
P0_mV__file_name__matlab1,T_Amp_II_iqr,0.025,0.028749999999999998,0.0037499999999999964,False
P0_mV__file_name__matlab1,T_Amp_II_count,12.0,12,0.0,True
P0_mV__file_name__matlab1,T_Amp_III,-0.15,-0.1525,0.0025000000000000022,False
P0_mV__file_name__matlab1,T_Amp_III_iqr,0.055,0.05700000000000001,0.0020000000000000087,False
P0_mV__file_name__matlab1,T_Amp_III_count,12.0,12,0.0,True
P0_mV__file_name__matlab1,T_Amp_V1,0.11,0.11,0.0,True
P0_mV__file_name__matlab1,T_Amp_V1_iqr,0.0249999999999999,0.023499999999999993,0.0014999999999999077,False
P0_mV__file_name__matlab1,T_Amp_V1_count,12.0,12,0.0,True
P0_mV__file_name__matlab1,T_Amp_V2,0.29,0.2905,0.0005000000000000004,False
P0_mV__file_name__matlab1,T_Amp_V2_iqr,0.0399999999999999,0.04574999999999996,0.005750000000000061,False
P0_mV__file_name__matlab1,T_Amp_V2_count,12.0,12,0.0,True
P0_mV__file_name__matlab1,T_Amp_V3,0.17,0.174,0.003999999999999976,False
P0_mV__file_name__matlab1,T_Amp_V3_iqr,0.0375,0.04025000000000001,0.0027500000000000094,False
P0_mV__file_name__matlab1,T_Amp_V3_count,12.0,12,0.0,True
P0_mV__file_name__matlab1,T_Amp_V4,0.055,0.0545,0.0005000000000000004,False
P0_mV__file_name__matlab1,T_Amp_V4_iqr,0.035,0.036500000000000005,0.0015000000000000013,False
P0_mV__file_name__matlab1,T_Amp_V4_count,12.0,12,0.0,True
P0_mV__file_name__matlab1,T_Amp_V5,-0.115,-0.119,0.00399999999999999,False
P0_mV__file_name__matlab1,T_Amp_V5_iqr,0.0475,0.05499999999999999,0.007499999999999993,False
P0_mV__file_name__matlab1,T_Amp_V5_count,12.0,12,0.0,True
P0_mV__file_name__matlab1,T_Amp_V6,-0.11,-0.11499999999999999,0.0049999999999999906,False
P0_mV__file_name__matlab1,T_Amp_V6_iqr,0.0575,0.06225,0.004749999999999997,False
P0_mV__file_name__matlab1,T_Amp_V6_count,12.0,12,0.0,True
P0_mV__file_name__matlab1,T_Amp_aVF,-0.1149999999999999,0.1085,0.2234999999999999,False
P0_mV__file_name__matlab1,T_Amp_aVF_iqr,0.0425,0.029250000000000012,0.013249999999999991,False
P0_mV__file_name__matlab1,T_Amp_aVF_count,12.0,12,0.0,True
P0_mV__file_name__matlab1,T_Amp_aVL,0.1,-0.1115,0.21150000000000002,False
P0_mV__file_name__matlab1,T_Amp_aVL_iqr,0.0424999999999999,0.04825,0.005750000000000102,False
P0_mV__file_name__matlab1,T_Amp_aVL_count,12.0,12,0.0,True
P0_mV__file_name__matlab1,T_Amp_aVR,-0.015,-0.014,0.0009999999999999992,False
P0_mV__file_name__matlab1,T_Amp_aVR_iqr,0.0225,0.0225,0.0,True
P0_mV__file_name__matlab1,T_Amp_aVR_count,12.0,12,0.0,True
P0_ADC__csv_name__wfdb0,P_Amp_I,0.075,76.0,75.925,False
P0_ADC__csv_name__wfdb0,P_Amp_I_iqr,0.0325,28.75,28.7175,False
P0_ADC__csv_name__wfdb0,P_Amp_I_count,12.0,12,0.0,True
P0_ADC__csv_name__wfdb0,P_Amp_II,0.125,124.0,123.875,False
P0_ADC__csv_name__wfdb0,P_Amp_II_iqr,0.0325,36.0,35.9675,False
P0_ADC__csv_name__wfdb0,P_Amp_II_count,12.0,12,0.0,True
P0_ADC__csv_name__wfdb0,P_Amp_III,0.075,75.5,75.425,False
P0_ADC__csv_name__wfdb0,P_Amp_III_iqr,0.0249999999999999,33.25,33.225,False
P0_ADC__csv_name__wfdb0,P_Amp_III_count,12.0,12,0.0,True
P0_ADC__csv_name__wfdb0,P_Amp_V1,-0.04,-40.0,39.96,False
P0_ADC__csv_name__wfdb0,P_Amp_V1_iqr,0.0025,19.25,19.2475,False
P0_ADC__csv_name__wfdb0,P_Amp_V1_count,12.0,12,0.0,True
P0_ADC__csv_name__wfdb0,P_Amp_V2,-0.04,-40.0,39.96,False
P0_ADC__csv_name__wfdb0,P_Amp_V2_iqr,0.01,11.5,11.49,False
P0_ADC__csv_name__wfdb0,P_Amp_V2_count,12.0,12,0.0,True
P0_ADC__csv_name__wfdb0,P_Amp_V3,-0.04,-37.5,37.46,False
P0_ADC__csv_name__wfdb0,P_Amp_V3_iqr,0.035,35.75,35.715,False
P0_ADC__csv_name__wfdb0,P_Amp_V3_count,12.0,12,0.0,True
P0_ADC__csv_name__wfdb0,P_Amp_V4,0.025,21.0,20.975,False
P0_ADC__csv_name__wfdb0,P_Amp_V4_iqr,0.0275,24.5,24.4725,False
P0_ADC__csv_name__wfdb0,P_Amp_V4_count,12.0,12,0.0,True
P0_ADC__csv_name__wfdb0,P_Amp_V5,0.03,27.5,27.47,False
P0_ADC__csv_name__wfdb0,P_Amp_V5_iqr,0.0375,38.25,38.2125,False
P0_ADC__csv_name__wfdb0,P_Amp_V5_count,12.0,12,0.0,True
P0_ADC__csv_name__wfdb0,P_Amp_V6,0.04,39.5,39.46,False
P0_ADC__csv_name__wfdb0,P_Amp_V6_iqr,0.05,54.0,53.95,False
P0_ADC__csv_name__wfdb0,P_Amp_V6_count,12.0,12,0.0,True
P0_ADC__csv_name__wfdb0,P_Amp_aVF,0.09,93.5,93.41,False
P0_ADC__csv_name__wfdb0,P_Amp_aVF_iqr,0.0325,22.25,22.2175,False
P0_ADC__csv_name__wfdb0,P_Amp_aVF_count,12.0,12,0.0,True
P0_ADC__csv_name__wfdb0,P_Amp_aVL,0.02,18.5,18.48,False
P0_ADC__csv_name__wfdb0,P_Amp_aVL_iqr,0.045,44.5,44.455,False
P0_ADC__csv_name__wfdb0,P_Amp_aVL_count,12.0,12,0.0,True
P0_ADC__csv_name__wfdb0,P_Amp_aVR,-0.095,-89.5,89.405,False
P0_ADC__csv_name__wfdb0,P_Amp_aVR_iqr,0.02,20.5,20.48,False
P0_ADC__csv_name__wfdb0,P_Amp_aVR_count,12.0,12,0.0,True
P0_ADC__csv_name__wfdb0,Q_Amp_I,-0.14,-158.5,158.36,False
P0_ADC__csv_name__wfdb0,Q_Amp_I_iqr,0.0425,41.25,41.2075,False
P0_ADC__csv_name__wfdb0,Q_Amp_I_count,12.0,12,0.0,True
P0_ADC__csv_name__wfdb0,Q_Amp_II,-0.14,-155.0,154.86,False
P0_ADC__csv_name__wfdb0,Q_Amp_II_iqr,0.0325,37.0,36.9675,False
P0_ADC__csv_name__wfdb0,Q_Amp_II_count,12.0,12,0.0,True
P0_ADC__csv_name__wfdb0,Q_Amp_III,0.06,60.0,59.94,False
P0_ADC__csv_name__wfdb0,Q_Amp_III_iqr,0.035,38.25,38.215,False
P0_ADC__csv_name__wfdb0,Q_Amp_III_count,12.0,12,0.0,True
P0_ADC__csv_name__wfdb0,Q_Amp_V1,0.2,196.5,196.3,False
P0_ADC__csv_name__wfdb0,Q_Amp_V1_iqr,0.0399999999999999,48.0,47.96,False
P0_ADC__csv_name__wfdb0,Q_Amp_V1_count,12.0,12,0.0,True
P0_ADC__csv_name__wfdb0,Q_Amp_V2,-0.0849999999999999,-77.5,77.415,False
P0_ADC__csv_name__wfdb0,Q_Amp_V2_iqr,0.0224999999999999,18.0,17.9775,False
P0_ADC__csv_name__wfdb0,Q_Amp_V2_count,12.0,12,0.0,True
P0_ADC__csv_name__wfdb0,Q_Amp_V3,-0.045,-41.5,41.455,False
P0_ADC__csv_name__wfdb0,Q_Amp_V3_iqr,0.0325,32.0,31.9675,False
P0_ADC__csv_name__wfdb0,Q_Amp_V3_count,12.0,12,0.0,True
P0_ADC__csv_name__wfdb0,Q_Amp_V4,-0.1,-92.5,92.4,False
P0_ADC__csv_name__wfdb0,Q_Amp_V4_iqr,0.0125,29.75,29.7375,False
P0_ADC__csv_name__wfdb0,Q_Amp_V4_count,12.0,12,0.0,True
P0_ADC__csv_name__wfdb0,Q_Amp_V5,-0.17,-171.0,170.83,False
P0_ADC__csv_name__wfdb0,Q_Amp_V5_iqr,0.0375,61.25,61.2125,False
P0_ADC__csv_name__wfdb0,Q_Amp_V5_count,12.0,12,0.0,True
P0_ADC__csv_name__wfdb0,Q_Amp_V6,-0.155,-158.5,158.345,False
P0_ADC__csv_name__wfdb0,Q_Amp_V6_iqr,0.0499999999999999,53.75,53.7,False
P0_ADC__csv_name__wfdb0,Q_Amp_V6_count,12.0,12,0.0,True
P0_ADC__csv_name__wfdb0,Q_Amp_aVF,-0.105,-121.0,120.895,False
P0_ADC__csv_name__wfdb0,Q_Amp_aVF_iqr,0.0375,44.0,43.9625,False
P0_ADC__csv_name__wfdb0,Q_Amp_aVF_count,12.0,12,0.0,True
P0_ADC__csv_name__wfdb0,Q_Amp_aVL,-0.075,-81.5,81.425,False
P0_ADC__csv_name__wfdb0,Q_Amp_aVL_iqr,0.0424999999999999,51.5,51.4575,False
P0_ADC__csv_name__wfdb0,Q_Amp_aVL_count,12.0,12,0.0,True
P0_ADC__csv_name__wfdb0,Q_Amp_aVR,0.145,147.5,147.355,False
P0_ADC__csv_name__wfdb0,Q_Amp_aVR_iqr,0.0325,18.5,18.4675,False
P0_ADC__csv_name__wfdb0,Q_Amp_aVR_count,12.0,12,0.0,True
P0_ADC__csv_name__wfdb0,R_Amp_I,1.6,1664.0,1662.4,False
P0_ADC__csv_name__wfdb0,R_Amp_I_iqr,0.1224999999999998,104.25,104.1275,False
P0_ADC__csv_name__wfdb0,R_Amp_I_count,12.0,12,0.0,True
P0_ADC__csv_name__wfdb0,R_Amp_II,0.975,1025.0,1024.025,False
P0_ADC__csv_name__wfdb0,R_Amp_II_iqr,0.045,36.5,36.455,False
P0_ADC__csv_name__wfdb0,R_Amp_II_count,12.0,12,0.0,True
P0_ADC__csv_name__wfdb0,R_Amp_III,-0.71,-703.0,702.29,False
P0_ADC__csv_name__wfdb0,R_Amp_III_iqr,0.14,118.5,118.36,False
P0_ADC__csv_name__wfdb0,R_Amp_III_count,12.0,12,0.0,True
P0_ADC__csv_name__wfdb0,R_Amp_V1,-0.955,-957.0,956.045,False
P0_ADC__csv_name__wfdb0,R_Amp_V1_iqr,0.1149999999999999,126.5,126.385,False
P0_ADC__csv_name__wfdb0,R_Amp_V1_count,12.0,12,0.0,True
P0_ADC__csv_name__wfdb0,R_Amp_V2,0.885,952.0,951.115,False
P0_ADC__csv_name__wfdb0,R_Amp_V2_iqr,0.075,65.5,65.425,False
P0_ADC__csv_name__wfdb0,R_Amp_V2_count,12.0,12,0.0,True
P0_ADC__csv_name__wfdb0,R_Amp_V3,1.68,1722.5,1720.82,False
P0_ADC__csv_name__wfdb0,R_Amp_V3_iqr,0.0949999999999999,125.0,124.905,False
P0_ADC__csv_name__wfdb0,R_Amp_V3_count,12.0,12,0.0,True
P0_ADC__csv_name__wfdb0,R_Amp_V4,1.835,1896.5,1894.665,False
P0_ADC__csv_name__wfdb0,R_Amp_V4_iqr,0.1624999999999998,164.75,164.5875,False
P0_ADC__csv_name__wfdb0,R_Amp_V4_count,12.0,12,0.0,True
P0_ADC__csv_name__wfdb0,R_Amp_V5,1.6,1629.0,1627.4,False
P0_ADC__csv_name__wfdb0,R_Amp_V5_iqr,0.0749999999999997,63.5,63.425,False
P0_ADC__csv_name__wfdb0,R_Amp_V5_count,12.0,12,0.0,True
P0_ADC__csv_name__wfdb0,R_Amp_V6,1.17,1165.0,1163.83,False
P0_ADC__csv_name__wfdb0,R_Amp_V6_iqr,0.0524999999999999,65.0,64.9475,False
P0_ADC__csv_name__wfdb0,R_Amp_V6_count,12.0,12,0.0,True
P0_ADC__csv_name__wfdb0,R_Amp_aVF,0.255,233.0,232.745,False
P0_ADC__csv_name__wfdb0,R_Amp_aVF_iqr,0.09,89.5,89.41,False
P0_ADC__csv_name__wfdb0,R_Amp_aVF_count,12.0,12,0.0,True
P0_ADC__csv_name__wfdb0,R_Amp_aVL,1.15,1159.5,1158.35,False
P0_ADC__csv_name__wfdb0,R_Amp_aVL_iqr,0.1549999999999998,102.5,102.345,False
P0_ADC__csv_name__wfdb0,R_Amp_aVL_count,12.0,12,0.0,True
P0_ADC__csv_name__wfdb0,R_Amp_aVR,-1.3,-1304.0,1302.7,False
P0_ADC__csv_name__wfdb0,R_Amp_aVR_iqr,0.09,23.25,23.16,False
P0_ADC__csv_name__wfdb0,R_Amp_aVR_count,12.0,12,0.0,True
P0_ADC__csv_name__wfdb0,S_Amp_I,-0.12,-120.0,119.88,False
P0_ADC__csv_name__wfdb0,S_Amp_I_iqr,0.0525,41.75,41.6975,False
P0_ADC__csv_name__wfdb0,S_Amp_I_count,12.0,12,0.0,True
P0_ADC__csv_name__wfdb0,S_Amp_II,-0.0849999999999999,-84.5,84.415,False
P0_ADC__csv_name__wfdb0,S_Amp_II_iqr,0.0375,30.0,29.9625,False
P0_ADC__csv_name__wfdb0,S_Amp_II_count,12.0,12,0.0,True
P0_ADC__csv_name__wfdb0,S_Amp_III,-0.02,-34.0,33.98,False
P0_ADC__csv_name__wfdb0,S_Amp_III_iqr,0.09,144.0,143.91,False
P0_ADC__csv_name__wfdb0,S_Amp_III_count,12.0,12,0.0,True
P0_ADC__csv_name__wfdb0,S_Amp_V1,0.02,17.5,17.48,False
P0_ADC__csv_name__wfdb0,S_Amp_V1_iqr,0.025,25.5,25.475,False
P0_ADC__csv_name__wfdb0,S_Amp_V1_count,12.0,12,0.0,True
P0_ADC__csv_name__wfdb0,S_Amp_V2,-0.735,-575.5,574.765,False
P0_ADC__csv_name__wfdb0,S_Amp_V2_iqr,0.05,67.5,67.45,False
P0_ADC__csv_name__wfdb0,S_Amp_V2_count,12.0,12,0.0,True
P0_ADC__csv_name__wfdb0,S_Amp_V3,-0.325,-233.5,233.175,False
P0_ADC__csv_name__wfdb0,S_Amp_V3_iqr,0.0575,32.0,31.9425,False
P0_ADC__csv_name__wfdb0,S_Amp_V3_count,12.0,12,0.0,True
P0_ADC__csv_name__wfdb0,S_Amp_V4,-0.13,-124.0,123.87,False
P0_ADC__csv_name__wfdb0,S_Amp_V4_iqr,0.03,26.0,25.97,False
P0_ADC__csv_name__wfdb0,S_Amp_V4_count,12.0,12,0.0,True
P0_ADC__csv_name__wfdb0,S_Amp_V5,-0.065,-78.5,78.435,False
P0_ADC__csv_name__wfdb0,S_Amp_V5_iqr,0.04,45.5,45.46,False
P0_ADC__csv_name__wfdb0,S_Amp_V5_count,12.0,12,0.0,True
P0_ADC__csv_name__wfdb0,S_Amp_V6,-0.09,-84.5,84.41,False
P0_ADC__csv_name__wfdb0,S_Amp_V6_iqr,0.0625,63.75,63.6875,False
P0_ADC__csv_name__wfdb0,S_Amp_V6_count,12.0,12,0.0,True
P0_ADC__csv_name__wfdb0,S_Amp_aVF,-0.065,-63.5,63.435,False
P0_ADC__csv_name__wfdb0,S_Amp_aVF_iqr,0.0275,38.5,38.4725,False
P0_ADC__csv_name__wfdb0,S_Amp_aVF_count,12.0,12,0.0,True
P0_ADC__csv_name__wfdb0,S_Amp_aVL,-0.07,-71.5,71.43,False
P0_ADC__csv_name__wfdb0,S_Amp_aVL_iqr,0.0699999999999999,66.75,66.68,False
P0_ADC__csv_name__wfdb0,S_Amp_aVL_count,12.0,12,0.0,True
P0_ADC__csv_name__wfdb0,S_Amp_aVR,0.07,86.0,85.93,False
P0_ADC__csv_name__wfdb0,S_Amp_aVR_iqr,0.035,28.75,28.715,False
P0_ADC__csv_name__wfdb0,S_Amp_aVR_count,12.0,12,0.0,True
P0_ADC__csv_name__wfdb0,T_Amp_I,0.065,67.5,67.435,False
P0_ADC__csv_name__wfdb0,T_Amp_I_iqr,0.03,22.5,22.47,False
P0_ADC__csv_name__wfdb0,T_Amp_I_count,12.0,12,0.0,True
P0_ADC__csv_name__wfdb0,T_Amp_II,-0.1,-99.5,99.4,False
P0_ADC__csv_name__wfdb0,T_Amp_II_iqr,0.025,29.5,29.475,False
P0_ADC__csv_name__wfdb0,T_Amp_II_count,12.0,12,0.0,True
P0_ADC__csv_name__wfdb0,T_Amp_III,-0.15,-153.0,152.85,False
P0_ADC__csv_name__wfdb0,T_Amp_III_iqr,0.055,58.75,58.695,False
P0_ADC__csv_name__wfdb0,T_Amp_III_count,12.0,12,0.0,True
P0_ADC__csv_name__wfdb0,T_Amp_V1,0.11,110.5,110.39,False
P0_ADC__csv_name__wfdb0,T_Amp_V1_iqr,0.0249999999999999,23.75,23.725,False
P0_ADC__csv_name__wfdb0,T_Amp_V1_count,12.0,12,0.0,True
P0_ADC__csv_name__wfdb0,T_Amp_V2,0.29,288.5,288.21,False
P0_ADC__csv_name__wfdb0,T_Amp_V2_iqr,0.0399999999999999,46.25,46.21,False
P0_ADC__csv_name__wfdb0,T_Amp_V2_count,12.0,12,0.0,True
P0_ADC__csv_name__wfdb0,T_Amp_V3,0.17,170.5,170.33,False
P0_ADC__csv_name__wfdb0,T_Amp_V3_iqr,0.0375,41.0,40.9625,False
P0_ADC__csv_name__wfdb0,T_Amp_V3_count,12.0,12,0.0,True
P0_ADC__csv_name__wfdb0,T_Amp_V4,0.055,53.0,52.945,False
P0_ADC__csv_name__wfdb0,T_Amp_V4_iqr,0.035,35.75,35.715,False
P0_ADC__csv_name__wfdb0,T_Amp_V4_count,12.0,12,0.0,True
P0_ADC__csv_name__wfdb0,T_Amp_V5,-0.115,-118.0,117.885,False
P0_ADC__csv_name__wfdb0,T_Amp_V5_iqr,0.0475,51.0,50.9525,False
P0_ADC__csv_name__wfdb0,T_Amp_V5_count,12.0,12,0.0,True
P0_ADC__csv_name__wfdb0,T_Amp_V6,-0.11,-114.5,114.39,False
P0_ADC__csv_name__wfdb0,T_Amp_V6_iqr,0.0575,66.75,66.6925,False
P0_ADC__csv_name__wfdb0,T_Amp_V6_count,12.0,12,0.0,True
P0_ADC__csv_name__wfdb0,T_Amp_aVF,-0.1149999999999999,-117.5,117.385,False
P0_ADC__csv_name__wfdb0,T_Amp_aVF_iqr,0.0425,47.0,46.9575,False
P0_ADC__csv_name__wfdb0,T_Amp_aVF_count,12.0,12,0.0,True
P0_ADC__csv_name__wfdb0,T_Amp_aVL,0.1,105.0,104.9,False
P0_ADC__csv_name__wfdb0,T_Amp_aVL_iqr,0.0424999999999999,36.0,35.9575,False
P0_ADC__csv_name__wfdb0,T_Amp_aVL_count,12.0,12,0.0,True
P0_ADC__csv_name__wfdb0,T_Amp_aVR,-0.015,-17.5,17.485,False
P0_ADC__csv_name__wfdb0,T_Amp_aVR_iqr,0.0225,21.25,21.2275,False
P0_ADC__csv_name__wfdb0,T_Amp_aVR_count,12.0,12,0.0,True
P0_ADC__csv_name__matlab1,P_Amp_I,0.075,74.5,74.425,False
P0_ADC__csv_name__matlab1,P_Amp_I_iqr,0.0325,29.5,29.4675,False
P0_ADC__csv_name__matlab1,P_Amp_I_count,12.0,12,0.0,True
P0_ADC__csv_name__matlab1,P_Amp_II,0.125,124.5,124.375,False
P0_ADC__csv_name__matlab1,P_Amp_II_iqr,0.0325,33.25,33.2175,False
P0_ADC__csv_name__matlab1,P_Amp_II_count,12.0,12,0.0,True
P0_ADC__csv_name__matlab1,P_Amp_III,0.075,75.0,74.925,False
P0_ADC__csv_name__matlab1,P_Amp_III_iqr,0.0249999999999999,29.25,29.225,False
P0_ADC__csv_name__matlab1,P_Amp_III_count,12.0,12,0.0,True
P0_ADC__csv_name__matlab1,P_Amp_V1,-0.04,-41.0,40.96,False
P0_ADC__csv_name__matlab1,P_Amp_V1_iqr,0.0025,11.0,10.9975,False
P0_ADC__csv_name__matlab1,P_Amp_V1_count,12.0,12,0.0,True
P0_ADC__csv_name__matlab1,P_Amp_V2,-0.04,-40.0,39.96,False
P0_ADC__csv_name__matlab1,P_Amp_V2_iqr,0.01,12.0,11.99,False
P0_ADC__csv_name__matlab1,P_Amp_V2_count,12.0,12,0.0,True
P0_ADC__csv_name__matlab1,P_Amp_V3,-0.04,-37.5,37.46,False
P0_ADC__csv_name__matlab1,P_Amp_V3_iqr,0.035,34.0,33.965,False
P0_ADC__csv_name__matlab1,P_Amp_V3_count,12.0,12,0.0,True
P0_ADC__csv_name__matlab1,P_Amp_V4,0.025,22.5,22.475,False
P0_ADC__csv_name__matlab1,P_Amp_V4_iqr,0.0275,25.0,24.9725,False
P0_ADC__csv_name__matlab1,P_Amp_V4_count,12.0,12,0.0,True
P0_ADC__csv_name__matlab1,P_Amp_V5,0.03,28.0,27.97,False
P0_ADC__csv_name__matlab1,P_Amp_V5_iqr,0.0375,40.5,40.4625,False
P0_ADC__csv_name__matlab1,P_Amp_V5_count,12.0,12,0.0,True
P0_ADC__csv_name__matlab1,P_Amp_V6,0.04,41.5,41.46,False
P0_ADC__csv_name__matlab1,P_Amp_V6_iqr,0.05,51.75,51.7,False
P0_ADC__csv_name__matlab1,P_Amp_V6_count,12.0,12,0.0,True
P0_ADC__csv_name__matlab1,P_Amp_aVF,0.09,87.0,86.91,False
P0_ADC__csv_name__matlab1,P_Amp_aVF_iqr,0.0325,31.75,31.7175,False
P0_ADC__csv_name__matlab1,P_Amp_aVF_count,12.0,12,0.0,True
P0_ADC__csv_name__matlab1,P_Amp_aVL,0.02,20.0,19.98,False
P0_ADC__csv_name__matlab1,P_Amp_aVL_iqr,0.045,47.25,47.205,False
P0_ADC__csv_name__matlab1,P_Amp_aVL_count,12.0,12,0.0,True
P0_ADC__csv_name__matlab1,P_Amp_aVR,-0.095,-94.5,94.405,False
P0_ADC__csv_name__matlab1,P_Amp_aVR_iqr,0.02,17.5,17.48,False
P0_ADC__csv_name__matlab1,P_Amp_aVR_count,12.0,12,0.0,True
P0_ADC__csv_name__matlab1,Q_Amp_I,-0.14,-141.0,140.86,False
P0_ADC__csv_name__matlab1,Q_Amp_I_iqr,0.0425,39.5,39.4575,False
P0_ADC__csv_name__matlab1,Q_Amp_I_count,12.0,12,0.0,True
P0_ADC__csv_name__matlab1,Q_Amp_II,-0.14,-143.0,142.86,False
P0_ADC__csv_name__matlab1,Q_Amp_II_iqr,0.0325,28.75,28.7175,False
P0_ADC__csv_name__matlab1,Q_Amp_II_count,12.0,12,0.0,True
P0_ADC__csv_name__matlab1,Q_Amp_III,0.06,59.5,59.44,False
P0_ADC__csv_name__matlab1,Q_Amp_III_iqr,0.035,36.75,36.715,False
P0_ADC__csv_name__matlab1,Q_Amp_III_count,12.0,12,0.0,True
P0_ADC__csv_name__matlab1,Q_Amp_V1,0.2,202.0,201.8,False
P0_ADC__csv_name__matlab1,Q_Amp_V1_iqr,0.0399999999999999,37.75,37.71,False
P0_ADC__csv_name__matlab1,Q_Amp_V1_count,12.0,12,0.0,True
P0_ADC__csv_name__matlab1,Q_Amp_V2,-0.0849999999999999,-82.5,82.415,False
P0_ADC__csv_name__matlab1,Q_Amp_V2_iqr,0.0224999999999999,15.75,15.727500000000001,False
P0_ADC__csv_name__matlab1,Q_Amp_V2_count,12.0,12,0.0,True
P0_ADC__csv_name__matlab1,Q_Amp_V3,-0.045,-47.5,47.455,False
P0_ADC__csv_name__matlab1,Q_Amp_V3_iqr,0.0325,32.5,32.4675,False
P0_ADC__csv_name__matlab1,Q_Amp_V3_count,12.0,12,0.0,True
P0_ADC__csv_name__matlab1,Q_Amp_V4,-0.1,-98.5,98.4,False
P0_ADC__csv_name__matlab1,Q_Amp_V4_iqr,0.0125,16.25,16.2375,False
P0_ADC__csv_name__matlab1,Q_Amp_V4_count,12.0,12,0.0,True
P0_ADC__csv_name__matlab1,Q_Amp_V5,-0.17,-171.0,170.83,False
P0_ADC__csv_name__matlab1,Q_Amp_V5_iqr,0.0375,38.75,38.7125,False
P0_ADC__csv_name__matlab1,Q_Amp_V5_count,12.0,12,0.0,True
P0_ADC__csv_name__matlab1,Q_Amp_V6,-0.155,-153.5,153.345,False
P0_ADC__csv_name__matlab1,Q_Amp_V6_iqr,0.0499999999999999,52.25,52.2,False
P0_ADC__csv_name__matlab1,Q_Amp_V6_count,12.0,12,0.0,True
P0_ADC__csv_name__matlab1,Q_Amp_aVF,-0.105,-104.5,104.395,False
P0_ADC__csv_name__matlab1,Q_Amp_aVF_iqr,0.0375,40.0,39.9625,False
P0_ADC__csv_name__matlab1,Q_Amp_aVF_count,12.0,12,0.0,True
P0_ADC__csv_name__matlab1,Q_Amp_aVL,-0.075,-76.0,75.925,False
P0_ADC__csv_name__matlab1,Q_Amp_aVL_iqr,0.0424999999999999,45.5,45.4575,False
P0_ADC__csv_name__matlab1,Q_Amp_aVL_count,12.0,12,0.0,True
P0_ADC__csv_name__matlab1,Q_Amp_aVR,0.145,141.0,140.855,False
P0_ADC__csv_name__matlab1,Q_Amp_aVR_iqr,0.0325,26.75,26.7175,False
P0_ADC__csv_name__matlab1,Q_Amp_aVR_count,12.0,12,0.0,True
P0_ADC__csv_name__matlab1,R_Amp_I,1.6,1599.0,1597.4,False
P0_ADC__csv_name__matlab1,R_Amp_I_iqr,0.1224999999999998,121.75,121.6275,False
P0_ADC__csv_name__matlab1,R_Amp_I_count,12.0,12,0.0,True
P0_ADC__csv_name__matlab1,R_Amp_II,0.975,978.5,977.525,False
P0_ADC__csv_name__matlab1,R_Amp_II_iqr,0.045,43.75,43.705,False
P0_ADC__csv_name__matlab1,R_Amp_II_count,12.0,12,0.0,True
P0_ADC__csv_name__matlab1,R_Amp_III,-0.71,-707.5,706.79,False
P0_ADC__csv_name__matlab1,R_Amp_III_iqr,0.14,132.5,132.36,False
P0_ADC__csv_name__matlab1,R_Amp_III_count,12.0,12,0.0,True
P0_ADC__csv_name__matlab1,R_Amp_V1,-0.955,-952.5,951.545,False
P0_ADC__csv_name__matlab1,R_Amp_V1_iqr,0.1149999999999999,116.5,116.385,False
P0_ADC__csv_name__matlab1,R_Amp_V1_count,12.0,12,0.0,True
P0_ADC__csv_name__matlab1,R_Amp_V2,0.885,883.5,882.615,False
P0_ADC__csv_name__matlab1,R_Amp_V2_iqr,0.075,72.5,72.425,False
P0_ADC__csv_name__matlab1,R_Amp_V2_count,12.0,12,0.0,True
P0_ADC__csv_name__matlab1,R_Amp_V3,1.68,1681.0,1679.32,False
P0_ADC__csv_name__matlab1,R_Amp_V3_iqr,0.0949999999999999,101.5,101.405,False
P0_ADC__csv_name__matlab1,R_Amp_V3_count,12.0,12,0.0,True
P0_ADC__csv_name__matlab1,R_Amp_V4,1.835,1839.5,1837.665,False
P0_ADC__csv_name__matlab1,R_Amp_V4_iqr,0.1624999999999998,155.5,155.3375,False
P0_ADC__csv_name__matlab1,R_Amp_V4_count,12.0,12,0.0,True
P0_ADC__csv_name__matlab1,R_Amp_V5,1.6,1598.5,1596.9,False
P0_ADC__csv_name__matlab1,R_Amp_V5_iqr,0.0749999999999997,71.25,71.175,False
P0_ADC__csv_name__matlab1,R_Amp_V5_count,12.0,12,0.0,True
P0_ADC__csv_name__matlab1,R_Amp_V6,1.17,1172.0,1170.83,False
P0_ADC__csv_name__matlab1,R_Amp_V6_iqr,0.0524999999999999,52.0,51.9475,False
P0_ADC__csv_name__matlab1,R_Amp_V6_count,12.0,12,0.0,True
P0_ADC__csv_name__matlab1,R_Amp_aVF,0.255,252.5,252.245,False
P0_ADC__csv_name__matlab1,R_Amp_aVF_iqr,0.09,89.25,89.16,False
P0_ADC__csv_name__matlab1,R_Amp_aVF_count,12.0,12,0.0,True
P0_ADC__csv_name__matlab1,R_Amp_aVL,1.15,1149.5,1148.35,False
P0_ADC__csv_name__matlab1,R_Amp_aVL_iqr,0.1549999999999998,151.75,151.595,False
P0_ADC__csv_name__matlab1,R_Amp_aVL_count,12.0,12,0.0,True
P0_ADC__csv_name__matlab1,R_Amp_aVR,-1.3,-1301.0,1299.7,False
P0_ADC__csv_name__matlab1,R_Amp_aVR_iqr,0.09,92.75,92.66,False
P0_ADC__csv_name__matlab1,R_Amp_aVR_count,12.0,12,0.0,True
P0_ADC__csv_name__matlab1,S_Amp_I,-0.12,-120.0,119.88,False
P0_ADC__csv_name__matlab1,S_Amp_I_iqr,0.0525,50.5,50.4475,False
P0_ADC__csv_name__matlab1,S_Amp_I_count,12.0,12,0.0,True
P0_ADC__csv_name__matlab1,S_Amp_II,-0.0849999999999999,-81.5,81.415,False
P0_ADC__csv_name__matlab1,S_Amp_II_iqr,0.0375,31.0,30.9625,False
P0_ADC__csv_name__matlab1,S_Amp_II_count,12.0,12,0.0,True
P0_ADC__csv_name__matlab1,S_Amp_III,-0.02,-22.5,22.48,False
P0_ADC__csv_name__matlab1,S_Amp_III_iqr,0.09,95.25,95.16,False
P0_ADC__csv_name__matlab1,S_Amp_III_count,12.0,12,0.0,True
P0_ADC__csv_name__matlab1,S_Amp_V1,0.02,18.0,17.98,False
P0_ADC__csv_name__matlab1,S_Amp_V1_iqr,0.025,25.75,25.725,False
P0_ADC__csv_name__matlab1,S_Amp_V1_count,12.0,12,0.0,True
P0_ADC__csv_name__matlab1,S_Amp_V2,-0.735,-733.5,732.765,False
P0_ADC__csv_name__matlab1,S_Amp_V2_iqr,0.05,55.0,54.95,False
P0_ADC__csv_name__matlab1,S_Amp_V2_count,12.0,12,0.0,True
P0_ADC__csv_name__matlab1,S_Amp_V3,-0.325,-323.0,322.675,False
P0_ADC__csv_name__matlab1,S_Amp_V3_iqr,0.0575,59.25,59.1925,False
P0_ADC__csv_name__matlab1,S_Amp_V3_count,12.0,12,0.0,True
P0_ADC__csv_name__matlab1,S_Amp_V4,-0.13,-128.5,128.37,False
P0_ADC__csv_name__matlab1,S_Amp_V4_iqr,0.03,26.25,26.22,False
P0_ADC__csv_name__matlab1,S_Amp_V4_count,12.0,12,0.0,True
P0_ADC__csv_name__matlab1,S_Amp_V5,-0.065,-61.0,60.935,False
P0_ADC__csv_name__matlab1,S_Amp_V5_iqr,0.04,37.5,37.46,False
P0_ADC__csv_name__matlab1,S_Amp_V5_count,12.0,12,0.0,True
P0_ADC__csv_name__matlab1,S_Amp_V6,-0.09,-86.0,85.91,False
P0_ADC__csv_name__matlab1,S_Amp_V6_iqr,0.0625,67.5,67.4375,False
P0_ADC__csv_name__matlab1,S_Amp_V6_count,12.0,12,0.0,True
P0_ADC__csv_name__matlab1,S_Amp_aVF,-0.065,-63.5,63.435,False
P0_ADC__csv_name__matlab1,S_Amp_aVF_iqr,0.0275,29.25,29.2225,False
P0_ADC__csv_name__matlab1,S_Amp_aVF_count,12.0,12,0.0,True
P0_ADC__csv_name__matlab1,S_Amp_aVL,-0.07,-72.5,72.43,False
P0_ADC__csv_name__matlab1,S_Amp_aVL_iqr,0.0699999999999999,73.0,72.93,False
P0_ADC__csv_name__matlab1,S_Amp_aVL_count,12.0,12,0.0,True
P0_ADC__csv_name__matlab1,S_Amp_aVR,0.07,70.5,70.43,False
P0_ADC__csv_name__matlab1,S_Amp_aVR_iqr,0.035,36.0,35.965,False
P0_ADC__csv_name__matlab1,S_Amp_aVR_count,12.0,12,0.0,True
P0_ADC__csv_name__matlab1,T_Amp_I,0.065,66.0,65.935,False
P0_ADC__csv_name__matlab1,T_Amp_I_iqr,0.03,30.75,30.72,False
P0_ADC__csv_name__matlab1,T_Amp_I_count,12.0,12,0.0,True
P0_ADC__csv_name__matlab1,T_Amp_II,-0.1,-101.5,101.4,False
P0_ADC__csv_name__matlab1,T_Amp_II_iqr,0.025,28.75,28.725,False
P0_ADC__csv_name__matlab1,T_Amp_II_count,12.0,12,0.0,True
P0_ADC__csv_name__matlab1,T_Amp_III,-0.15,-152.5,152.35,False
P0_ADC__csv_name__matlab1,T_Amp_III_iqr,0.055,57.0,56.945,False
P0_ADC__csv_name__matlab1,T_Amp_III_count,12.0,12,0.0,True
P0_ADC__csv_name__matlab1,T_Amp_V1,0.11,110.0,109.89,False
P0_ADC__csv_name__matlab1,T_Amp_V1_iqr,0.0249999999999999,23.5,23.475,False
P0_ADC__csv_name__matlab1,T_Amp_V1_count,12.0,12,0.0,True
P0_ADC__csv_name__matlab1,T_Amp_V2,0.29,290.5,290.21,False
P0_ADC__csv_name__matlab1,T_Amp_V2_iqr,0.0399999999999999,45.75,45.71,False
P0_ADC__csv_name__matlab1,T_Amp_V2_count,12.0,12,0.0,True
P0_ADC__csv_name__matlab1,T_Amp_V3,0.17,174.0,173.83,False
P0_ADC__csv_name__matlab1,T_Amp_V3_iqr,0.0375,40.25,40.2125,False
P0_ADC__csv_name__matlab1,T_Amp_V3_count,12.0,12,0.0,True
P0_ADC__csv_name__matlab1,T_Amp_V4,0.055,54.5,54.445,False
P0_ADC__csv_name__matlab1,T_Amp_V4_iqr,0.035,36.5,36.465,False
P0_ADC__csv_name__matlab1,T_Amp_V4_count,12.0,12,0.0,True
P0_ADC__csv_name__matlab1,T_Amp_V5,-0.115,-119.0,118.885,False
P0_ADC__csv_name__matlab1,T_Amp_V5_iqr,0.0475,55.0,54.9525,False
P0_ADC__csv_name__matlab1,T_Amp_V5_count,12.0,12,0.0,True
P0_ADC__csv_name__matlab1,T_Amp_V6,-0.11,-115.0,114.89,False
P0_ADC__csv_name__matlab1,T_Amp_V6_iqr,0.0575,62.25,62.1925,False
P0_ADC__csv_name__matlab1,T_Amp_V6_count,12.0,12,0.0,True
P0_ADC__csv_name__matlab1,T_Amp_aVF,-0.1149999999999999,-116.5,116.385,False
P0_ADC__csv_name__matlab1,T_Amp_aVF_iqr,0.0425,48.25,48.2075,False
P0_ADC__csv_name__matlab1,T_Amp_aVF_count,12.0,12,0.0,True
P0_ADC__csv_name__matlab1,T_Amp_aVL,0.1,104.0,103.9,False
P0_ADC__csv_name__matlab1,T_Amp_aVL_iqr,0.0424999999999999,37.0,36.9575,False
P0_ADC__csv_name__matlab1,T_Amp_aVL_count,12.0,12,0.0,True
P0_ADC__csv_name__matlab1,T_Amp_aVR,-0.015,-14.0,13.985,False
P0_ADC__csv_name__matlab1,T_Amp_aVR_iqr,0.0225,22.5,22.4775,False
P0_ADC__csv_name__matlab1,T_Amp_aVR_count,12.0,12,0.0,True
P0_ADC__file_name__wfdb0,P_Amp_I,0.075,76.0,75.925,False
P0_ADC__file_name__wfdb0,P_Amp_I_iqr,0.0325,28.75,28.7175,False
P0_ADC__file_name__wfdb0,P_Amp_I_count,12.0,12,0.0,True
P0_ADC__file_name__wfdb0,P_Amp_II,0.125,124.0,123.875,False
P0_ADC__file_name__wfdb0,P_Amp_II_iqr,0.0325,36.0,35.9675,False
P0_ADC__file_name__wfdb0,P_Amp_II_count,12.0,12,0.0,True
P0_ADC__file_name__wfdb0,P_Amp_III,0.075,75.5,75.425,False
P0_ADC__file_name__wfdb0,P_Amp_III_iqr,0.0249999999999999,33.25,33.225,False
P0_ADC__file_name__wfdb0,P_Amp_III_count,12.0,12,0.0,True
P0_ADC__file_name__wfdb0,P_Amp_V1,-0.04,-40.0,39.96,False
P0_ADC__file_name__wfdb0,P_Amp_V1_iqr,0.0025,19.25,19.2475,False
P0_ADC__file_name__wfdb0,P_Amp_V1_count,12.0,12,0.0,True
P0_ADC__file_name__wfdb0,P_Amp_V2,-0.04,-40.0,39.96,False
P0_ADC__file_name__wfdb0,P_Amp_V2_iqr,0.01,11.5,11.49,False
P0_ADC__file_name__wfdb0,P_Amp_V2_count,12.0,12,0.0,True
P0_ADC__file_name__wfdb0,P_Amp_V3,-0.04,-37.5,37.46,False
P0_ADC__file_name__wfdb0,P_Amp_V3_iqr,0.035,35.75,35.715,False
P0_ADC__file_name__wfdb0,P_Amp_V3_count,12.0,12,0.0,True
P0_ADC__file_name__wfdb0,P_Amp_V4,0.025,21.0,20.975,False
P0_ADC__file_name__wfdb0,P_Amp_V4_iqr,0.0275,24.5,24.4725,False
P0_ADC__file_name__wfdb0,P_Amp_V4_count,12.0,12,0.0,True
P0_ADC__file_name__wfdb0,P_Amp_V5,0.03,27.5,27.47,False
P0_ADC__file_name__wfdb0,P_Amp_V5_iqr,0.0375,38.25,38.2125,False
P0_ADC__file_name__wfdb0,P_Amp_V5_count,12.0,12,0.0,True
P0_ADC__file_name__wfdb0,P_Amp_V6,0.04,39.5,39.46,False
P0_ADC__file_name__wfdb0,P_Amp_V6_iqr,0.05,54.0,53.95,False
P0_ADC__file_name__wfdb0,P_Amp_V6_count,12.0,12,0.0,True
P0_ADC__file_name__wfdb0,P_Amp_aVF,0.09,-13.5,13.59,False
P0_ADC__file_name__wfdb0,P_Amp_aVF_iqr,0.0325,44.5,44.4675,False
P0_ADC__file_name__wfdb0,P_Amp_aVF_count,12.0,12,0.0,True
P0_ADC__file_name__wfdb0,P_Amp_aVL,0.02,72.5,72.48,False
P0_ADC__file_name__wfdb0,P_Amp_aVL_iqr,0.045,24.25,24.205,False
P0_ADC__file_name__wfdb0,P_Amp_aVL_count,12.0,12,0.0,True
P0_ADC__file_name__wfdb0,P_Amp_aVR,-0.095,-89.5,89.405,False
P0_ADC__file_name__wfdb0,P_Amp_aVR_iqr,0.02,20.5,20.48,False
P0_ADC__file_name__wfdb0,P_Amp_aVR_count,12.0,12,0.0,True
P0_ADC__file_name__wfdb0,Q_Amp_I,-0.14,-158.5,158.36,False
P0_ADC__file_name__wfdb0,Q_Amp_I_iqr,0.0425,41.25,41.2075,False
P0_ADC__file_name__wfdb0,Q_Amp_I_count,12.0,12,0.0,True
P0_ADC__file_name__wfdb0,Q_Amp_II,-0.14,-155.0,154.86,False
P0_ADC__file_name__wfdb0,Q_Amp_II_iqr,0.0325,37.0,36.9675,False
P0_ADC__file_name__wfdb0,Q_Amp_II_count,12.0,12,0.0,True
P0_ADC__file_name__wfdb0,Q_Amp_III,0.06,60.0,59.94,False
P0_ADC__file_name__wfdb0,Q_Amp_III_iqr,0.035,38.25,38.215,False
P0_ADC__file_name__wfdb0,Q_Amp_III_count,12.0,12,0.0,True
P0_ADC__file_name__wfdb0,Q_Amp_V1,0.2,196.5,196.3,False
P0_ADC__file_name__wfdb0,Q_Amp_V1_iqr,0.0399999999999999,48.0,47.96,False
P0_ADC__file_name__wfdb0,Q_Amp_V1_count,12.0,12,0.0,True
P0_ADC__file_name__wfdb0,Q_Amp_V2,-0.0849999999999999,-77.5,77.415,False
P0_ADC__file_name__wfdb0,Q_Amp_V2_iqr,0.0224999999999999,18.0,17.9775,False
P0_ADC__file_name__wfdb0,Q_Amp_V2_count,12.0,12,0.0,True
P0_ADC__file_name__wfdb0,Q_Amp_V3,-0.045,-41.5,41.455,False
P0_ADC__file_name__wfdb0,Q_Amp_V3_iqr,0.0325,32.0,31.9675,False
P0_ADC__file_name__wfdb0,Q_Amp_V3_count,12.0,12,0.0,True
P0_ADC__file_name__wfdb0,Q_Amp_V4,-0.1,-92.5,92.4,False
P0_ADC__file_name__wfdb0,Q_Amp_V4_iqr,0.0125,29.75,29.7375,False
P0_ADC__file_name__wfdb0,Q_Amp_V4_count,12.0,12,0.0,True
P0_ADC__file_name__wfdb0,Q_Amp_V5,-0.17,-171.0,170.83,False
P0_ADC__file_name__wfdb0,Q_Amp_V5_iqr,0.0375,61.25,61.2125,False
P0_ADC__file_name__wfdb0,Q_Amp_V5_count,12.0,12,0.0,True
P0_ADC__file_name__wfdb0,Q_Amp_V6,-0.155,-158.5,158.345,False
P0_ADC__file_name__wfdb0,Q_Amp_V6_iqr,0.0499999999999999,53.75,53.7,False
P0_ADC__file_name__wfdb0,Q_Amp_V6_count,12.0,12,0.0,True
P0_ADC__file_name__wfdb0,Q_Amp_aVF,-0.105,79.5,79.605,False
P0_ADC__file_name__wfdb0,Q_Amp_aVF_iqr,0.0375,49.0,48.9625,False
P0_ADC__file_name__wfdb0,Q_Amp_aVF_count,12.0,12,0.0,True
P0_ADC__file_name__wfdb0,Q_Amp_aVL,-0.075,-48.0,47.925,False
P0_ADC__file_name__wfdb0,Q_Amp_aVL_iqr,0.0424999999999999,52.25,52.2075,False
P0_ADC__file_name__wfdb0,Q_Amp_aVL_count,12.0,12,0.0,True
P0_ADC__file_name__wfdb0,Q_Amp_aVR,0.145,147.5,147.355,False
P0_ADC__file_name__wfdb0,Q_Amp_aVR_iqr,0.0325,18.5,18.4675,False
P0_ADC__file_name__wfdb0,Q_Amp_aVR_count,12.0,12,0.0,True
P0_ADC__file_name__wfdb0,R_Amp_I,1.6,1664.0,1662.4,False
P0_ADC__file_name__wfdb0,R_Amp_I_iqr,0.1224999999999998,104.25,104.1275,False
P0_ADC__file_name__wfdb0,R_Amp_I_count,12.0,12,0.0,True
P0_ADC__file_name__wfdb0,R_Amp_II,0.975,1025.0,1024.025,False
P0_ADC__file_name__wfdb0,R_Amp_II_iqr,0.045,36.5,36.455,False
P0_ADC__file_name__wfdb0,R_Amp_II_count,12.0,12,0.0,True
P0_ADC__file_name__wfdb0,R_Amp_III,-0.71,-703.0,702.29,False
P0_ADC__file_name__wfdb0,R_Amp_III_iqr,0.14,118.5,118.36,False
P0_ADC__file_name__wfdb0,R_Amp_III_count,12.0,12,0.0,True
P0_ADC__file_name__wfdb0,R_Amp_V1,-0.955,-957.0,956.045,False
P0_ADC__file_name__wfdb0,R_Amp_V1_iqr,0.1149999999999999,126.5,126.385,False
P0_ADC__file_name__wfdb0,R_Amp_V1_count,12.0,12,0.0,True
P0_ADC__file_name__wfdb0,R_Amp_V2,0.885,952.0,951.115,False
P0_ADC__file_name__wfdb0,R_Amp_V2_iqr,0.075,65.5,65.425,False
P0_ADC__file_name__wfdb0,R_Amp_V2_count,12.0,12,0.0,True
P0_ADC__file_name__wfdb0,R_Amp_V3,1.68,1722.5,1720.82,False
P0_ADC__file_name__wfdb0,R_Amp_V3_iqr,0.0949999999999999,125.0,124.905,False
P0_ADC__file_name__wfdb0,R_Amp_V3_count,12.0,12,0.0,True
P0_ADC__file_name__wfdb0,R_Amp_V4,1.835,1896.5,1894.665,False
P0_ADC__file_name__wfdb0,R_Amp_V4_iqr,0.1624999999999998,164.75,164.5875,False
P0_ADC__file_name__wfdb0,R_Amp_V4_count,12.0,12,0.0,True
P0_ADC__file_name__wfdb0,R_Amp_V5,1.6,1629.0,1627.4,False
P0_ADC__file_name__wfdb0,R_Amp_V5_iqr,0.0749999999999997,63.5,63.425,False
P0_ADC__file_name__wfdb0,R_Amp_V5_count,12.0,12,0.0,True
P0_ADC__file_name__wfdb0,R_Amp_V6,1.17,1165.0,1163.83,False
P0_ADC__file_name__wfdb0,R_Amp_V6_iqr,0.0524999999999999,65.0,64.9475,False
P0_ADC__file_name__wfdb0,R_Amp_V6_count,12.0,12,0.0,True
P0_ADC__file_name__wfdb0,R_Amp_aVF,0.255,602.0,601.745,False
P0_ADC__file_name__wfdb0,R_Amp_aVF_iqr,0.09,118.5,118.41,False
P0_ADC__file_name__wfdb0,R_Amp_aVF_count,12.0,12,0.0,True
P0_ADC__file_name__wfdb0,R_Amp_aVL,1.15,158.0,156.85,False
P0_ADC__file_name__wfdb0,R_Amp_aVL_iqr,0.1549999999999998,73.25,73.095,False
P0_ADC__file_name__wfdb0,R_Amp_aVL_count,12.0,12,0.0,True
P0_ADC__file_name__wfdb0,R_Amp_aVR,-1.3,-1304.0,1302.7,False
P0_ADC__file_name__wfdb0,R_Amp_aVR_iqr,0.09,23.25,23.16,False
P0_ADC__file_name__wfdb0,R_Amp_aVR_count,12.0,12,0.0,True
P0_ADC__file_name__wfdb0,S_Amp_I,-0.12,-120.0,119.88,False
P0_ADC__file_name__wfdb0,S_Amp_I_iqr,0.0525,41.75,41.6975,False
P0_ADC__file_name__wfdb0,S_Amp_I_count,12.0,12,0.0,True
P0_ADC__file_name__wfdb0,S_Amp_II,-0.0849999999999999,-84.5,84.415,False
P0_ADC__file_name__wfdb0,S_Amp_II_iqr,0.0375,30.0,29.9625,False
P0_ADC__file_name__wfdb0,S_Amp_II_count,12.0,12,0.0,True
P0_ADC__file_name__wfdb0,S_Amp_III,-0.02,-34.0,33.98,False
P0_ADC__file_name__wfdb0,S_Amp_III_iqr,0.09,144.0,143.91,False
P0_ADC__file_name__wfdb0,S_Amp_III_count,12.0,12,0.0,True
P0_ADC__file_name__wfdb0,S_Amp_V1,0.02,17.5,17.48,False
P0_ADC__file_name__wfdb0,S_Amp_V1_iqr,0.025,25.5,25.475,False
P0_ADC__file_name__wfdb0,S_Amp_V1_count,12.0,12,0.0,True
P0_ADC__file_name__wfdb0,S_Amp_V2,-0.735,-575.5,574.765,False
P0_ADC__file_name__wfdb0,S_Amp_V2_iqr,0.05,67.5,67.45,False
P0_ADC__file_name__wfdb0,S_Amp_V2_count,12.0,12,0.0,True
P0_ADC__file_name__wfdb0,S_Amp_V3,-0.325,-233.5,233.175,False
P0_ADC__file_name__wfdb0,S_Amp_V3_iqr,0.0575,32.0,31.9425,False
P0_ADC__file_name__wfdb0,S_Amp_V3_count,12.0,12,0.0,True
P0_ADC__file_name__wfdb0,S_Amp_V4,-0.13,-124.0,123.87,False
P0_ADC__file_name__wfdb0,S_Amp_V4_iqr,0.03,26.0,25.97,False
P0_ADC__file_name__wfdb0,S_Amp_V4_count,12.0,12,0.0,True
P0_ADC__file_name__wfdb0,S_Amp_V5,-0.065,-78.5,78.435,False
P0_ADC__file_name__wfdb0,S_Amp_V5_iqr,0.04,45.5,45.46,False
P0_ADC__file_name__wfdb0,S_Amp_V5_count,12.0,12,0.0,True
P0_ADC__file_name__wfdb0,S_Amp_V6,-0.09,-84.5,84.41,False
P0_ADC__file_name__wfdb0,S_Amp_V6_iqr,0.0625,63.75,63.6875,False
P0_ADC__file_name__wfdb0,S_Amp_V6_count,12.0,12,0.0,True
P0_ADC__file_name__wfdb0,S_Amp_aVF,-0.065,18.0,18.065,False
P0_ADC__file_name__wfdb0,S_Amp_aVF_iqr,0.0275,27.25,27.2225,False
P0_ADC__file_name__wfdb0,S_Amp_aVF_count,12.0,12,0.0,True
P0_ADC__file_name__wfdb0,S_Amp_aVL,-0.07,-34.0,33.93,False
P0_ADC__file_name__wfdb0,S_Amp_aVL_iqr,0.0699999999999999,58.5,58.43,False
P0_ADC__file_name__wfdb0,S_Amp_aVL_count,12.0,12,0.0,True
P0_ADC__file_name__wfdb0,S_Amp_aVR,0.07,86.0,85.93,False
P0_ADC__file_name__wfdb0,S_Amp_aVR_iqr,0.035,28.75,28.715,False
P0_ADC__file_name__wfdb0,S_Amp_aVR_count,12.0,12,0.0,True
P0_ADC__file_name__wfdb0,T_Amp_I,0.065,67.5,67.435,False
P0_ADC__file_name__wfdb0,T_Amp_I_iqr,0.03,22.5,22.47,False
P0_ADC__file_name__wfdb0,T_Amp_I_count,12.0,12,0.0,True
P0_ADC__file_name__wfdb0,T_Amp_II,-0.1,-99.5,99.4,False
P0_ADC__file_name__wfdb0,T_Amp_II_iqr,0.025,29.5,29.475,False
P0_ADC__file_name__wfdb0,T_Amp_II_count,12.0,12,0.0,True
P0_ADC__file_name__wfdb0,T_Amp_III,-0.15,-153.0,152.85,False
P0_ADC__file_name__wfdb0,T_Amp_III_iqr,0.055,58.75,58.695,False
P0_ADC__file_name__wfdb0,T_Amp_III_count,12.0,12,0.0,True
P0_ADC__file_name__wfdb0,T_Amp_V1,0.11,110.5,110.39,False
P0_ADC__file_name__wfdb0,T_Amp_V1_iqr,0.0249999999999999,23.75,23.725,False
P0_ADC__file_name__wfdb0,T_Amp_V1_count,12.0,12,0.0,True
P0_ADC__file_name__wfdb0,T_Amp_V2,0.29,288.5,288.21,False
P0_ADC__file_name__wfdb0,T_Amp_V2_iqr,0.0399999999999999,46.25,46.21,False
P0_ADC__file_name__wfdb0,T_Amp_V2_count,12.0,12,0.0,True
P0_ADC__file_name__wfdb0,T_Amp_V3,0.17,170.5,170.33,False
P0_ADC__file_name__wfdb0,T_Amp_V3_iqr,0.0375,41.0,40.9625,False
P0_ADC__file_name__wfdb0,T_Amp_V3_count,12.0,12,0.0,True
P0_ADC__file_name__wfdb0,T_Amp_V4,0.055,53.0,52.945,False
P0_ADC__file_name__wfdb0,T_Amp_V4_iqr,0.035,35.75,35.715,False
P0_ADC__file_name__wfdb0,T_Amp_V4_count,12.0,12,0.0,True
P0_ADC__file_name__wfdb0,T_Amp_V5,-0.115,-118.0,117.885,False
P0_ADC__file_name__wfdb0,T_Amp_V5_iqr,0.0475,51.0,50.9525,False
P0_ADC__file_name__wfdb0,T_Amp_V5_count,12.0,12,0.0,True
P0_ADC__file_name__wfdb0,T_Amp_V6,-0.11,-114.5,114.39,False
P0_ADC__file_name__wfdb0,T_Amp_V6_iqr,0.0575,66.75,66.6925,False
P0_ADC__file_name__wfdb0,T_Amp_V6_count,12.0,12,0.0,True
P0_ADC__file_name__wfdb0,T_Amp_aVF,-0.1149999999999999,108.5,108.615,False
P0_ADC__file_name__wfdb0,T_Amp_aVF_iqr,0.0425,38.25,38.2075,False
P0_ADC__file_name__wfdb0,T_Amp_aVF_count,12.0,12,0.0,True
P0_ADC__file_name__wfdb0,T_Amp_aVL,0.1,-106.0,106.1,False
P0_ADC__file_name__wfdb0,T_Amp_aVL_iqr,0.0424999999999999,49.0,48.9575,False
P0_ADC__file_name__wfdb0,T_Amp_aVL_count,12.0,12,0.0,True
P0_ADC__file_name__wfdb0,T_Amp_aVR,-0.015,-17.5,17.485,False
P0_ADC__file_name__wfdb0,T_Amp_aVR_iqr,0.0225,21.25,21.2275,False
P0_ADC__file_name__wfdb0,T_Amp_aVR_count,12.0,12,0.0,True
P0_ADC__file_name__matlab1,P_Amp_I,0.075,74.5,74.425,False
P0_ADC__file_name__matlab1,P_Amp_I_iqr,0.0325,29.5,29.4675,False
P0_ADC__file_name__matlab1,P_Amp_I_count,12.0,12,0.0,True
P0_ADC__file_name__matlab1,P_Amp_II,0.125,124.5,124.375,False
P0_ADC__file_name__matlab1,P_Amp_II_iqr,0.0325,33.25,33.2175,False
P0_ADC__file_name__matlab1,P_Amp_II_count,12.0,12,0.0,True
P0_ADC__file_name__matlab1,P_Amp_III,0.075,75.0,74.925,False
P0_ADC__file_name__matlab1,P_Amp_III_iqr,0.0249999999999999,29.25,29.225,False
P0_ADC__file_name__matlab1,P_Amp_III_count,12.0,12,0.0,True
P0_ADC__file_name__matlab1,P_Amp_V1,-0.04,-41.0,40.96,False
P0_ADC__file_name__matlab1,P_Amp_V1_iqr,0.0025,11.0,10.9975,False
P0_ADC__file_name__matlab1,P_Amp_V1_count,12.0,12,0.0,True
P0_ADC__file_name__matlab1,P_Amp_V2,-0.04,-40.0,39.96,False
P0_ADC__file_name__matlab1,P_Amp_V2_iqr,0.01,12.0,11.99,False
P0_ADC__file_name__matlab1,P_Amp_V2_count,12.0,12,0.0,True
P0_ADC__file_name__matlab1,P_Amp_V3,-0.04,-37.5,37.46,False
P0_ADC__file_name__matlab1,P_Amp_V3_iqr,0.035,34.0,33.965,False
P0_ADC__file_name__matlab1,P_Amp_V3_count,12.0,12,0.0,True
P0_ADC__file_name__matlab1,P_Amp_V4,0.025,22.5,22.475,False
P0_ADC__file_name__matlab1,P_Amp_V4_iqr,0.0275,25.0,24.9725,False
P0_ADC__file_name__matlab1,P_Amp_V4_count,12.0,12,0.0,True
P0_ADC__file_name__matlab1,P_Amp_V5,0.03,28.0,27.97,False
P0_ADC__file_name__matlab1,P_Amp_V5_iqr,0.0375,40.5,40.4625,False
P0_ADC__file_name__matlab1,P_Amp_V5_count,12.0,12,0.0,True
P0_ADC__file_name__matlab1,P_Amp_V6,0.04,41.5,41.46,False
P0_ADC__file_name__matlab1,P_Amp_V6_iqr,0.05,51.75,51.7,False
P0_ADC__file_name__matlab1,P_Amp_V6_count,12.0,12,0.0,True
P0_ADC__file_name__matlab1,P_Amp_aVF,0.09,-22.0,22.09,False
P0_ADC__file_name__matlab1,P_Amp_aVF_iqr,0.0325,42.25,42.2175,False
P0_ADC__file_name__matlab1,P_Amp_aVF_count,12.0,12,0.0,True
P0_ADC__file_name__matlab1,P_Amp_aVL,0.02,74.5,74.48,False
P0_ADC__file_name__matlab1,P_Amp_aVL_iqr,0.045,21.0,20.955,False
P0_ADC__file_name__matlab1,P_Amp_aVL_count,12.0,12,0.0,True
P0_ADC__file_name__matlab1,P_Amp_aVR,-0.095,-94.5,94.405,False
P0_ADC__file_name__matlab1,P_Amp_aVR_iqr,0.02,17.5,17.48,False
P0_ADC__file_name__matlab1,P_Amp_aVR_count,12.0,12,0.0,True
P0_ADC__file_name__matlab1,Q_Amp_I,-0.14,-141.0,140.86,False
P0_ADC__file_name__matlab1,Q_Amp_I_iqr,0.0425,39.5,39.4575,False
P0_ADC__file_name__matlab1,Q_Amp_I_count,12.0,12,0.0,True
P0_ADC__file_name__matlab1,Q_Amp_II,-0.14,-143.0,142.86,False
P0_ADC__file_name__matlab1,Q_Amp_II_iqr,0.0325,28.75,28.7175,False
P0_ADC__file_name__matlab1,Q_Amp_II_count,12.0,12,0.0,True
P0_ADC__file_name__matlab1,Q_Amp_III,0.06,59.5,59.44,False
P0_ADC__file_name__matlab1,Q_Amp_III_iqr,0.035,36.75,36.715,False
P0_ADC__file_name__matlab1,Q_Amp_III_count,12.0,12,0.0,True
P0_ADC__file_name__matlab1,Q_Amp_V1,0.2,202.0,201.8,False
P0_ADC__file_name__matlab1,Q_Amp_V1_iqr,0.0399999999999999,37.75,37.71,False
P0_ADC__file_name__matlab1,Q_Amp_V1_count,12.0,12,0.0,True
P0_ADC__file_name__matlab1,Q_Amp_V2,-0.0849999999999999,-82.5,82.415,False
P0_ADC__file_name__matlab1,Q_Amp_V2_iqr,0.0224999999999999,15.75,15.727500000000001,False
P0_ADC__file_name__matlab1,Q_Amp_V2_count,12.0,12,0.0,True
P0_ADC__file_name__matlab1,Q_Amp_V3,-0.045,-47.5,47.455,False
P0_ADC__file_name__matlab1,Q_Amp_V3_iqr,0.0325,32.5,32.4675,False
P0_ADC__file_name__matlab1,Q_Amp_V3_count,12.0,12,0.0,True
P0_ADC__file_name__matlab1,Q_Amp_V4,-0.1,-98.5,98.4,False
P0_ADC__file_name__matlab1,Q_Amp_V4_iqr,0.0125,16.25,16.2375,False
P0_ADC__file_name__matlab1,Q_Amp_V4_count,12.0,12,0.0,True
P0_ADC__file_name__matlab1,Q_Amp_V5,-0.17,-171.0,170.83,False
P0_ADC__file_name__matlab1,Q_Amp_V5_iqr,0.0375,38.75,38.7125,False
P0_ADC__file_name__matlab1,Q_Amp_V5_count,12.0,12,0.0,True
P0_ADC__file_name__matlab1,Q_Amp_V6,-0.155,-153.5,153.345,False
P0_ADC__file_name__matlab1,Q_Amp_V6_iqr,0.0499999999999999,52.25,52.2,False
P0_ADC__file_name__matlab1,Q_Amp_V6_count,12.0,12,0.0,True
P0_ADC__file_name__matlab1,Q_Amp_aVF,-0.105,19.0,19.105,False
P0_ADC__file_name__matlab1,Q_Amp_aVF_iqr,0.0375,49.25,49.2125,False
P0_ADC__file_name__matlab1,Q_Amp_aVF_count,12.0,12,0.0,True
P0_ADC__file_name__matlab1,Q_Amp_aVL,-0.075,-40.0,39.925,False
P0_ADC__file_name__matlab1,Q_Amp_aVL_iqr,0.0424999999999999,45.25,45.2075,False
P0_ADC__file_name__matlab1,Q_Amp_aVL_count,12.0,12,0.0,True
P0_ADC__file_name__matlab1,Q_Amp_aVR,0.145,141.0,140.855,False
P0_ADC__file_name__matlab1,Q_Amp_aVR_iqr,0.0325,26.75,26.7175,False
P0_ADC__file_name__matlab1,Q_Amp_aVR_count,12.0,12,0.0,True
P0_ADC__file_name__matlab1,R_Amp_I,1.6,1599.0,1597.4,False
P0_ADC__file_name__matlab1,R_Amp_I_iqr,0.1224999999999998,121.75,121.6275,False
P0_ADC__file_name__matlab1,R_Amp_I_count,12.0,12,0.0,True
P0_ADC__file_name__matlab1,R_Amp_II,0.975,978.5,977.525,False
P0_ADC__file_name__matlab1,R_Amp_II_iqr,0.045,43.75,43.705,False
P0_ADC__file_name__matlab1,R_Amp_II_count,12.0,12,0.0,True
P0_ADC__file_name__matlab1,R_Amp_III,-0.71,-707.5,706.79,False
P0_ADC__file_name__matlab1,R_Amp_III_iqr,0.14,132.5,132.36,False
P0_ADC__file_name__matlab1,R_Amp_III_count,12.0,12,0.0,True
P0_ADC__file_name__matlab1,R_Amp_V1,-0.955,-952.5,951.545,False
P0_ADC__file_name__matlab1,R_Amp_V1_iqr,0.1149999999999999,116.5,116.385,False
P0_ADC__file_name__matlab1,R_Amp_V1_count,12.0,12,0.0,True
P0_ADC__file_name__matlab1,R_Amp_V2,0.885,883.5,882.615,False
P0_ADC__file_name__matlab1,R_Amp_V2_iqr,0.075,72.5,72.425,False
P0_ADC__file_name__matlab1,R_Amp_V2_count,12.0,12,0.0,True
P0_ADC__file_name__matlab1,R_Amp_V3,1.68,1681.0,1679.32,False
P0_ADC__file_name__matlab1,R_Amp_V3_iqr,0.0949999999999999,101.5,101.405,False
P0_ADC__file_name__matlab1,R_Amp_V3_count,12.0,12,0.0,True
P0_ADC__file_name__matlab1,R_Amp_V4,1.835,1839.5,1837.665,False
P0_ADC__file_name__matlab1,R_Amp_V4_iqr,0.1624999999999998,155.5,155.3375,False
P0_ADC__file_name__matlab1,R_Amp_V4_count,12.0,12,0.0,True
P0_ADC__file_name__matlab1,R_Amp_V5,1.6,1598.5,1596.9,False
P0_ADC__file_name__matlab1,R_Amp_V5_iqr,0.0749999999999997,71.25,71.175,False
P0_ADC__file_name__matlab1,R_Amp_V5_count,12.0,12,0.0,True
P0_ADC__file_name__matlab1,R_Amp_V6,1.17,1172.0,1170.83,False
P0_ADC__file_name__matlab1,R_Amp_V6_iqr,0.0524999999999999,52.0,51.9475,False
P0_ADC__file_name__matlab1,R_Amp_V6_count,12.0,12,0.0,True
P0_ADC__file_name__matlab1,R_Amp_aVF,0.255,758.5,758.245,False
P0_ADC__file_name__matlab1,R_Amp_aVF_iqr,0.09,136.25,136.16,False
P0_ADC__file_name__matlab1,R_Amp_aVF_count,12.0,12,0.0,True
P0_ADC__file_name__matlab1,R_Amp_aVL,1.15,88.5,87.35,False
P0_ADC__file_name__matlab1,R_Amp_aVL_iqr,0.1549999999999998,79.25,79.095,False
P0_ADC__file_name__matlab1,R_Amp_aVL_count,12.0,12,0.0,True
P0_ADC__file_name__matlab1,R_Amp_aVR,-1.3,-1301.0,1299.7,False
P0_ADC__file_name__matlab1,R_Amp_aVR_iqr,0.09,92.75,92.66,False
P0_ADC__file_name__matlab1,R_Amp_aVR_count,12.0,12,0.0,True
P0_ADC__file_name__matlab1,S_Amp_I,-0.12,-120.0,119.88,False
P0_ADC__file_name__matlab1,S_Amp_I_iqr,0.0525,50.5,50.4475,False
P0_ADC__file_name__matlab1,S_Amp_I_count,12.0,12,0.0,True
P0_ADC__file_name__matlab1,S_Amp_II,-0.0849999999999999,-81.5,81.415,False
P0_ADC__file_name__matlab1,S_Amp_II_iqr,0.0375,31.0,30.9625,False
P0_ADC__file_name__matlab1,S_Amp_II_count,12.0,12,0.0,True
P0_ADC__file_name__matlab1,S_Amp_III,-0.02,-22.5,22.48,False
P0_ADC__file_name__matlab1,S_Amp_III_iqr,0.09,95.25,95.16,False
P0_ADC__file_name__matlab1,S_Amp_III_count,12.0,12,0.0,True
P0_ADC__file_name__matlab1,S_Amp_V1,0.02,18.0,17.98,False
P0_ADC__file_name__matlab1,S_Amp_V1_iqr,0.025,25.75,25.725,False
P0_ADC__file_name__matlab1,S_Amp_V1_count,12.0,12,0.0,True
P0_ADC__file_name__matlab1,S_Amp_V2,-0.735,-733.5,732.765,False
P0_ADC__file_name__matlab1,S_Amp_V2_iqr,0.05,55.0,54.95,False
P0_ADC__file_name__matlab1,S_Amp_V2_count,12.0,12,0.0,True
P0_ADC__file_name__matlab1,S_Amp_V3,-0.325,-323.0,322.675,False
P0_ADC__file_name__matlab1,S_Amp_V3_iqr,0.0575,59.25,59.1925,False
P0_ADC__file_name__matlab1,S_Amp_V3_count,12.0,12,0.0,True
P0_ADC__file_name__matlab1,S_Amp_V4,-0.13,-128.5,128.37,False
P0_ADC__file_name__matlab1,S_Amp_V4_iqr,0.03,26.25,26.22,False
P0_ADC__file_name__matlab1,S_Amp_V4_count,12.0,12,0.0,True
P0_ADC__file_name__matlab1,S_Amp_V5,-0.065,-61.0,60.935,False
P0_ADC__file_name__matlab1,S_Amp_V5_iqr,0.04,37.5,37.46,False
P0_ADC__file_name__matlab1,S_Amp_V5_count,12.0,12,0.0,True
P0_ADC__file_name__matlab1,S_Amp_V6,-0.09,-86.0,85.91,False
P0_ADC__file_name__matlab1,S_Amp_V6_iqr,0.0625,67.5,67.4375,False
P0_ADC__file_name__matlab1,S_Amp_V6_count,12.0,12,0.0,True
P0_ADC__file_name__matlab1,S_Amp_aVF,-0.065,32.5,32.565,False
P0_ADC__file_name__matlab1,S_Amp_aVF_iqr,0.0275,30.25,30.2225,False
P0_ADC__file_name__matlab1,S_Amp_aVF_count,12.0,12,0.0,True
P0_ADC__file_name__matlab1,S_Amp_aVL,-0.07,-32.0,31.93,False
P0_ADC__file_name__matlab1,S_Amp_aVL_iqr,0.0699999999999999,62.5,62.43,False
P0_ADC__file_name__matlab1,S_Amp_aVL_count,12.0,12,0.0,True
P0_ADC__file_name__matlab1,S_Amp_aVR,0.07,70.5,70.43,False
P0_ADC__file_name__matlab1,S_Amp_aVR_iqr,0.035,36.0,35.965,False
P0_ADC__file_name__matlab1,S_Amp_aVR_count,12.0,12,0.0,True
P0_ADC__file_name__matlab1,T_Amp_I,0.065,66.0,65.935,False
P0_ADC__file_name__matlab1,T_Amp_I_iqr,0.03,30.75,30.72,False
P0_ADC__file_name__matlab1,T_Amp_I_count,12.0,12,0.0,True
P0_ADC__file_name__matlab1,T_Amp_II,-0.1,-101.5,101.4,False
P0_ADC__file_name__matlab1,T_Amp_II_iqr,0.025,28.75,28.725,False
P0_ADC__file_name__matlab1,T_Amp_II_count,12.0,12,0.0,True
P0_ADC__file_name__matlab1,T_Amp_III,-0.15,-152.5,152.35,False
P0_ADC__file_name__matlab1,T_Amp_III_iqr,0.055,57.0,56.945,False
P0_ADC__file_name__matlab1,T_Amp_III_count,12.0,12,0.0,True
P0_ADC__file_name__matlab1,T_Amp_V1,0.11,110.0,109.89,False
P0_ADC__file_name__matlab1,T_Amp_V1_iqr,0.0249999999999999,23.5,23.475,False
P0_ADC__file_name__matlab1,T_Amp_V1_count,12.0,12,0.0,True
P0_ADC__file_name__matlab1,T_Amp_V2,0.29,290.5,290.21,False
P0_ADC__file_name__matlab1,T_Amp_V2_iqr,0.0399999999999999,45.75,45.71,False
P0_ADC__file_name__matlab1,T_Amp_V2_count,12.0,12,0.0,True
P0_ADC__file_name__matlab1,T_Amp_V3,0.17,174.0,173.83,False
P0_ADC__file_name__matlab1,T_Amp_V3_iqr,0.0375,40.25,40.2125,False
P0_ADC__file_name__matlab1,T_Amp_V3_count,12.0,12,0.0,True
P0_ADC__file_name__matlab1,T_Amp_V4,0.055,54.5,54.445,False
P0_ADC__file_name__matlab1,T_Amp_V4_iqr,0.035,36.5,36.465,False
P0_ADC__file_name__matlab1,T_Amp_V4_count,12.0,12,0.0,True
P0_ADC__file_name__matlab1,T_Amp_V5,-0.115,-119.0,118.885,False
P0_ADC__file_name__matlab1,T_Amp_V5_iqr,0.0475,55.0,54.9525,False
P0_ADC__file_name__matlab1,T_Amp_V5_count,12.0,12,0.0,True
P0_ADC__file_name__matlab1,T_Amp_V6,-0.11,-115.0,114.89,False
P0_ADC__file_name__matlab1,T_Amp_V6_iqr,0.0575,62.25,62.1925,False
P0_ADC__file_name__matlab1,T_Amp_V6_count,12.0,12,0.0,True
P0_ADC__file_name__matlab1,T_Amp_aVF,-0.1149999999999999,108.5,108.615,False
P0_ADC__file_name__matlab1,T_Amp_aVF_iqr,0.0425,29.25,29.2075,False
P0_ADC__file_name__matlab1,T_Amp_aVF_count,12.0,12,0.0,True
P0_ADC__file_name__matlab1,T_Amp_aVL,0.1,-111.5,111.6,False
P0_ADC__file_name__matlab1,T_Amp_aVL_iqr,0.0424999999999999,48.25,48.2075,False
P0_ADC__file_name__matlab1,T_Amp_aVL_count,12.0,12,0.0,True
P0_ADC__file_name__matlab1,T_Amp_aVR,-0.015,-14.0,13.985,False
P0_ADC__file_name__matlab1,T_Amp_aVR_iqr,0.0225,22.5,22.4775,False
P0_ADC__file_name__matlab1,T_Amp_aVR_count,12.0,12,0.0,True
P2_isoline__csv_name__wfdb0,P_Amp_I,0.075,0.11513623046874999,0.04013623046874999,False
P2_isoline__csv_name__wfdb0,P_Amp_I_iqr,0.0325,0.02875000000000001,0.0037499999999999895,False
P2_isoline__csv_name__wfdb0,P_Amp_I_count,12.0,12,0.0,True
P2_isoline__csv_name__wfdb0,P_Amp_II,0.125,0.09932421874999998,0.025675781250000015,False
P2_isoline__csv_name__wfdb0,P_Amp_II_iqr,0.0325,0.036000000000000004,0.003500000000000003,False
P2_isoline__csv_name__wfdb0,P_Amp_II_count,12.0,12,0.0,True
P2_isoline__csv_name__wfdb0,P_Amp_III,0.075,0.010825683593750066,0.06417431640624993,False
P2_isoline__csv_name__wfdb0,P_Amp_III_iqr,0.0249999999999999,0.03325,0.008250000000000101,False
P2_isoline__csv_name__wfdb0,P_Amp_III_count,12.0,12,0.0,True
P2_isoline__csv_name__wfdb0,P_Amp_V1,-0.04,-0.054486816406249826,0.014486816406249825,False
P2_isoline__csv_name__wfdb0,P_Amp_V1_iqr,0.0025,0.019250000000000003,0.016750000000000004,False
P2_isoline__csv_name__wfdb0,P_Amp_V1_count,12.0,12,0.0,True
P2_isoline__csv_name__wfdb0,P_Amp_V2,-0.04,0.020521484375000044,0.060521484375000045,False
P2_isoline__csv_name__wfdb0,P_Amp_V2_iqr,0.01,0.011500000000000003,0.001500000000000003,False
P2_isoline__csv_name__wfdb0,P_Amp_V2_count,12.0,12,0.0,True
P2_isoline__csv_name__wfdb0,P_Amp_V3,-0.04,0.006915039062500048,0.04691503906250005,False
P2_isoline__csv_name__wfdb0,P_Amp_V3_iqr,0.035,0.035750000000000004,0.0007500000000000007,False
P2_isoline__csv_name__wfdb0,P_Amp_V3_count,12.0,12,0.0,True
P2_isoline__csv_name__wfdb0,P_Amp_V4,0.025,0.06081396484374999,0.03581396484374999,False
P2_isoline__csv_name__wfdb0,P_Amp_V4_iqr,0.0275,0.024499999999999994,0.003000000000000006,False
P2_isoline__csv_name__wfdb0,P_Amp_V4_count,12.0,12,0.0,True
P2_isoline__csv_name__wfdb0,P_Amp_V5,0.03,0.03242724609374999,0.002427246093749988,False
P2_isoline__csv_name__wfdb0,P_Amp_V5_iqr,0.0375,0.038250000000000006,0.0007500000000000076,False
P2_isoline__csv_name__wfdb0,P_Amp_V5_count,12.0,12,0.0,True
P2_isoline__csv_name__wfdb0,P_Amp_V6,0.04,0.049632324218749975,0.009632324218749974,False
P2_isoline__csv_name__wfdb0,P_Amp_V6_iqr,0.05,0.054000000000000006,0.0040000000000000036,False
P2_isoline__csv_name__wfdb0,P_Amp_V6_count,12.0,12,0.0,True
P2_isoline__csv_name__wfdb0,P_Amp_aVF,0.09,0.046470214843750024,0.04352978515624997,False
P2_isoline__csv_name__wfdb0,P_Amp_aVF_iqr,0.0325,0.022249999999999992,0.010250000000000009,False
P2_isoline__csv_name__wfdb0,P_Amp_aVF_count,12.0,12,0.0,True
P2_isoline__csv_name__wfdb0,P_Amp_aVL,0.02,0.053017089843750004,0.03301708984375,False
P2_isoline__csv_name__wfdb0,P_Amp_aVL_iqr,0.045,0.04450000000000001,0.0004999999999999866,False
P2_isoline__csv_name__wfdb0,P_Amp_aVL_count,12.0,12,0.0,True
P2_isoline__csv_name__wfdb0,P_Amp_aVR,-0.095,-0.08712353515625001,0.007876464843749986,False
P2_isoline__csv_name__wfdb0,P_Amp_aVR_iqr,0.02,0.020500000000000004,0.0005000000000000039,False
P2_isoline__csv_name__wfdb0,P_Amp_aVR_count,12.0,12,0.0,True
P2_isoline__csv_name__wfdb0,Q_Amp_I,-0.14,-0.11936376953125001,0.020636230468750003,False
P2_isoline__csv_name__wfdb0,Q_Amp_I_iqr,0.0425,0.041249999999999995,0.001250000000000008,False
P2_isoline__csv_name__wfdb0,Q_Amp_I_count,12.0,12,0.0,True
P2_isoline__csv_name__wfdb0,Q_Amp_II,-0.14,-0.17967578125,0.039675781249999986,False
P2_isoline__csv_name__wfdb0,Q_Amp_II_iqr,0.0325,0.03699999999999998,0.004499999999999976,False
P2_isoline__csv_name__wfdb0,Q_Amp_II_count,12.0,12,0.0,True
P2_isoline__csv_name__wfdb0,Q_Amp_III,0.06,-0.004674316406249927,0.06467431640624993,False
P2_isoline__csv_name__wfdb0,Q_Amp_III_iqr,0.035,0.03825,0.003249999999999996,False
P2_isoline__csv_name__wfdb0,Q_Amp_III_count,12.0,12,0.0,True
P2_isoline__csv_name__wfdb0,Q_Amp_V1,0.2,0.18201318359375018,0.017986816406249828,False
P2_isoline__csv_name__wfdb0,Q_Amp_V1_iqr,0.0399999999999999,0.04799999999999999,0.00800000000000009,False
P2_isoline__csv_name__wfdb0,Q_Amp_V1_count,12.0,12,0.0,True
P2_isoline__csv_name__wfdb0,Q_Amp_V2,-0.0849999999999999,-0.016978515624999954,0.06802148437499994,False
P2_isoline__csv_name__wfdb0,Q_Amp_V2_iqr,0.0224999999999999,0.01800000000000001,0.0044999999999998895,False
P2_isoline__csv_name__wfdb0,Q_Amp_V2_count,12.0,12,0.0,True
P2_isoline__csv_name__wfdb0,Q_Amp_V3,-0.045,0.0029150390625000515,0.04791503906250005,False
P2_isoline__csv_name__wfdb0,Q_Amp_V3_iqr,0.0325,0.032,0.0005000000000000004,False
P2_isoline__csv_name__wfdb0,Q_Amp_V3_count,12.0,12,0.0,True
P2_isoline__csv_name__wfdb0,Q_Amp_V4,-0.1,-0.05268603515625001,0.047313964843749994,False
P2_isoline__csv_name__wfdb0,Q_Amp_V4_iqr,0.0125,0.02975,0.017249999999999998,False
P2_isoline__csv_name__wfdb0,Q_Amp_V4_count,12.0,12,0.0,True
P2_isoline__csv_name__wfdb0,Q_Amp_V5,-0.17,-0.16607275390625,0.003927246093750003,False
P2_isoline__csv_name__wfdb0,Q_Amp_V5_iqr,0.0375,0.06125,0.02375,False
P2_isoline__csv_name__wfdb0,Q_Amp_V5_count,12.0,12,0.0,True
P2_isoline__csv_name__wfdb0,Q_Amp_V6,-0.155,-0.14836767578125004,0.006632324218749958,False
P2_isoline__csv_name__wfdb0,Q_Amp_V6_iqr,0.0499999999999999,0.05374999999999999,0.0037500000000000935,False
P2_isoline__csv_name__wfdb0,Q_Amp_V6_count,12.0,12,0.0,True
P2_isoline__csv_name__wfdb0,Q_Amp_aVF,-0.105,-0.16802978515624997,0.06302978515624998,False
P2_isoline__csv_name__wfdb0,Q_Amp_aVF_iqr,0.0375,0.04400000000000001,0.006500000000000013,False
P2_isoline__csv_name__wfdb0,Q_Amp_aVF_count,12.0,12,0.0,True
P2_isoline__csv_name__wfdb0,Q_Amp_aVL,-0.075,-0.046982910156249995,0.028017089843750002,False
P2_isoline__csv_name__wfdb0,Q_Amp_aVL_iqr,0.0424999999999999,0.05150000000000001,0.009000000000000112,False
P2_isoline__csv_name__wfdb0,Q_Amp_aVL_count,12.0,12,0.0,True
P2_isoline__csv_name__wfdb0,Q_Amp_aVR,0.145,0.14987646484374997,0.004876464843749984,False
P2_isoline__csv_name__wfdb0,Q_Amp_aVR_iqr,0.0325,0.018500000000000016,0.013999999999999985,False
P2_isoline__csv_name__wfdb0,Q_Amp_aVR_count,12.0,12,0.0,True
P2_isoline__csv_name__wfdb0,R_Amp_I,1.6,1.70313623046875,0.10313623046874998,False
P2_isoline__csv_name__wfdb0,R_Amp_I_iqr,0.1224999999999998,0.10424999999999995,0.01824999999999985,False
P2_isoline__csv_name__wfdb0,R_Amp_I_count,12.0,12,0.0,True
P2_isoline__csv_name__wfdb0,R_Amp_II,0.975,1.0003242187499999,0.025324218749999905,False
P2_isoline__csv_name__wfdb0,R_Amp_II_iqr,0.045,0.03650000000000009,0.00849999999999991,False
P2_isoline__csv_name__wfdb0,R_Amp_II_count,12.0,12,0.0,True
P2_isoline__csv_name__wfdb0,R_Amp_III,-0.71,-0.76767431640625,0.05767431640624998,False
P2_isoline__csv_name__wfdb0,R_Amp_III_iqr,0.14,0.11849999999999983,0.021500000000000186,False
P2_isoline__csv_name__wfdb0,R_Amp_III_count,12.0,12,0.0,True
P2_isoline__csv_name__wfdb0,R_Amp_V1,-0.955,-0.9714868164062498,0.016486816406249827,False
P2_isoline__csv_name__wfdb0,R_Amp_V1_iqr,0.1149999999999999,0.12650000000000006,0.011500000000000163,False
P2_isoline__csv_name__wfdb0,R_Amp_V1_count,12.0,12,0.0,True
P2_isoline__csv_name__wfdb0,R_Amp_V2,0.885,1.0125214843750001,0.1275214843750001,False
P2_isoline__csv_name__wfdb0,R_Amp_V2_iqr,0.075,0.06550000000000034,0.009499999999999661,False
P2_isoline__csv_name__wfdb0,R_Amp_V2_count,12.0,12,0.0,True
P2_isoline__csv_name__wfdb0,R_Amp_V3,1.68,1.7669150390625,0.08691503906249998,False
P2_isoline__csv_name__wfdb0,R_Amp_V3_iqr,0.0949999999999999,0.12500000000000022,0.030000000000000318,False
P2_isoline__csv_name__wfdb0,R_Amp_V3_count,12.0,12,0.0,True
P2_isoline__csv_name__wfdb0,R_Amp_V4,1.835,1.93631396484375,0.10131396484374999,False
P2_isoline__csv_name__wfdb0,R_Amp_V4_iqr,0.1624999999999998,0.16474999999999973,0.0022499999999999187,False
P2_isoline__csv_name__wfdb0,R_Amp_V4_count,12.0,12,0.0,True
P2_isoline__csv_name__wfdb0,R_Amp_V5,1.6,1.63392724609375,0.03392724609374986,False
P2_isoline__csv_name__wfdb0,R_Amp_V5_iqr,0.0749999999999997,0.06349999999999989,0.011499999999999816,False
P2_isoline__csv_name__wfdb0,R_Amp_V5_count,12.0,12,0.0,True
P2_isoline__csv_name__wfdb0,R_Amp_V6,1.17,1.1751323242187497,0.005132324218749762,False
P2_isoline__csv_name__wfdb0,R_Amp_V6_iqr,0.0524999999999999,0.06499999999999995,0.012500000000000046,False
P2_isoline__csv_name__wfdb0,R_Amp_V6_count,12.0,12,0.0,True
P2_isoline__csv_name__wfdb0,R_Amp_aVF,0.255,0.18597021484375004,0.06902978515624997,False
P2_isoline__csv_name__wfdb0,R_Amp_aVF_iqr,0.09,0.08950000000000002,0.0004999999999999727,False
P2_isoline__csv_name__wfdb0,R_Amp_aVF_count,12.0,12,0.0,True
P2_isoline__csv_name__wfdb0,R_Amp_aVL,1.15,1.1940170898437499,0.04401708984374997,False
P2_isoline__csv_name__wfdb0,R_Amp_aVL_iqr,0.1549999999999998,0.10250000000000004,0.05249999999999977,False
P2_isoline__csv_name__wfdb0,R_Amp_aVL_count,12.0,12,0.0,True
P2_isoline__csv_name__wfdb0,R_Amp_aVR,-1.3,-1.30162353515625,0.0016235351562499112,False
P2_isoline__csv_name__wfdb0,R_Amp_aVR_iqr,0.09,0.023249999999999993,0.06675,False
P2_isoline__csv_name__wfdb0,R_Amp_aVR_count,12.0,12,0.0,True
P2_isoline__csv_name__wfdb0,S_Amp_I,-0.12,-0.08086376953125,0.03913623046874999,False
P2_isoline__csv_name__wfdb0,S_Amp_I_iqr,0.0525,0.04175000000000001,0.010749999999999989,False
P2_isoline__csv_name__wfdb0,S_Amp_I_count,12.0,12,0.0,True
P2_isoline__csv_name__wfdb0,S_Amp_II,-0.0849999999999999,-0.10917578125000002,0.024175781250000125,False
P2_isoline__csv_name__wfdb0,S_Amp_II_iqr,0.0375,0.03,0.0075,False
P2_isoline__csv_name__wfdb0,S_Amp_II_count,12.0,12,0.0,True
P2_isoline__csv_name__wfdb0,S_Amp_III,-0.02,-0.09867431640624993,0.07867431640624993,False
P2_isoline__csv_name__wfdb0,S_Amp_III_iqr,0.09,0.144,0.05399999999999999,False
P2_isoline__csv_name__wfdb0,S_Amp_III_count,12.0,12,0.0,True
P2_isoline__csv_name__wfdb0,S_Amp_V1,0.02,0.003013183593750175,0.016986816406249827,False
P2_isoline__csv_name__wfdb0,S_Amp_V1_iqr,0.025,0.025500000000000002,0.0005000000000000004,False
P2_isoline__csv_name__wfdb0,S_Amp_V1_count,12.0,12,0.0,True
P2_isoline__csv_name__wfdb0,S_Amp_V2,-0.735,-0.514978515625,0.22002148437500002,False
P2_isoline__csv_name__wfdb0,S_Amp_V2_iqr,0.05,0.06749999999999995,0.017499999999999946,False
P2_isoline__csv_name__wfdb0,S_Amp_V2_count,12.0,12,0.0,True
P2_isoline__csv_name__wfdb0,S_Amp_V3,-0.325,-0.18908496093749996,0.13591503906250005,False
P2_isoline__csv_name__wfdb0,S_Amp_V3_iqr,0.0575,0.032,0.025500000000000002,False
P2_isoline__csv_name__wfdb0,S_Amp_V3_count,12.0,12,0.0,True
P2_isoline__csv_name__wfdb0,S_Amp_V4,-0.13,-0.08418603515625,0.04581396484375,False
P2_isoline__csv_name__wfdb0,S_Amp_V4_iqr,0.03,0.025999999999999995,0.0040000000000000036,False
P2_isoline__csv_name__wfdb0,S_Amp_V4_count,12.0,12,0.0,True
P2_isoline__csv_name__wfdb0,S_Amp_V5,-0.065,-0.07357275390625001,0.008572753906250008,False
P2_isoline__csv_name__wfdb0,S_Amp_V5_iqr,0.04,0.04549999999999999,0.005499999999999991,False
P2_isoline__csv_name__wfdb0,S_Amp_V5_count,12.0,12,0.0,True
P2_isoline__csv_name__wfdb0,S_Amp_V6,-0.09,-0.07436767578125003,0.015632324218749966,False
P2_isoline__csv_name__wfdb0,S_Amp_V6_iqr,0.0625,0.06375,0.0012500000000000011,False
P2_isoline__csv_name__wfdb0,S_Amp_V6_count,12.0,12,0.0,True
P2_isoline__csv_name__wfdb0,S_Amp_aVF,-0.065,-0.11052978515624998,0.045529785156249974,False
P2_isoline__csv_name__wfdb0,S_Amp_aVF_iqr,0.0275,0.03849999999999999,0.010999999999999992,False
P2_isoline__csv_name__wfdb0,S_Amp_aVF_count,12.0,12,0.0,True
P2_isoline__csv_name__wfdb0,S_Amp_aVL,-0.07,-0.03698291015624999,0.033017089843750014,False
P2_isoline__csv_name__wfdb0,S_Amp_aVL_iqr,0.0699999999999999,0.06675,0.003249999999999892,False
P2_isoline__csv_name__wfdb0,S_Amp_aVL_count,12.0,12,0.0,True
P2_isoline__csv_name__wfdb0,S_Amp_aVR,0.07,0.08837646484374997,0.018376464843749968,False
P2_isoline__csv_name__wfdb0,S_Amp_aVR_iqr,0.035,0.028749999999999998,0.0062500000000000056,False
P2_isoline__csv_name__wfdb0,S_Amp_aVR_count,12.0,12,0.0,True
P2_isoline__csv_name__wfdb0,T_Amp_I,0.065,0.10663623046875,0.04163623046874999,False
P2_isoline__csv_name__wfdb0,T_Amp_I_iqr,0.03,0.022499999999999992,0.007500000000000007,False
P2_isoline__csv_name__wfdb0,T_Amp_I_count,12.0,12,0.0,True
P2_isoline__csv_name__wfdb0,T_Amp_II,-0.1,-0.12417578125000002,0.024175781250000014,False
P2_isoline__csv_name__wfdb0,T_Amp_II_iqr,0.025,0.0295,0.004499999999999997,False
P2_isoline__csv_name__wfdb0,T_Amp_II_count,12.0,12,0.0,True
P2_isoline__csv_name__wfdb0,T_Amp_III,-0.15,-0.21767431640624993,0.06767431640624993,False
P2_isoline__csv_name__wfdb0,T_Amp_III_iqr,0.055,0.058750000000000024,0.003750000000000024,False
P2_isoline__csv_name__wfdb0,T_Amp_III_count,12.0,12,0.0,True
P2_isoline__csv_name__wfdb0,T_Amp_V1,0.11,0.09601318359375018,0.013986816406249825,False
P2_isoline__csv_name__wfdb0,T_Amp_V1_iqr,0.0249999999999999,0.023749999999999993,0.0012499999999999074,False
P2_isoline__csv_name__wfdb0,T_Amp_V1_count,12.0,12,0.0,True
P2_isoline__csv_name__wfdb0,T_Amp_V2,0.29,0.349021484375,0.059021484375000044,False
P2_isoline__csv_name__wfdb0,T_Amp_V2_iqr,0.0399999999999999,0.04625000000000001,0.006250000000000117,False
P2_isoline__csv_name__wfdb0,T_Amp_V2_count,12.0,12,0.0,True
P2_isoline__csv_name__wfdb0,T_Amp_V3,0.17,0.21491503906250006,0.04491503906250005,False
P2_isoline__csv_name__wfdb0,T_Amp_V3_iqr,0.0375,0.04100000000000001,0.00350000000000001,False
P2_isoline__csv_name__wfdb0,T_Amp_V3_count,12.0,12,0.0,True
P2_isoline__csv_name__wfdb0,T_Amp_V4,0.055,0.09281396484374999,0.037813964843749985,False
P2_isoline__csv_name__wfdb0,T_Amp_V4_iqr,0.035,0.03574999999999999,0.0007499999999999868,False
P2_isoline__csv_name__wfdb0,T_Amp_V4_count,12.0,12,0.0,True
P2_isoline__csv_name__wfdb0,T_Amp_V5,-0.115,-0.11307275390625,0.0019272460937500013,False
P2_isoline__csv_name__wfdb0,T_Amp_V5_iqr,0.0475,0.051000000000000004,0.003500000000000003,False
P2_isoline__csv_name__wfdb0,T_Amp_V5_count,12.0,12,0.0,True
P2_isoline__csv_name__wfdb0,T_Amp_V6,-0.11,-0.10436767578125003,0.005632324218749971,False
P2_isoline__csv_name__wfdb0,T_Amp_V6_iqr,0.0575,0.06675,0.009250000000000001,False
P2_isoline__csv_name__wfdb0,T_Amp_V6_count,12.0,12,0.0,True
P2_isoline__csv_name__wfdb0,T_Amp_aVF,-0.1149999999999999,-0.16452978515625,0.0495297851562501,False
P2_isoline__csv_name__wfdb0,T_Amp_aVF_iqr,0.0425,0.047000000000000014,0.004500000000000011,False
P2_isoline__csv_name__wfdb0,T_Amp_aVF_count,12.0,12,0.0,True
P2_isoline__csv_name__wfdb0,T_Amp_aVL,0.1,0.13951708984375,0.03951708984374999,False
P2_isoline__csv_name__wfdb0,T_Amp_aVL_iqr,0.0424999999999999,0.036000000000000004,0.006499999999999895,False
P2_isoline__csv_name__wfdb0,T_Amp_aVL_count,12.0,12,0.0,True
P2_isoline__csv_name__wfdb0,T_Amp_aVR,-0.015,-0.015123535156250019,0.00012353515625001914,False
P2_isoline__csv_name__wfdb0,T_Amp_aVR_iqr,0.0225,0.02125,0.0012499999999999976,False
P2_isoline__csv_name__wfdb0,T_Amp_aVR_count,12.0,12,0.0,True
P2_isoline__csv_name__matlab1,P_Amp_I,0.075,0.11363623046874999,0.03863623046874999,False
P2_isoline__csv_name__matlab1,P_Amp_I_iqr,0.0325,0.029500000000000012,0.002999999999999989,False
P2_isoline__csv_name__matlab1,P_Amp_I_count,12.0,12,0.0,True
P2_isoline__csv_name__matlab1,P_Amp_II,0.125,0.09982421874999999,0.025175781250000015,False
P2_isoline__csv_name__matlab1,P_Amp_II_iqr,0.0325,0.03325,0.0007500000000000007,False
P2_isoline__csv_name__matlab1,P_Amp_II_count,12.0,12,0.0,True
P2_isoline__csv_name__matlab1,P_Amp_III,0.075,0.010325683593750072,0.06467431640624993,False
P2_isoline__csv_name__matlab1,P_Amp_III_iqr,0.0249999999999999,0.029249999999999995,0.004250000000000094,False
P2_isoline__csv_name__matlab1,P_Amp_III_count,12.0,12,0.0,True
P2_isoline__csv_name__matlab1,P_Amp_V1,-0.04,-0.05548681640624983,0.015486816406249826,False
P2_isoline__csv_name__matlab1,P_Amp_V1_iqr,0.0025,0.010999999999999996,0.008499999999999995,False
P2_isoline__csv_name__matlab1,P_Amp_V1_count,12.0,12,0.0,True
P2_isoline__csv_name__matlab1,P_Amp_V2,-0.04,0.020521484375000044,0.060521484375000045,False
P2_isoline__csv_name__matlab1,P_Amp_V2_iqr,0.01,0.012000000000000004,0.0020000000000000035,False
P2_isoline__csv_name__matlab1,P_Amp_V2_count,12.0,12,0.0,True
P2_isoline__csv_name__matlab1,P_Amp_V3,-0.04,0.006915039062500048,0.04691503906250005,False
P2_isoline__csv_name__matlab1,P_Amp_V3_iqr,0.035,0.034,0.0010000000000000009,False
P2_isoline__csv_name__matlab1,P_Amp_V3_count,12.0,12,0.0,True
P2_isoline__csv_name__matlab1,P_Amp_V4,0.025,0.06231396484374999,0.03731396484374999,False
P2_isoline__csv_name__matlab1,P_Amp_V4_iqr,0.0275,0.024999999999999994,0.0025000000000000057,False
P2_isoline__csv_name__matlab1,P_Amp_V4_count,12.0,12,0.0,True
P2_isoline__csv_name__matlab1,P_Amp_V5,0.03,0.03292724609374999,0.0029272460937499883,False
P2_isoline__csv_name__matlab1,P_Amp_V5_iqr,0.0375,0.0405,0.0030000000000000027,False
P2_isoline__csv_name__matlab1,P_Amp_V5_count,12.0,12,0.0,True
P2_isoline__csv_name__matlab1,P_Amp_V6,0.04,0.05163232421874998,0.011632324218749976,False
P2_isoline__csv_name__matlab1,P_Amp_V6_iqr,0.05,0.051750000000000004,0.0017500000000000016,False
P2_isoline__csv_name__matlab1,P_Amp_V6_count,12.0,12,0.0,True
P2_isoline__csv_name__matlab1,P_Amp_aVF,0.09,0.039970214843750025,0.05002978515624997,False
P2_isoline__csv_name__matlab1,P_Amp_aVF_iqr,0.0325,0.031750000000000014,0.0007499999999999868,False
P2_isoline__csv_name__matlab1,P_Amp_aVF_count,12.0,12,0.0,True
P2_isoline__csv_name__matlab1,P_Amp_aVL,0.02,0.054517089843750005,0.03451708984375,False
P2_isoline__csv_name__matlab1,P_Amp_aVL_iqr,0.045,0.04725000000000001,0.002250000000000009,False
P2_isoline__csv_name__matlab1,P_Amp_aVL_count,12.0,12,0.0,True
P2_isoline__csv_name__matlab1,P_Amp_aVR,-0.095,-0.09212353515625002,0.002876464843749982,False
P2_isoline__csv_name__matlab1,P_Amp_aVR_iqr,0.02,0.0175,0.0024999999999999988,False
P2_isoline__csv_name__matlab1,P_Amp_aVR_count,12.0,12,0.0,True
P2_isoline__csv_name__matlab1,Q_Amp_I,-0.14,-0.10186376953125001,0.038136230468750004,False
P2_isoline__csv_name__matlab1,Q_Amp_I_iqr,0.0425,0.03949999999999999,0.0030000000000000096,False
P2_isoline__csv_name__matlab1,Q_Amp_I_count,12.0,12,0.0,True
P2_isoline__csv_name__matlab1,Q_Amp_II,-0.14,-0.16767578125,0.027675781249999976,False
P2_isoline__csv_name__matlab1,Q_Amp_II_iqr,0.0325,0.02874999999999997,0.003750000000000031,False
P2_isoline__csv_name__matlab1,Q_Amp_II_count,12.0,12,0.0,True
P2_isoline__csv_name__matlab1,Q_Amp_III,0.06,-0.005174316406249928,0.06517431640624993,False
P2_isoline__csv_name__matlab1,Q_Amp_III_iqr,0.035,0.03675,0.0017499999999999946,False
P2_isoline__csv_name__matlab1,Q_Amp_III_count,12.0,12,0.0,True
P2_isoline__csv_name__matlab1,Q_Amp_V1,0.2,0.1875131835937502,0.012486816406249823,False
P2_isoline__csv_name__matlab1,Q_Amp_V1_iqr,0.0399999999999999,0.037750000000000006,0.002249999999999891,False
P2_isoline__csv_name__matlab1,Q_Amp_V1_count,12.0,12,0.0,True
P2_isoline__csv_name__matlab1,Q_Amp_V2,-0.0849999999999999,-0.02197851562499996,0.06302148437499994,False
P2_isoline__csv_name__matlab1,Q_Amp_V2_iqr,0.0224999999999999,0.015749999999999997,0.006749999999999902,False
P2_isoline__csv_name__matlab1,Q_Amp_V2_count,12.0,12,0.0,True
P2_isoline__csv_name__matlab1,Q_Amp_V3,-0.045,-0.003084960937499947,0.04191503906250005,False
P2_isoline__csv_name__matlab1,Q_Amp_V3_iqr,0.0325,0.0325,0.0,True
P2_isoline__csv_name__matlab1,Q_Amp_V3_count,12.0,12,0.0,True
P2_isoline__csv_name__matlab1,Q_Amp_V4,-0.1,-0.05868603515625001,0.041313964843749995,False
P2_isoline__csv_name__matlab1,Q_Amp_V4_iqr,0.0125,0.01625,0.00375,False
P2_isoline__csv_name__matlab1,Q_Amp_V4_count,12.0,12,0.0,True
P2_isoline__csv_name__matlab1,Q_Amp_V5,-0.17,-0.16607275390625,0.003927246093750003,False
P2_isoline__csv_name__matlab1,Q_Amp_V5_iqr,0.0375,0.03874999999999998,0.0012499999999999803,False
P2_isoline__csv_name__matlab1,Q_Amp_V5_count,12.0,12,0.0,True
P2_isoline__csv_name__matlab1,Q_Amp_V6,-0.155,-0.14336767578125004,0.011632324218749962,False
P2_isoline__csv_name__matlab1,Q_Amp_V6_iqr,0.0499999999999999,0.05224999999999999,0.002250000000000092,False
P2_isoline__csv_name__matlab1,Q_Amp_V6_count,12.0,12,0.0,True
P2_isoline__csv_name__matlab1,Q_Amp_aVF,-0.105,-0.15152978515624999,0.04652978515624999,False
P2_isoline__csv_name__matlab1,Q_Amp_aVF_iqr,0.0375,0.04000000000000001,0.002500000000000009,False
P2_isoline__csv_name__matlab1,Q_Amp_aVF_count,12.0,12,0.0,True
P2_isoline__csv_name__matlab1,Q_Amp_aVL,-0.075,-0.04148291015624999,0.03351708984375001,False
P2_isoline__csv_name__matlab1,Q_Amp_aVL_iqr,0.0424999999999999,0.045500000000000006,0.0030000000000001067,False
P2_isoline__csv_name__matlab1,Q_Amp_aVL_count,12.0,12,0.0,True
P2_isoline__csv_name__matlab1,Q_Amp_aVR,0.145,0.14337646484375,0.0016235351562499944,False
P2_isoline__csv_name__matlab1,Q_Amp_aVR_iqr,0.0325,0.026749999999999996,0.005750000000000005,False
P2_isoline__csv_name__matlab1,Q_Amp_aVR_count,12.0,12,0.0,True
P2_isoline__csv_name__matlab1,R_Amp_I,1.6,1.6381362304687501,0.03813623046875003,False
P2_isoline__csv_name__matlab1,R_Amp_I_iqr,0.1224999999999998,0.1217499999999998,0.0007500000000000007,False
P2_isoline__csv_name__matlab1,R_Amp_I_count,12.0,12,0.0,True
P2_isoline__csv_name__matlab1,R_Amp_II,0.975,0.9538242187499999,0.02117578125000008,False
P2_isoline__csv_name__matlab1,R_Amp_II_iqr,0.045,0.04375000000000007,0.0012499999999999317,False
P2_isoline__csv_name__matlab1,R_Amp_II_count,12.0,12,0.0,True
P2_isoline__csv_name__matlab1,R_Amp_III,-0.71,-0.7721743164062499,0.06217431640624993,False
P2_isoline__csv_name__matlab1,R_Amp_III_iqr,0.14,0.13250000000000006,0.007499999999999951,False
P2_isoline__csv_name__matlab1,R_Amp_III_count,12.0,12,0.0,True
P2_isoline__csv_name__matlab1,R_Amp_V1,-0.955,-0.9669868164062498,0.011986816406249878,False
P2_isoline__csv_name__matlab1,R_Amp_V1_iqr,0.1149999999999999,0.11649999999999983,0.001499999999999932,False
P2_isoline__csv_name__matlab1,R_Amp_V1_count,12.0,12,0.0,True
P2_isoline__csv_name__matlab1,R_Amp_V2,0.885,0.9440214843750001,0.0590214843750001,False
P2_isoline__csv_name__matlab1,R_Amp_V2_iqr,0.075,0.07250000000000001,0.0024999999999999883,False
P2_isoline__csv_name__matlab1,R_Amp_V2_count,12.0,12,0.0,True
P2_isoline__csv_name__matlab1,R_Amp_V3,1.68,1.7254150390625,0.04541503906250011,False
P2_isoline__csv_name__matlab1,R_Amp_V3_iqr,0.0949999999999999,0.10150000000000015,0.006500000000000242,False
P2_isoline__csv_name__matlab1,R_Amp_V3_count,12.0,12,0.0,True
P2_isoline__csv_name__matlab1,R_Amp_V4,1.835,1.87931396484375,0.04431396484375005,False
P2_isoline__csv_name__matlab1,R_Amp_V4_iqr,0.1624999999999998,0.15549999999999997,0.00699999999999984,False
P2_isoline__csv_name__matlab1,R_Amp_V4_count,12.0,12,0.0,True
P2_isoline__csv_name__matlab1,R_Amp_V5,1.6,1.60342724609375,0.0034272460937498916,False
P2_isoline__csv_name__matlab1,R_Amp_V5_iqr,0.0749999999999997,0.07125000000000004,0.0037499999999996703,False
P2_isoline__csv_name__matlab1,R_Amp_V5_count,12.0,12,0.0,True
P2_isoline__csv_name__matlab1,R_Amp_V6,1.17,1.1821323242187498,0.01213232421874988,False
P2_isoline__csv_name__matlab1,R_Amp_V6_iqr,0.0524999999999999,0.052000000000000046,0.0004999999999998547,False
P2_isoline__csv_name__matlab1,R_Amp_V6_count,12.0,12,0.0,True
P2_isoline__csv_name__matlab1,R_Amp_aVF,0.255,0.20547021484375003,0.04952978515624998,False
P2_isoline__csv_name__matlab1,R_Amp_aVF_iqr,0.09,0.08925,0.0007500000000000007,False
P2_isoline__csv_name__matlab1,R_Amp_aVF_count,12.0,12,0.0,True
P2_isoline__csv_name__matlab1,R_Amp_aVL,1.15,1.1840170898437499,0.03401708984374996,False
P2_isoline__csv_name__matlab1,R_Amp_aVL_iqr,0.1549999999999998,0.15174999999999983,0.003249999999999975,False
P2_isoline__csv_name__matlab1,R_Amp_aVL_count,12.0,12,0.0,True
P2_isoline__csv_name__matlab1,R_Amp_aVR,-1.3,-1.29862353515625,0.0013764648437499805,False
P2_isoline__csv_name__matlab1,R_Amp_aVR_iqr,0.09,0.09274999999999989,0.0027499999999998914,False
P2_isoline__csv_name__matlab1,R_Amp_aVR_count,12.0,12,0.0,True
P2_isoline__csv_name__matlab1,S_Amp_I,-0.12,-0.08086376953125,0.03913623046874999,False
P2_isoline__csv_name__matlab1,S_Amp_I_iqr,0.0525,0.0505,0.001999999999999995,False
P2_isoline__csv_name__matlab1,S_Amp_I_count,12.0,12,0.0,True
P2_isoline__csv_name__matlab1,S_Amp_II,-0.0849999999999999,-0.10617578125000002,0.021175781250000122,False
P2_isoline__csv_name__matlab1,S_Amp_II_iqr,0.0375,0.031,0.006499999999999999,False
P2_isoline__csv_name__matlab1,S_Amp_II_count,12.0,12,0.0,True
P2_isoline__csv_name__matlab1,S_Amp_III,-0.02,-0.08717431640624992,0.06717431640624992,False
P2_isoline__csv_name__matlab1,S_Amp_III_iqr,0.09,0.09525000000000002,0.0052500000000000185,False
P2_isoline__csv_name__matlab1,S_Amp_III_count,12.0,12,0.0,True
P2_isoline__csv_name__matlab1,S_Amp_V1,0.02,0.0035131835937501753,0.016486816406249827,False
P2_isoline__csv_name__matlab1,S_Amp_V1_iqr,0.025,0.02575,0.0007499999999999972,False
P2_isoline__csv_name__matlab1,S_Amp_V1_count,12.0,12,0.0,True
P2_isoline__csv_name__matlab1,S_Amp_V2,-0.735,-0.6729785156249999,0.0620214843750001,False
P2_isoline__csv_name__matlab1,S_Amp_V2_iqr,0.05,0.05500000000000016,0.005000000000000157,False
P2_isoline__csv_name__matlab1,S_Amp_V2_count,12.0,12,0.0,True
P2_isoline__csv_name__matlab1,S_Amp_V3,-0.325,-0.27858496093749996,0.04641503906250005,False
P2_isoline__csv_name__matlab1,S_Amp_V3_iqr,0.0575,0.059250000000000025,0.0017500000000000224,False
P2_isoline__csv_name__matlab1,S_Amp_V3_count,12.0,12,0.0,True
P2_isoline__csv_name__matlab1,S_Amp_V4,-0.13,-0.08868603515625001,0.041313964843749995,False
P2_isoline__csv_name__matlab1,S_Amp_V4_iqr,0.03,0.026249999999999996,0.0037500000000000033,False
P2_isoline__csv_name__matlab1,S_Amp_V4_count,12.0,12,0.0,True
P2_isoline__csv_name__matlab1,S_Amp_V5,-0.065,-0.05607275390625001,0.008927246093749994,False
P2_isoline__csv_name__matlab1,S_Amp_V5_iqr,0.04,0.0375,0.0025000000000000022,False
P2_isoline__csv_name__matlab1,S_Amp_V5_count,12.0,12,0.0,True
P2_isoline__csv_name__matlab1,S_Amp_V6,-0.09,-0.07586767578125003,0.014132324218749964,False
P2_isoline__csv_name__matlab1,S_Amp_V6_iqr,0.0625,0.0675,0.0050000000000000044,False
P2_isoline__csv_name__matlab1,S_Amp_V6_count,12.0,12,0.0,True
P2_isoline__csv_name__matlab1,S_Amp_aVF,-0.065,-0.11052978515624998,0.045529785156249974,False
P2_isoline__csv_name__matlab1,S_Amp_aVF_iqr,0.0275,0.029249999999999998,0.001749999999999998,False
P2_isoline__csv_name__matlab1,S_Amp_aVF_count,12.0,12,0.0,True
P2_isoline__csv_name__matlab1,S_Amp_aVL,-0.07,-0.037982910156249994,0.03201708984375001,False
P2_isoline__csv_name__matlab1,S_Amp_aVL_iqr,0.0699999999999999,0.073,0.0030000000000001,False
P2_isoline__csv_name__matlab1,S_Amp_aVL_count,12.0,12,0.0,True
P2_isoline__csv_name__matlab1,S_Amp_aVR,0.07,0.07287646484374999,0.002876464843749982,False
P2_isoline__csv_name__matlab1,S_Amp_aVR_iqr,0.035,0.036000000000000004,0.0010000000000000009,False
P2_isoline__csv_name__matlab1,S_Amp_aVR_count,12.0,12,0.0,True
P2_isoline__csv_name__matlab1,T_Amp_I,0.065,0.10513623046875,0.04013623046874999,False
P2_isoline__csv_name__matlab1,T_Amp_I_iqr,0.03,0.03075,0.0007500000000000007,False
P2_isoline__csv_name__matlab1,T_Amp_I_count,12.0,12,0.0,True
P2_isoline__csv_name__matlab1,T_Amp_II,-0.1,-0.12617578125,0.026175781250000002,False
P2_isoline__csv_name__matlab1,T_Amp_II_iqr,0.025,0.028749999999999998,0.0037499999999999964,False
P2_isoline__csv_name__matlab1,T_Amp_II_count,12.0,12,0.0,True
P2_isoline__csv_name__matlab1,T_Amp_III,-0.15,-0.21717431640624993,0.06717431640624993,False
P2_isoline__csv_name__matlab1,T_Amp_III_iqr,0.055,0.05700000000000002,0.0020000000000000226,False
P2_isoline__csv_name__matlab1,T_Amp_III_count,12.0,12,0.0,True
P2_isoline__csv_name__matlab1,T_Amp_V1,0.11,0.09551318359375018,0.014486816406249825,False
P2_isoline__csv_name__matlab1,T_Amp_V1_iqr,0.0249999999999999,0.023499999999999993,0.0014999999999999077,False
P2_isoline__csv_name__matlab1,T_Amp_V1_count,12.0,12,0.0,True
P2_isoline__csv_name__matlab1,T_Amp_V2,0.29,0.351021484375,0.061021484375000046,False
P2_isoline__csv_name__matlab1,T_Amp_V2_iqr,0.0399999999999999,0.04574999999999996,0.005750000000000061,False
P2_isoline__csv_name__matlab1,T_Amp_V2_count,12.0,12,0.0,True
P2_isoline__csv_name__matlab1,T_Amp_V3,0.17,0.21841503906250004,0.048415039062500026,False
P2_isoline__csv_name__matlab1,T_Amp_V3_iqr,0.0375,0.04025000000000001,0.0027500000000000094,False
P2_isoline__csv_name__matlab1,T_Amp_V3_count,12.0,12,0.0,True
P2_isoline__csv_name__matlab1,T_Amp_V4,0.055,0.09431396484374999,0.039313964843749986,False
P2_isoline__csv_name__matlab1,T_Amp_V4_iqr,0.035,0.03649999999999999,0.0014999999999999875,False
P2_isoline__csv_name__matlab1,T_Amp_V4_count,12.0,12,0.0,True
P2_isoline__csv_name__matlab1,T_Amp_V5,-0.115,-0.11407275390625,0.0009272460937500004,False
P2_isoline__csv_name__matlab1,T_Amp_V5_iqr,0.0475,0.05500000000000001,0.007500000000000007,False
P2_isoline__csv_name__matlab1,T_Amp_V5_count,12.0,12,0.0,True
P2_isoline__csv_name__matlab1,T_Amp_V6,-0.11,-0.10486767578125003,0.00513232421874997,False
P2_isoline__csv_name__matlab1,T_Amp_V6_iqr,0.0575,0.06225,0.004749999999999997,False
P2_isoline__csv_name__matlab1,T_Amp_V6_count,12.0,12,0.0,True
P2_isoline__csv_name__matlab1,T_Amp_aVF,-0.1149999999999999,-0.16352978515625,0.0485297851562501,False
P2_isoline__csv_name__matlab1,T_Amp_aVF_iqr,0.0425,0.048250000000000015,0.005750000000000012,False
P2_isoline__csv_name__matlab1,T_Amp_aVF_count,12.0,12,0.0,True
P2_isoline__csv_name__matlab1,T_Amp_aVL,0.1,0.13851708984375,0.03851708984374999,False
P2_isoline__csv_name__matlab1,T_Amp_aVL_iqr,0.0424999999999999,0.037000000000000005,0.005499999999999894,False
P2_isoline__csv_name__matlab1,T_Amp_aVL_count,12.0,12,0.0,True
P2_isoline__csv_name__matlab1,T_Amp_aVR,-0.015,-0.011623535156250019,0.0033764648437499805,False
P2_isoline__csv_name__matlab1,T_Amp_aVR_iqr,0.0225,0.0225,0.0,True
P2_isoline__csv_name__matlab1,T_Amp_aVR_count,12.0,12,0.0,True
P2_isoline__file_name__wfdb0,P_Amp_I,0.075,0.11513623046874999,0.04013623046874999,False
P2_isoline__file_name__wfdb0,P_Amp_I_iqr,0.0325,0.02875000000000001,0.0037499999999999895,False
P2_isoline__file_name__wfdb0,P_Amp_I_count,12.0,12,0.0,True
P2_isoline__file_name__wfdb0,P_Amp_II,0.125,0.09932421874999998,0.025675781250000015,False
P2_isoline__file_name__wfdb0,P_Amp_II_iqr,0.0325,0.036000000000000004,0.003500000000000003,False
P2_isoline__file_name__wfdb0,P_Amp_II_count,12.0,12,0.0,True
P2_isoline__file_name__wfdb0,P_Amp_III,0.075,0.010825683593750066,0.06417431640624993,False
P2_isoline__file_name__wfdb0,P_Amp_III_iqr,0.0249999999999999,0.03325,0.008250000000000101,False
P2_isoline__file_name__wfdb0,P_Amp_III_count,12.0,12,0.0,True
P2_isoline__file_name__wfdb0,P_Amp_V1,-0.04,-0.054486816406249826,0.014486816406249825,False
P2_isoline__file_name__wfdb0,P_Amp_V1_iqr,0.0025,0.019250000000000003,0.016750000000000004,False
P2_isoline__file_name__wfdb0,P_Amp_V1_count,12.0,12,0.0,True
P2_isoline__file_name__wfdb0,P_Amp_V2,-0.04,0.020521484375000044,0.060521484375000045,False
P2_isoline__file_name__wfdb0,P_Amp_V2_iqr,0.01,0.011500000000000003,0.001500000000000003,False
P2_isoline__file_name__wfdb0,P_Amp_V2_count,12.0,12,0.0,True
P2_isoline__file_name__wfdb0,P_Amp_V3,-0.04,0.006915039062500048,0.04691503906250005,False
P2_isoline__file_name__wfdb0,P_Amp_V3_iqr,0.035,0.035750000000000004,0.0007500000000000007,False
P2_isoline__file_name__wfdb0,P_Amp_V3_count,12.0,12,0.0,True
P2_isoline__file_name__wfdb0,P_Amp_V4,0.025,0.06081396484374999,0.03581396484374999,False
P2_isoline__file_name__wfdb0,P_Amp_V4_iqr,0.0275,0.024499999999999994,0.003000000000000006,False
P2_isoline__file_name__wfdb0,P_Amp_V4_count,12.0,12,0.0,True
P2_isoline__file_name__wfdb0,P_Amp_V5,0.03,0.03242724609374999,0.002427246093749988,False
P2_isoline__file_name__wfdb0,P_Amp_V5_iqr,0.0375,0.038250000000000006,0.0007500000000000076,False
P2_isoline__file_name__wfdb0,P_Amp_V5_count,12.0,12,0.0,True
P2_isoline__file_name__wfdb0,P_Amp_V6,0.04,0.049632324218749975,0.009632324218749974,False
P2_isoline__file_name__wfdb0,P_Amp_V6_iqr,0.05,0.054000000000000006,0.0040000000000000036,False
P2_isoline__file_name__wfdb0,P_Amp_V6_count,12.0,12,0.0,True
P2_isoline__file_name__wfdb0,P_Amp_aVF,0.09,0.021017089843750007,0.06898291015625,False
P2_isoline__file_name__wfdb0,P_Amp_aVF_iqr,0.0325,0.044500000000000005,0.012000000000000004,False
P2_isoline__file_name__wfdb0,P_Amp_aVF_count,12.0,12,0.0,True
P2_isoline__file_name__wfdb0,P_Amp_aVL,0.02,0.02547021484375002,0.005470214843750019,False
P2_isoline__file_name__wfdb0,P_Amp_aVL_iqr,0.045,0.02425,0.020749999999999998,False
P2_isoline__file_name__wfdb0,P_Amp_aVL_count,12.0,12,0.0,True
P2_isoline__file_name__wfdb0,P_Amp_aVR,-0.095,-0.08712353515625001,0.007876464843749986,False
P2_isoline__file_name__wfdb0,P_Amp_aVR_iqr,0.02,0.020500000000000004,0.0005000000000000039,False
P2_isoline__file_name__wfdb0,P_Amp_aVR_count,12.0,12,0.0,True
P2_isoline__file_name__wfdb0,Q_Amp_I,-0.14,-0.11936376953125001,0.020636230468750003,False
P2_isoline__file_name__wfdb0,Q_Amp_I_iqr,0.0425,0.041249999999999995,0.001250000000000008,False
P2_isoline__file_name__wfdb0,Q_Amp_I_count,12.0,12,0.0,True
P2_isoline__file_name__wfdb0,Q_Amp_II,-0.14,-0.17967578125,0.039675781249999986,False
P2_isoline__file_name__wfdb0,Q_Amp_II_iqr,0.0325,0.03699999999999998,0.004499999999999976,False
P2_isoline__file_name__wfdb0,Q_Amp_II_count,12.0,12,0.0,True
P2_isoline__file_name__wfdb0,Q_Amp_III,0.06,-0.004674316406249927,0.06467431640624993,False
P2_isoline__file_name__wfdb0,Q_Amp_III_iqr,0.035,0.03825,0.003249999999999996,False
P2_isoline__file_name__wfdb0,Q_Amp_III_count,12.0,12,0.0,True
P2_isoline__file_name__wfdb0,Q_Amp_V1,0.2,0.18201318359375018,0.017986816406249828,False
P2_isoline__file_name__wfdb0,Q_Amp_V1_iqr,0.0399999999999999,0.04799999999999999,0.00800000000000009,False
P2_isoline__file_name__wfdb0,Q_Amp_V1_count,12.0,12,0.0,True
P2_isoline__file_name__wfdb0,Q_Amp_V2,-0.0849999999999999,-0.016978515624999954,0.06802148437499994,False
P2_isoline__file_name__wfdb0,Q_Amp_V2_iqr,0.0224999999999999,0.01800000000000001,0.0044999999999998895,False
P2_isoline__file_name__wfdb0,Q_Amp_V2_count,12.0,12,0.0,True
P2_isoline__file_name__wfdb0,Q_Amp_V3,-0.045,0.0029150390625000515,0.04791503906250005,False
P2_isoline__file_name__wfdb0,Q_Amp_V3_iqr,0.0325,0.032,0.0005000000000000004,False
P2_isoline__file_name__wfdb0,Q_Amp_V3_count,12.0,12,0.0,True
P2_isoline__file_name__wfdb0,Q_Amp_V4,-0.1,-0.05268603515625001,0.047313964843749994,False
P2_isoline__file_name__wfdb0,Q_Amp_V4_iqr,0.0125,0.02975,0.017249999999999998,False
P2_isoline__file_name__wfdb0,Q_Amp_V4_count,12.0,12,0.0,True
P2_isoline__file_name__wfdb0,Q_Amp_V5,-0.17,-0.16607275390625,0.003927246093750003,False
P2_isoline__file_name__wfdb0,Q_Amp_V5_iqr,0.0375,0.06125,0.02375,False
P2_isoline__file_name__wfdb0,Q_Amp_V5_count,12.0,12,0.0,True
P2_isoline__file_name__wfdb0,Q_Amp_V6,-0.155,-0.14836767578125004,0.006632324218749958,False
P2_isoline__file_name__wfdb0,Q_Amp_V6_iqr,0.0499999999999999,0.05374999999999999,0.0037500000000000935,False
P2_isoline__file_name__wfdb0,Q_Amp_V6_count,12.0,12,0.0,True
P2_isoline__file_name__wfdb0,Q_Amp_aVF,-0.105,0.11401708984375,0.21901708984375,False
P2_isoline__file_name__wfdb0,Q_Amp_aVF_iqr,0.0375,0.049000000000000016,0.011500000000000017,False
P2_isoline__file_name__wfdb0,Q_Amp_aVF_count,12.0,12,0.0,True
P2_isoline__file_name__wfdb0,Q_Amp_aVL,-0.075,-0.09502978515624996,0.020029785156249966,False
P2_isoline__file_name__wfdb0,Q_Amp_aVL_iqr,0.0424999999999999,0.05225000000000002,0.00975000000000012,False
P2_isoline__file_name__wfdb0,Q_Amp_aVL_count,12.0,12,0.0,True
P2_isoline__file_name__wfdb0,Q_Amp_aVR,0.145,0.14987646484374997,0.004876464843749984,False
P2_isoline__file_name__wfdb0,Q_Amp_aVR_iqr,0.0325,0.018500000000000016,0.013999999999999985,False
P2_isoline__file_name__wfdb0,Q_Amp_aVR_count,12.0,12,0.0,True
P2_isoline__file_name__wfdb0,R_Amp_I,1.6,1.70313623046875,0.10313623046874998,False
P2_isoline__file_name__wfdb0,R_Amp_I_iqr,0.1224999999999998,0.10424999999999995,0.01824999999999985,False
P2_isoline__file_name__wfdb0,R_Amp_I_count,12.0,12,0.0,True
P2_isoline__file_name__wfdb0,R_Amp_II,0.975,1.0003242187499999,0.025324218749999905,False
P2_isoline__file_name__wfdb0,R_Amp_II_iqr,0.045,0.03650000000000009,0.00849999999999991,False
P2_isoline__file_name__wfdb0,R_Amp_II_count,12.0,12,0.0,True
P2_isoline__file_name__wfdb0,R_Amp_III,-0.71,-0.76767431640625,0.05767431640624998,False
P2_isoline__file_name__wfdb0,R_Amp_III_iqr,0.14,0.11849999999999983,0.021500000000000186,False
P2_isoline__file_name__wfdb0,R_Amp_III_count,12.0,12,0.0,True
P2_isoline__file_name__wfdb0,R_Amp_V1,-0.955,-0.9714868164062498,0.016486816406249827,False
P2_isoline__file_name__wfdb0,R_Amp_V1_iqr,0.1149999999999999,0.12650000000000006,0.011500000000000163,False
P2_isoline__file_name__wfdb0,R_Amp_V1_count,12.0,12,0.0,True
P2_isoline__file_name__wfdb0,R_Amp_V2,0.885,1.0125214843750001,0.1275214843750001,False
P2_isoline__file_name__wfdb0,R_Amp_V2_iqr,0.075,0.06550000000000034,0.009499999999999661,False
P2_isoline__file_name__wfdb0,R_Amp_V2_count,12.0,12,0.0,True
P2_isoline__file_name__wfdb0,R_Amp_V3,1.68,1.7669150390625,0.08691503906249998,False
P2_isoline__file_name__wfdb0,R_Amp_V3_iqr,0.0949999999999999,0.12500000000000022,0.030000000000000318,False
P2_isoline__file_name__wfdb0,R_Amp_V3_count,12.0,12,0.0,True
P2_isoline__file_name__wfdb0,R_Amp_V4,1.835,1.93631396484375,0.10131396484374999,False
P2_isoline__file_name__wfdb0,R_Amp_V4_iqr,0.1624999999999998,0.16474999999999973,0.0022499999999999187,False
P2_isoline__file_name__wfdb0,R_Amp_V4_count,12.0,12,0.0,True
P2_isoline__file_name__wfdb0,R_Amp_V5,1.6,1.63392724609375,0.03392724609374986,False
P2_isoline__file_name__wfdb0,R_Amp_V5_iqr,0.0749999999999997,0.06349999999999989,0.011499999999999816,False
P2_isoline__file_name__wfdb0,R_Amp_V5_count,12.0,12,0.0,True
P2_isoline__file_name__wfdb0,R_Amp_V6,1.17,1.1751323242187497,0.005132324218749762,False
P2_isoline__file_name__wfdb0,R_Amp_V6_iqr,0.0524999999999999,0.06499999999999995,0.012500000000000046,False
P2_isoline__file_name__wfdb0,R_Amp_V6_count,12.0,12,0.0,True
P2_isoline__file_name__wfdb0,R_Amp_aVF,0.255,0.63651708984375,0.38151708984375,False
P2_isoline__file_name__wfdb0,R_Amp_aVF_iqr,0.09,0.11849999999999994,0.028499999999999942,False
P2_isoline__file_name__wfdb0,R_Amp_aVF_count,12.0,12,0.0,True
P2_isoline__file_name__wfdb0,R_Amp_aVL,1.15,0.11097021484375001,1.03902978515625,False
P2_isoline__file_name__wfdb0,R_Amp_aVL_iqr,0.1549999999999998,0.07325000000000001,0.0817499999999998,False
P2_isoline__file_name__wfdb0,R_Amp_aVL_count,12.0,12,0.0,True
P2_isoline__file_name__wfdb0,R_Amp_aVR,-1.3,-1.30162353515625,0.0016235351562499112,False
P2_isoline__file_name__wfdb0,R_Amp_aVR_iqr,0.09,0.023249999999999993,0.06675,False
P2_isoline__file_name__wfdb0,R_Amp_aVR_count,12.0,12,0.0,True
P2_isoline__file_name__wfdb0,S_Amp_I,-0.12,-0.08086376953125,0.03913623046874999,False
P2_isoline__file_name__wfdb0,S_Amp_I_iqr,0.0525,0.04175000000000001,0.010749999999999989,False
P2_isoline__file_name__wfdb0,S_Amp_I_count,12.0,12,0.0,True
P2_isoline__file_name__wfdb0,S_Amp_II,-0.0849999999999999,-0.10917578125000002,0.024175781250000125,False
P2_isoline__file_name__wfdb0,S_Amp_II_iqr,0.0375,0.03,0.0075,False
P2_isoline__file_name__wfdb0,S_Amp_II_count,12.0,12,0.0,True
P2_isoline__file_name__wfdb0,S_Amp_III,-0.02,-0.09867431640624993,0.07867431640624993,False
P2_isoline__file_name__wfdb0,S_Amp_III_iqr,0.09,0.144,0.05399999999999999,False
P2_isoline__file_name__wfdb0,S_Amp_III_count,12.0,12,0.0,True
P2_isoline__file_name__wfdb0,S_Amp_V1,0.02,0.003013183593750175,0.016986816406249827,False
P2_isoline__file_name__wfdb0,S_Amp_V1_iqr,0.025,0.025500000000000002,0.0005000000000000004,False
P2_isoline__file_name__wfdb0,S_Amp_V1_count,12.0,12,0.0,True
P2_isoline__file_name__wfdb0,S_Amp_V2,-0.735,-0.514978515625,0.22002148437500002,False
P2_isoline__file_name__wfdb0,S_Amp_V2_iqr,0.05,0.06749999999999995,0.017499999999999946,False
P2_isoline__file_name__wfdb0,S_Amp_V2_count,12.0,12,0.0,True
P2_isoline__file_name__wfdb0,S_Amp_V3,-0.325,-0.18908496093749996,0.13591503906250005,False
P2_isoline__file_name__wfdb0,S_Amp_V3_iqr,0.0575,0.032,0.025500000000000002,False
P2_isoline__file_name__wfdb0,S_Amp_V3_count,12.0,12,0.0,True
P2_isoline__file_name__wfdb0,S_Amp_V4,-0.13,-0.08418603515625,0.04581396484375,False
P2_isoline__file_name__wfdb0,S_Amp_V4_iqr,0.03,0.025999999999999995,0.0040000000000000036,False
P2_isoline__file_name__wfdb0,S_Amp_V4_count,12.0,12,0.0,True
P2_isoline__file_name__wfdb0,S_Amp_V5,-0.065,-0.07357275390625001,0.008572753906250008,False
P2_isoline__file_name__wfdb0,S_Amp_V5_iqr,0.04,0.04549999999999999,0.005499999999999991,False
P2_isoline__file_name__wfdb0,S_Amp_V5_count,12.0,12,0.0,True
P2_isoline__file_name__wfdb0,S_Amp_V6,-0.09,-0.07436767578125003,0.015632324218749966,False
P2_isoline__file_name__wfdb0,S_Amp_V6_iqr,0.0625,0.06375,0.0012500000000000011,False
P2_isoline__file_name__wfdb0,S_Amp_V6_count,12.0,12,0.0,True
P2_isoline__file_name__wfdb0,S_Amp_aVF,-0.065,0.05251708984375,0.11751708984375,False
P2_isoline__file_name__wfdb0,S_Amp_aVF_iqr,0.0275,0.027250000000000003,0.00024999999999999675,False
P2_isoline__file_name__wfdb0,S_Amp_aVF_count,12.0,12,0.0,True
P2_isoline__file_name__wfdb0,S_Amp_aVL,-0.07,-0.08102978515624998,0.011029785156249972,False
P2_isoline__file_name__wfdb0,S_Amp_aVL_iqr,0.0699999999999999,0.058499999999999996,0.0114999999999999,False
P2_isoline__file_name__wfdb0,S_Amp_aVL_count,12.0,12,0.0,True
P2_isoline__file_name__wfdb0,S_Amp_aVR,0.07,0.08837646484374997,0.018376464843749968,False
P2_isoline__file_name__wfdb0,S_Amp_aVR_iqr,0.035,0.028749999999999998,0.0062500000000000056,False
P2_isoline__file_name__wfdb0,S_Amp_aVR_count,12.0,12,0.0,True
P2_isoline__file_name__wfdb0,T_Amp_I,0.065,0.10663623046875,0.04163623046874999,False
P2_isoline__file_name__wfdb0,T_Amp_I_iqr,0.03,0.022499999999999992,0.007500000000000007,False
P2_isoline__file_name__wfdb0,T_Amp_I_count,12.0,12,0.0,True
P2_isoline__file_name__wfdb0,T_Amp_II,-0.1,-0.12417578125000002,0.024175781250000014,False
P2_isoline__file_name__wfdb0,T_Amp_II_iqr,0.025,0.0295,0.004499999999999997,False
P2_isoline__file_name__wfdb0,T_Amp_II_count,12.0,12,0.0,True
P2_isoline__file_name__wfdb0,T_Amp_III,-0.15,-0.21767431640624993,0.06767431640624993,False
P2_isoline__file_name__wfdb0,T_Amp_III_iqr,0.055,0.058750000000000024,0.003750000000000024,False
P2_isoline__file_name__wfdb0,T_Amp_III_count,12.0,12,0.0,True
P2_isoline__file_name__wfdb0,T_Amp_V1,0.11,0.09601318359375018,0.013986816406249825,False
P2_isoline__file_name__wfdb0,T_Amp_V1_iqr,0.0249999999999999,0.023749999999999993,0.0012499999999999074,False
P2_isoline__file_name__wfdb0,T_Amp_V1_count,12.0,12,0.0,True
P2_isoline__file_name__wfdb0,T_Amp_V2,0.29,0.349021484375,0.059021484375000044,False
P2_isoline__file_name__wfdb0,T_Amp_V2_iqr,0.0399999999999999,0.04625000000000001,0.006250000000000117,False
P2_isoline__file_name__wfdb0,T_Amp_V2_count,12.0,12,0.0,True
P2_isoline__file_name__wfdb0,T_Amp_V3,0.17,0.21491503906250006,0.04491503906250005,False
P2_isoline__file_name__wfdb0,T_Amp_V3_iqr,0.0375,0.04100000000000001,0.00350000000000001,False
P2_isoline__file_name__wfdb0,T_Amp_V3_count,12.0,12,0.0,True
P2_isoline__file_name__wfdb0,T_Amp_V4,0.055,0.09281396484374999,0.037813964843749985,False
P2_isoline__file_name__wfdb0,T_Amp_V4_iqr,0.035,0.03574999999999999,0.0007499999999999868,False
P2_isoline__file_name__wfdb0,T_Amp_V4_count,12.0,12,0.0,True
P2_isoline__file_name__wfdb0,T_Amp_V5,-0.115,-0.11307275390625,0.0019272460937500013,False
P2_isoline__file_name__wfdb0,T_Amp_V5_iqr,0.0475,0.051000000000000004,0.003500000000000003,False
P2_isoline__file_name__wfdb0,T_Amp_V5_count,12.0,12,0.0,True
P2_isoline__file_name__wfdb0,T_Amp_V6,-0.11,-0.10436767578125003,0.005632324218749971,False
P2_isoline__file_name__wfdb0,T_Amp_V6_iqr,0.0575,0.06675,0.009250000000000001,False
P2_isoline__file_name__wfdb0,T_Amp_V6_count,12.0,12,0.0,True
P2_isoline__file_name__wfdb0,T_Amp_aVF,-0.1149999999999999,0.14301708984375,0.2580170898437499,False
P2_isoline__file_name__wfdb0,T_Amp_aVF_iqr,0.0425,0.038250000000000006,0.004249999999999997,False
P2_isoline__file_name__wfdb0,T_Amp_aVF_count,12.0,12,0.0,True
P2_isoline__file_name__wfdb0,T_Amp_aVL,0.1,-0.15302978515625,0.25302978515624996,False
P2_isoline__file_name__wfdb0,T_Amp_aVL_iqr,0.0424999999999999,0.049,0.006500000000000103,False
P2_isoline__file_name__wfdb0,T_Amp_aVL_count,12.0,12,0.0,True
P2_isoline__file_name__wfdb0,T_Amp_aVR,-0.015,-0.015123535156250019,0.00012353515625001914,False
P2_isoline__file_name__wfdb0,T_Amp_aVR_iqr,0.0225,0.02125,0.0012499999999999976,False
P2_isoline__file_name__wfdb0,T_Amp_aVR_count,12.0,12,0.0,True
P2_isoline__file_name__matlab1,P_Amp_I,0.075,0.11363623046874999,0.03863623046874999,False
P2_isoline__file_name__matlab1,P_Amp_I_iqr,0.0325,0.029500000000000012,0.002999999999999989,False
P2_isoline__file_name__matlab1,P_Amp_I_count,12.0,12,0.0,True
P2_isoline__file_name__matlab1,P_Amp_II,0.125,0.09982421874999999,0.025175781250000015,False
P2_isoline__file_name__matlab1,P_Amp_II_iqr,0.0325,0.03325,0.0007500000000000007,False
P2_isoline__file_name__matlab1,P_Amp_II_count,12.0,12,0.0,True
P2_isoline__file_name__matlab1,P_Amp_III,0.075,0.010325683593750072,0.06467431640624993,False
P2_isoline__file_name__matlab1,P_Amp_III_iqr,0.0249999999999999,0.029249999999999995,0.004250000000000094,False
P2_isoline__file_name__matlab1,P_Amp_III_count,12.0,12,0.0,True
P2_isoline__file_name__matlab1,P_Amp_V1,-0.04,-0.05548681640624983,0.015486816406249826,False
P2_isoline__file_name__matlab1,P_Amp_V1_iqr,0.0025,0.010999999999999996,0.008499999999999995,False
P2_isoline__file_name__matlab1,P_Amp_V1_count,12.0,12,0.0,True
P2_isoline__file_name__matlab1,P_Amp_V2,-0.04,0.020521484375000044,0.060521484375000045,False
P2_isoline__file_name__matlab1,P_Amp_V2_iqr,0.01,0.012000000000000004,0.0020000000000000035,False
P2_isoline__file_name__matlab1,P_Amp_V2_count,12.0,12,0.0,True
P2_isoline__file_name__matlab1,P_Amp_V3,-0.04,0.006915039062500048,0.04691503906250005,False
P2_isoline__file_name__matlab1,P_Amp_V3_iqr,0.035,0.034,0.0010000000000000009,False
P2_isoline__file_name__matlab1,P_Amp_V3_count,12.0,12,0.0,True
P2_isoline__file_name__matlab1,P_Amp_V4,0.025,0.06231396484374999,0.03731396484374999,False
P2_isoline__file_name__matlab1,P_Amp_V4_iqr,0.0275,0.024999999999999994,0.0025000000000000057,False
P2_isoline__file_name__matlab1,P_Amp_V4_count,12.0,12,0.0,True
P2_isoline__file_name__matlab1,P_Amp_V5,0.03,0.03292724609374999,0.0029272460937499883,False
P2_isoline__file_name__matlab1,P_Amp_V5_iqr,0.0375,0.0405,0.0030000000000000027,False
P2_isoline__file_name__matlab1,P_Amp_V5_count,12.0,12,0.0,True
P2_isoline__file_name__matlab1,P_Amp_V6,0.04,0.05163232421874998,0.011632324218749976,False
P2_isoline__file_name__matlab1,P_Amp_V6_iqr,0.05,0.051750000000000004,0.0017500000000000016,False
P2_isoline__file_name__matlab1,P_Amp_V6_count,12.0,12,0.0,True
P2_isoline__file_name__matlab1,P_Amp_aVF,0.09,0.01251708984375001,0.07748291015624999,False
P2_isoline__file_name__matlab1,P_Amp_aVF_iqr,0.0325,0.04225,0.009750000000000002,False
P2_isoline__file_name__matlab1,P_Amp_aVF_count,12.0,12,0.0,True
P2_isoline__file_name__matlab1,P_Amp_aVL,0.02,0.02747021484375002,0.007470214843750021,False
P2_isoline__file_name__matlab1,P_Amp_aVL_iqr,0.045,0.020999999999999998,0.024,False
P2_isoline__file_name__matlab1,P_Amp_aVL_count,12.0,12,0.0,True
P2_isoline__file_name__matlab1,P_Amp_aVR,-0.095,-0.09212353515625002,0.002876464843749982,False
P2_isoline__file_name__matlab1,P_Amp_aVR_iqr,0.02,0.0175,0.0024999999999999988,False
P2_isoline__file_name__matlab1,P_Amp_aVR_count,12.0,12,0.0,True
P2_isoline__file_name__matlab1,Q_Amp_I,-0.14,-0.10186376953125001,0.038136230468750004,False
P2_isoline__file_name__matlab1,Q_Amp_I_iqr,0.0425,0.03949999999999999,0.0030000000000000096,False
P2_isoline__file_name__matlab1,Q_Amp_I_count,12.0,12,0.0,True
P2_isoline__file_name__matlab1,Q_Amp_II,-0.14,-0.16767578125,0.027675781249999976,False
P2_isoline__file_name__matlab1,Q_Amp_II_iqr,0.0325,0.02874999999999997,0.003750000000000031,False
P2_isoline__file_name__matlab1,Q_Amp_II_count,12.0,12,0.0,True
P2_isoline__file_name__matlab1,Q_Amp_III,0.06,-0.005174316406249928,0.06517431640624993,False
P2_isoline__file_name__matlab1,Q_Amp_III_iqr,0.035,0.03675,0.0017499999999999946,False
P2_isoline__file_name__matlab1,Q_Amp_III_count,12.0,12,0.0,True
P2_isoline__file_name__matlab1,Q_Amp_V1,0.2,0.1875131835937502,0.012486816406249823,False
P2_isoline__file_name__matlab1,Q_Amp_V1_iqr,0.0399999999999999,0.037750000000000006,0.002249999999999891,False
P2_isoline__file_name__matlab1,Q_Amp_V1_count,12.0,12,0.0,True
P2_isoline__file_name__matlab1,Q_Amp_V2,-0.0849999999999999,-0.02197851562499996,0.06302148437499994,False
P2_isoline__file_name__matlab1,Q_Amp_V2_iqr,0.0224999999999999,0.015749999999999997,0.006749999999999902,False
P2_isoline__file_name__matlab1,Q_Amp_V2_count,12.0,12,0.0,True
P2_isoline__file_name__matlab1,Q_Amp_V3,-0.045,-0.003084960937499947,0.04191503906250005,False
P2_isoline__file_name__matlab1,Q_Amp_V3_iqr,0.0325,0.0325,0.0,True
P2_isoline__file_name__matlab1,Q_Amp_V3_count,12.0,12,0.0,True
P2_isoline__file_name__matlab1,Q_Amp_V4,-0.1,-0.05868603515625001,0.041313964843749995,False
P2_isoline__file_name__matlab1,Q_Amp_V4_iqr,0.0125,0.01625,0.00375,False
P2_isoline__file_name__matlab1,Q_Amp_V4_count,12.0,12,0.0,True
P2_isoline__file_name__matlab1,Q_Amp_V5,-0.17,-0.16607275390625,0.003927246093750003,False
P2_isoline__file_name__matlab1,Q_Amp_V5_iqr,0.0375,0.03874999999999998,0.0012499999999999803,False
P2_isoline__file_name__matlab1,Q_Amp_V5_count,12.0,12,0.0,True
P2_isoline__file_name__matlab1,Q_Amp_V6,-0.155,-0.14336767578125004,0.011632324218749962,False
P2_isoline__file_name__matlab1,Q_Amp_V6_iqr,0.0499999999999999,0.05224999999999999,0.002250000000000092,False
P2_isoline__file_name__matlab1,Q_Amp_V6_count,12.0,12,0.0,True
P2_isoline__file_name__matlab1,Q_Amp_aVF,-0.105,0.053517089843750004,0.15851708984375001,False
P2_isoline__file_name__matlab1,Q_Amp_aVF_iqr,0.0375,0.049249999999999995,0.011749999999999997,False
P2_isoline__file_name__matlab1,Q_Amp_aVF_count,12.0,12,0.0,True
P2_isoline__file_name__matlab1,Q_Amp_aVL,-0.075,-0.08702978515624998,0.012029785156249986,False
P2_isoline__file_name__matlab1,Q_Amp_aVL_iqr,0.0424999999999999,0.04525,0.0027500000000000996,False
P2_isoline__file_name__matlab1,Q_Amp_aVL_count,12.0,12,0.0,True
P2_isoline__file_name__matlab1,Q_Amp_aVR,0.145,0.14337646484375,0.0016235351562499944,False
P2_isoline__file_name__matlab1,Q_Amp_aVR_iqr,0.0325,0.026749999999999996,0.005750000000000005,False
P2_isoline__file_name__matlab1,Q_Amp_aVR_count,12.0,12,0.0,True
P2_isoline__file_name__matlab1,R_Amp_I,1.6,1.6381362304687501,0.03813623046875003,False
P2_isoline__file_name__matlab1,R_Amp_I_iqr,0.1224999999999998,0.1217499999999998,0.0007500000000000007,False
P2_isoline__file_name__matlab1,R_Amp_I_count,12.0,12,0.0,True
P2_isoline__file_name__matlab1,R_Amp_II,0.975,0.9538242187499999,0.02117578125000008,False
P2_isoline__file_name__matlab1,R_Amp_II_iqr,0.045,0.04375000000000007,0.0012499999999999317,False
P2_isoline__file_name__matlab1,R_Amp_II_count,12.0,12,0.0,True
P2_isoline__file_name__matlab1,R_Amp_III,-0.71,-0.7721743164062499,0.06217431640624993,False
P2_isoline__file_name__matlab1,R_Amp_III_iqr,0.14,0.13250000000000006,0.007499999999999951,False
P2_isoline__file_name__matlab1,R_Amp_III_count,12.0,12,0.0,True
P2_isoline__file_name__matlab1,R_Amp_V1,-0.955,-0.9669868164062498,0.011986816406249878,False
P2_isoline__file_name__matlab1,R_Amp_V1_iqr,0.1149999999999999,0.11649999999999983,0.001499999999999932,False
P2_isoline__file_name__matlab1,R_Amp_V1_count,12.0,12,0.0,True
P2_isoline__file_name__matlab1,R_Amp_V2,0.885,0.9440214843750001,0.0590214843750001,False
P2_isoline__file_name__matlab1,R_Amp_V2_iqr,0.075,0.07250000000000001,0.0024999999999999883,False
P2_isoline__file_name__matlab1,R_Amp_V2_count,12.0,12,0.0,True
P2_isoline__file_name__matlab1,R_Amp_V3,1.68,1.7254150390625,0.04541503906250011,False
P2_isoline__file_name__matlab1,R_Amp_V3_iqr,0.0949999999999999,0.10150000000000015,0.006500000000000242,False
P2_isoline__file_name__matlab1,R_Amp_V3_count,12.0,12,0.0,True
P2_isoline__file_name__matlab1,R_Amp_V4,1.835,1.87931396484375,0.04431396484375005,False
P2_isoline__file_name__matlab1,R_Amp_V4_iqr,0.1624999999999998,0.15549999999999997,0.00699999999999984,False
P2_isoline__file_name__matlab1,R_Amp_V4_count,12.0,12,0.0,True
P2_isoline__file_name__matlab1,R_Amp_V5,1.6,1.60342724609375,0.0034272460937498916,False
P2_isoline__file_name__matlab1,R_Amp_V5_iqr,0.0749999999999997,0.07125000000000004,0.0037499999999996703,False
P2_isoline__file_name__matlab1,R_Amp_V5_count,12.0,12,0.0,True
P2_isoline__file_name__matlab1,R_Amp_V6,1.17,1.1821323242187498,0.01213232421874988,False
P2_isoline__file_name__matlab1,R_Amp_V6_iqr,0.0524999999999999,0.052000000000000046,0.0004999999999998547,False
P2_isoline__file_name__matlab1,R_Amp_V6_count,12.0,12,0.0,True
P2_isoline__file_name__matlab1,R_Amp_aVF,0.255,0.7930170898437501,0.5380170898437501,False
P2_isoline__file_name__matlab1,R_Amp_aVF_iqr,0.09,0.1362500000000001,0.0462500000000001,False
P2_isoline__file_name__matlab1,R_Amp_aVF_count,12.0,12,0.0,True
P2_isoline__file_name__matlab1,R_Amp_aVL,1.15,0.041470214843750026,1.10852978515625,False
P2_isoline__file_name__matlab1,R_Amp_aVL_iqr,0.1549999999999998,0.07925000000000001,0.07574999999999979,False
P2_isoline__file_name__matlab1,R_Amp_aVL_count,12.0,12,0.0,True
P2_isoline__file_name__matlab1,R_Amp_aVR,-1.3,-1.29862353515625,0.0013764648437499805,False
P2_isoline__file_name__matlab1,R_Amp_aVR_iqr,0.09,0.09274999999999989,0.0027499999999998914,False
P2_isoline__file_name__matlab1,R_Amp_aVR_count,12.0,12,0.0,True
P2_isoline__file_name__matlab1,S_Amp_I,-0.12,-0.08086376953125,0.03913623046874999,False
P2_isoline__file_name__matlab1,S_Amp_I_iqr,0.0525,0.0505,0.001999999999999995,False
P2_isoline__file_name__matlab1,S_Amp_I_count,12.0,12,0.0,True
P2_isoline__file_name__matlab1,S_Amp_II,-0.0849999999999999,-0.10617578125000002,0.021175781250000122,False
P2_isoline__file_name__matlab1,S_Amp_II_iqr,0.0375,0.031,0.006499999999999999,False
P2_isoline__file_name__matlab1,S_Amp_II_count,12.0,12,0.0,True
P2_isoline__file_name__matlab1,S_Amp_III,-0.02,-0.08717431640624992,0.06717431640624992,False
P2_isoline__file_name__matlab1,S_Amp_III_iqr,0.09,0.09525000000000002,0.0052500000000000185,False
P2_isoline__file_name__matlab1,S_Amp_III_count,12.0,12,0.0,True
P2_isoline__file_name__matlab1,S_Amp_V1,0.02,0.0035131835937501753,0.016486816406249827,False
P2_isoline__file_name__matlab1,S_Amp_V1_iqr,0.025,0.02575,0.0007499999999999972,False
P2_isoline__file_name__matlab1,S_Amp_V1_count,12.0,12,0.0,True
P2_isoline__file_name__matlab1,S_Amp_V2,-0.735,-0.6729785156249999,0.0620214843750001,False
P2_isoline__file_name__matlab1,S_Amp_V2_iqr,0.05,0.05500000000000016,0.005000000000000157,False
P2_isoline__file_name__matlab1,S_Amp_V2_count,12.0,12,0.0,True
P2_isoline__file_name__matlab1,S_Amp_V3,-0.325,-0.27858496093749996,0.04641503906250005,False
P2_isoline__file_name__matlab1,S_Amp_V3_iqr,0.0575,0.059250000000000025,0.0017500000000000224,False
P2_isoline__file_name__matlab1,S_Amp_V3_count,12.0,12,0.0,True
P2_isoline__file_name__matlab1,S_Amp_V4,-0.13,-0.08868603515625001,0.041313964843749995,False
P2_isoline__file_name__matlab1,S_Amp_V4_iqr,0.03,0.026249999999999996,0.0037500000000000033,False
P2_isoline__file_name__matlab1,S_Amp_V4_count,12.0,12,0.0,True
P2_isoline__file_name__matlab1,S_Amp_V5,-0.065,-0.05607275390625001,0.008927246093749994,False
P2_isoline__file_name__matlab1,S_Amp_V5_iqr,0.04,0.0375,0.0025000000000000022,False
P2_isoline__file_name__matlab1,S_Amp_V5_count,12.0,12,0.0,True
P2_isoline__file_name__matlab1,S_Amp_V6,-0.09,-0.07586767578125003,0.014132324218749964,False
P2_isoline__file_name__matlab1,S_Amp_V6_iqr,0.0625,0.0675,0.0050000000000000044,False
P2_isoline__file_name__matlab1,S_Amp_V6_count,12.0,12,0.0,True
P2_isoline__file_name__matlab1,S_Amp_aVF,-0.065,0.06701708984375002,0.13201708984375002,False
P2_isoline__file_name__matlab1,S_Amp_aVF_iqr,0.0275,0.030250000000000006,0.002750000000000006,False
P2_isoline__file_name__matlab1,S_Amp_aVF_count,12.0,12,0.0,True
P2_isoline__file_name__matlab1,S_Amp_aVL,-0.07,-0.07902978515624998,0.00902978515624997,False
P2_isoline__file_name__matlab1,S_Amp_aVL_iqr,0.0699999999999999,0.0625,0.007499999999999896,False
P2_isoline__file_name__matlab1,S_Amp_aVL_count,12.0,12,0.0,True
P2_isoline__file_name__matlab1,S_Amp_aVR,0.07,0.07287646484374999,0.002876464843749982,False
P2_isoline__file_name__matlab1,S_Amp_aVR_iqr,0.035,0.036000000000000004,0.0010000000000000009,False
P2_isoline__file_name__matlab1,S_Amp_aVR_count,12.0,12,0.0,True
P2_isoline__file_name__matlab1,T_Amp_I,0.065,0.10513623046875,0.04013623046874999,False
P2_isoline__file_name__matlab1,T_Amp_I_iqr,0.03,0.03075,0.0007500000000000007,False
P2_isoline__file_name__matlab1,T_Amp_I_count,12.0,12,0.0,True
P2_isoline__file_name__matlab1,T_Amp_II,-0.1,-0.12617578125,0.026175781250000002,False
P2_isoline__file_name__matlab1,T_Amp_II_iqr,0.025,0.028749999999999998,0.0037499999999999964,False
P2_isoline__file_name__matlab1,T_Amp_II_count,12.0,12,0.0,True
P2_isoline__file_name__matlab1,T_Amp_III,-0.15,-0.21717431640624993,0.06717431640624993,False
P2_isoline__file_name__matlab1,T_Amp_III_iqr,0.055,0.05700000000000002,0.0020000000000000226,False
P2_isoline__file_name__matlab1,T_Amp_III_count,12.0,12,0.0,True
P2_isoline__file_name__matlab1,T_Amp_V1,0.11,0.09551318359375018,0.014486816406249825,False
P2_isoline__file_name__matlab1,T_Amp_V1_iqr,0.0249999999999999,0.023499999999999993,0.0014999999999999077,False
P2_isoline__file_name__matlab1,T_Amp_V1_count,12.0,12,0.0,True
P2_isoline__file_name__matlab1,T_Amp_V2,0.29,0.351021484375,0.061021484375000046,False
P2_isoline__file_name__matlab1,T_Amp_V2_iqr,0.0399999999999999,0.04574999999999996,0.005750000000000061,False
P2_isoline__file_name__matlab1,T_Amp_V2_count,12.0,12,0.0,True
P2_isoline__file_name__matlab1,T_Amp_V3,0.17,0.21841503906250004,0.048415039062500026,False
P2_isoline__file_name__matlab1,T_Amp_V3_iqr,0.0375,0.04025000000000001,0.0027500000000000094,False
P2_isoline__file_name__matlab1,T_Amp_V3_count,12.0,12,0.0,True
P2_isoline__file_name__matlab1,T_Amp_V4,0.055,0.09431396484374999,0.039313964843749986,False
P2_isoline__file_name__matlab1,T_Amp_V4_iqr,0.035,0.03649999999999999,0.0014999999999999875,False
P2_isoline__file_name__matlab1,T_Amp_V4_count,12.0,12,0.0,True
P2_isoline__file_name__matlab1,T_Amp_V5,-0.115,-0.11407275390625,0.0009272460937500004,False
P2_isoline__file_name__matlab1,T_Amp_V5_iqr,0.0475,0.05500000000000001,0.007500000000000007,False
P2_isoline__file_name__matlab1,T_Amp_V5_count,12.0,12,0.0,True
P2_isoline__file_name__matlab1,T_Amp_V6,-0.11,-0.10486767578125003,0.00513232421874997,False
P2_isoline__file_name__matlab1,T_Amp_V6_iqr,0.0575,0.06225,0.004749999999999997,False
P2_isoline__file_name__matlab1,T_Amp_V6_count,12.0,12,0.0,True
P2_isoline__file_name__matlab1,T_Amp_aVF,-0.1149999999999999,0.14301708984375,0.2580170898437499,False
P2_isoline__file_name__matlab1,T_Amp_aVF_iqr,0.0425,0.029249999999999998,0.013250000000000005,False
P2_isoline__file_name__matlab1,T_Amp_aVF_count,12.0,12,0.0,True
P2_isoline__file_name__matlab1,T_Amp_aVL,0.1,-0.15852978515625,0.25852978515625,False
P2_isoline__file_name__matlab1,T_Amp_aVL_iqr,0.0424999999999999,0.04825,0.005750000000000102,False
P2_isoline__file_name__matlab1,T_Amp_aVL_count,12.0,12,0.0,True
P2_isoline__file_name__matlab1,T_Amp_aVR,-0.015,-0.011623535156250019,0.0033764648437499805,False
P2_isoline__file_name__matlab1,T_Amp_aVR_iqr,0.0225,0.0225,0.0,True
P2_isoline__file_name__matlab1,T_Amp_aVR_count,12.0,12,0.0,True
P2_baseline_example_1s_0.5__csv_name__wfdb0,P_Amp_I,0.075,0.11958286665102652,0.04458286665102652,False
P2_baseline_example_1s_0.5__csv_name__wfdb0,P_Amp_I_iqr,0.0325,0.015270794700066023,0.017229205299933978,False
P2_baseline_example_1s_0.5__csv_name__wfdb0,P_Amp_I_count,12.0,12,0.0,True
P2_baseline_example_1s_0.5__csv_name__wfdb0,P_Amp_II,0.125,0.10187044173746504,0.02312955826253496,False
P2_baseline_example_1s_0.5__csv_name__wfdb0,P_Amp_II_iqr,0.0325,0.00924699319160105,0.02325300680839895,False
P2_baseline_example_1s_0.5__csv_name__wfdb0,P_Amp_II_count,12.0,12,0.0,True
P2_baseline_example_1s_0.5__csv_name__wfdb0,P_Amp_III,0.075,0.03707350375475149,0.037926496245248506,False
P2_baseline_example_1s_0.5__csv_name__wfdb0,P_Amp_III_iqr,0.0249999999999999,0.03463196397286358,0.009631963972863682,False
P2_baseline_example_1s_0.5__csv_name__wfdb0,P_Amp_III_count,12.0,12,0.0,True
P2_baseline_example_1s_0.5__csv_name__wfdb0,P_Amp_V1,-0.04,-0.04163768422686934,0.0016376842268693362,False
P2_baseline_example_1s_0.5__csv_name__wfdb0,P_Amp_V1_iqr,0.0025,0.02500064199110379,0.02250064199110379,False
P2_baseline_example_1s_0.5__csv_name__wfdb0,P_Amp_V1_count,12.0,12,0.0,True
P2_baseline_example_1s_0.5__csv_name__wfdb0,P_Amp_V2,-0.04,0.011893029215499507,0.05189302921549951,False
P2_baseline_example_1s_0.5__csv_name__wfdb0,P_Amp_V2_iqr,0.01,0.012265346331837353,0.0022653463318373524,False
P2_baseline_example_1s_0.5__csv_name__wfdb0,P_Amp_V2_count,12.0,12,0.0,True
P2_baseline_example_1s_0.5__csv_name__wfdb0,P_Amp_V3,-0.04,0.04281048421750712,0.08281048421750711,False
P2_baseline_example_1s_0.5__csv_name__wfdb0,P_Amp_V3_iqr,0.035,0.025225280114724417,0.009774719885275587,False
P2_baseline_example_1s_0.5__csv_name__wfdb0,P_Amp_V3_count,12.0,12,0.0,True
P2_baseline_example_1s_0.5__csv_name__wfdb0,P_Amp_V4,0.025,0.05365769418112708,0.028657694181127076,False
P2_baseline_example_1s_0.5__csv_name__wfdb0,P_Amp_V4_iqr,0.0275,0.02294183166484698,0.004558168335153021,False
P2_baseline_example_1s_0.5__csv_name__wfdb0,P_Amp_V4_count,12.0,12,0.0,True
P2_baseline_example_1s_0.5__csv_name__wfdb0,P_Amp_V5,0.03,0.04313423308341857,0.013134233083418573,False
P2_baseline_example_1s_0.5__csv_name__wfdb0,P_Amp_V5_iqr,0.0375,0.019942172417432374,0.017557827582567624,False
P2_baseline_example_1s_0.5__csv_name__wfdb0,P_Amp_V5_count,12.0,12,0.0,True
P2_baseline_example_1s_0.5__csv_name__wfdb0,P_Amp_V6,0.04,0.05862898342429877,0.01862898342429877,False
P2_baseline_example_1s_0.5__csv_name__wfdb0,P_Amp_V6_iqr,0.05,0.012831298017705342,0.03716870198229466,False
P2_baseline_example_1s_0.5__csv_name__wfdb0,P_Amp_V6_count,12.0,12,0.0,True
P2_baseline_example_1s_0.5__csv_name__wfdb0,P_Amp_aVF,0.09,0.0718229211854237,0.018177078814576295,False
P2_baseline_example_1s_0.5__csv_name__wfdb0,P_Amp_aVF_iqr,0.0325,0.017732431642003096,0.014767568357996905,False
P2_baseline_example_1s_0.5__csv_name__wfdb0,P_Amp_aVF_count,12.0,12,0.0,True
P2_baseline_example_1s_0.5__csv_name__wfdb0,P_Amp_aVL,0.02,0.08306141832582299,0.06306141832582299,False
P2_baseline_example_1s_0.5__csv_name__wfdb0,P_Amp_aVL_iqr,0.045,0.023171415057766653,0.021828584942233345,False
P2_baseline_example_1s_0.5__csv_name__wfdb0,P_Amp_aVL_count,12.0,12,0.0,True
P2_baseline_example_1s_0.5__csv_name__wfdb0,P_Amp_aVR,-0.095,-0.10586365761019531,0.01086365761019531,False
P2_baseline_example_1s_0.5__csv_name__wfdb0,P_Amp_aVR_iqr,0.02,0.014668515666952153,0.005331484333047847,False
P2_baseline_example_1s_0.5__csv_name__wfdb0,P_Amp_aVR_count,12.0,12,0.0,True
P2_baseline_example_1s_0.5__csv_name__wfdb0,Q_Amp_I,-0.14,-0.12026780012311923,0.019732199876880782,False
P2_baseline_example_1s_0.5__csv_name__wfdb0,Q_Amp_I_iqr,0.0425,0.027980440645318766,0.014519559354681237,False
P2_baseline_example_1s_0.5__csv_name__wfdb0,Q_Amp_I_count,12.0,12,0.0,True
P2_baseline_example_1s_0.5__csv_name__wfdb0,Q_Amp_II,-0.14,-0.16559350406615359,0.025593504066153572,False
P2_baseline_example_1s_0.5__csv_name__wfdb0,Q_Amp_II_iqr,0.0325,0.017562056930938014,0.014937943069061987,False
P2_baseline_example_1s_0.5__csv_name__wfdb0,Q_Amp_II_count,12.0,12,0.0,True
P2_baseline_example_1s_0.5__csv_name__wfdb0,Q_Amp_III,0.06,0.008325350079859616,0.051674649920140384,False
P2_baseline_example_1s_0.5__csv_name__wfdb0,Q_Amp_III_iqr,0.035,0.028038610580625394,0.00696138941937461,False
P2_baseline_example_1s_0.5__csv_name__wfdb0,Q_Amp_III_count,12.0,12,0.0,True
P2_baseline_example_1s_0.5__csv_name__wfdb0,Q_Amp_V1,0.2,0.18629555080846522,0.013704449191534795,False
P2_baseline_example_1s_0.5__csv_name__wfdb0,Q_Amp_V1_iqr,0.0399999999999999,0.028528907215839505,0.011471092784160392,False
P2_baseline_example_1s_0.5__csv_name__wfdb0,Q_Amp_V1_count,12.0,12,0.0,True
P2_baseline_example_1s_0.5__csv_name__wfdb0,Q_Amp_V2,-0.0849999999999999,-0.02859268833229014,0.05640731166770975,False
P2_baseline_example_1s_0.5__csv_name__wfdb0,Q_Amp_V2_iqr,0.0224999999999999,0.015981270066168646,0.006518729933831253,False
P2_baseline_example_1s_0.5__csv_name__wfdb0,Q_Amp_V2_count,12.0,12,0.0,True
P2_baseline_example_1s_0.5__csv_name__wfdb0,Q_Amp_V3,-0.045,0.02822716390127221,0.07322716390127221,False
P2_baseline_example_1s_0.5__csv_name__wfdb0,Q_Amp_V3_iqr,0.0325,0.01715945398762715,0.015340546012372853,False
P2_baseline_example_1s_0.5__csv_name__wfdb0,Q_Amp_V3_count,12.0,12,0.0,True
P2_baseline_example_1s_0.5__csv_name__wfdb0,Q_Amp_V4,-0.1,-0.059065076980211094,0.04093492301978891,False
P2_baseline_example_1s_0.5__csv_name__wfdb0,Q_Amp_V4_iqr,0.0125,0.02262842247147269,0.010128422471472689,False
P2_baseline_example_1s_0.5__csv_name__wfdb0,Q_Amp_V4_count,12.0,12,0.0,True
P2_baseline_example_1s_0.5__csv_name__wfdb0,Q_Amp_V5,-0.17,-0.15706086921868276,0.012939130781317254,False
P2_baseline_example_1s_0.5__csv_name__wfdb0,Q_Amp_V5_iqr,0.0375,0.021244881171412044,0.016255118828587954,False
P2_baseline_example_1s_0.5__csv_name__wfdb0,Q_Amp_V5_count,12.0,12,0.0,True
P2_baseline_example_1s_0.5__csv_name__wfdb0,Q_Amp_V6,-0.155,-0.14379568821850677,0.011204311781493226,False
P2_baseline_example_1s_0.5__csv_name__wfdb0,Q_Amp_V6_iqr,0.0499999999999999,0.018884726676601876,0.031115273323398022,False
P2_baseline_example_1s_0.5__csv_name__wfdb0,Q_Amp_V6_count,12.0,12,0.0,True
P2_baseline_example_1s_0.5__csv_name__wfdb0,Q_Amp_aVF,-0.105,-0.1270983228450874,0.022098322845087406,False
P2_baseline_example_1s_0.5__csv_name__wfdb0,Q_Amp_aVF_iqr,0.0375,0.032365396759953785,0.0051346032400462135,False
P2_baseline_example_1s_0.5__csv_name__wfdb0,Q_Amp_aVF_count,12.0,12,0.0,True
P2_baseline_example_1s_0.5__csv_name__wfdb0,Q_Amp_aVL,-0.075,-0.04032043561444899,0.034679564385551004,False
P2_baseline_example_1s_0.5__csv_name__wfdb0,Q_Amp_aVL_iqr,0.0424999999999999,0.026327721332652446,0.016172278667347453,False
P2_baseline_example_1s_0.5__csv_name__wfdb0,Q_Amp_aVL_count,12.0,12,0.0,True
P2_baseline_example_1s_0.5__csv_name__wfdb0,Q_Amp_aVR,0.145,0.13606777572464301,0.008932224275356976,False
P2_baseline_example_1s_0.5__csv_name__wfdb0,Q_Amp_aVR_iqr,0.0325,0.017110296430630084,0.015389703569369917,False
P2_baseline_example_1s_0.5__csv_name__wfdb0,Q_Amp_aVR_count,12.0,12,0.0,True
P2_baseline_example_1s_0.5__csv_name__wfdb0,R_Amp_I,1.6,1.7068817237818812,0.1068817237818811,False
P2_baseline_example_1s_0.5__csv_name__wfdb0,R_Amp_I_iqr,0.1224999999999998,0.12076525750749467,0.0017347424925051314,False
P2_baseline_example_1s_0.5__csv_name__wfdb0,R_Amp_I_count,12.0,12,0.0,True
P2_baseline_example_1s_0.5__csv_name__wfdb0,R_Amp_II,0.975,0.9975960326197935,0.022596032619793482,False
P2_baseline_example_1s_0.5__csv_name__wfdb0,R_Amp_II_iqr,0.045,0.02580174807498059,0.019198251925019408,False
P2_baseline_example_1s_0.5__csv_name__wfdb0,R_Amp_II_count,12.0,12,0.0,True
P2_baseline_example_1s_0.5__csv_name__wfdb0,R_Amp_III,-0.71,-0.7355737010376278,0.025573701037627794,False
P2_baseline_example_1s_0.5__csv_name__wfdb0,R_Amp_III_iqr,0.14,0.1228892299949933,0.017110770005006715,False
P2_baseline_example_1s_0.5__csv_name__wfdb0,R_Amp_III_count,12.0,12,0.0,True
P2_baseline_example_1s_0.5__csv_name__wfdb0,R_Amp_V1,-0.955,-0.9518698416630235,0.0031301583369764963,False
P2_baseline_example_1s_0.5__csv_name__wfdb0,R_Amp_V1_iqr,0.1149999999999999,0.12518602761999564,0.01018602761999575,False
P2_baseline_example_1s_0.5__csv_name__wfdb0,R_Amp_V1_count,12.0,12,0.0,True
P2_baseline_example_1s_0.5__csv_name__wfdb0,R_Amp_V2,0.885,1.0118035383372068,0.1268035383372068,False
P2_baseline_example_1s_0.5__csv_name__wfdb0,R_Amp_V2_iqr,0.075,0.04968109724993153,0.02531890275006847,False
P2_baseline_example_1s_0.5__csv_name__wfdb0,R_Amp_V2_count,12.0,12,0.0,True
P2_baseline_example_1s_0.5__csv_name__wfdb0,R_Amp_V3,1.68,1.793354692396104,0.11335469239610396,False
P2_baseline_example_1s_0.5__csv_name__wfdb0,R_Amp_V3_iqr,0.0949999999999999,0.07861567634913902,0.016384323650860885,False
P2_baseline_example_1s_0.5__csv_name__wfdb0,R_Amp_V3_count,12.0,12,0.0,True
P2_baseline_example_1s_0.5__csv_name__wfdb0,R_Amp_V4,1.835,1.9287743696568485,0.09377436965684849,False
P2_baseline_example_1s_0.5__csv_name__wfdb0,R_Amp_V4_iqr,0.1624999999999998,0.1252588224043667,0.03724117759563311,False
P2_baseline_example_1s_0.5__csv_name__wfdb0,R_Amp_V4_count,12.0,12,0.0,True
P2_baseline_example_1s_0.5__csv_name__wfdb0,R_Amp_V5,1.6,1.6344493529359538,0.03444935293595375,False
P2_baseline_example_1s_0.5__csv_name__wfdb0,R_Amp_V5_iqr,0.0749999999999997,0.09582790975324507,0.02082790975324536,False
P2_baseline_example_1s_0.5__csv_name__wfdb0,R_Amp_V5_count,12.0,12,0.0,True
P2_baseline_example_1s_0.5__csv_name__wfdb0,R_Amp_V6,1.17,1.1857670221252232,0.015767022125223296,False
P2_baseline_example_1s_0.5__csv_name__wfdb0,R_Amp_V6_iqr,0.0524999999999999,0.03716908425663101,0.015330915743368888,False
P2_baseline_example_1s_0.5__csv_name__wfdb0,R_Amp_V6_count,12.0,12,0.0,True
P2_baseline_example_1s_0.5__csv_name__wfdb0,R_Amp_aVF,0.255,0.1897709673181487,0.06522903268185132,False
P2_baseline_example_1s_0.5__csv_name__wfdb0,R_Amp_aVF_iqr,0.09,0.05668332965974246,0.03331667034025754,False
P2_baseline_example_1s_0.5__csv_name__wfdb0,R_Amp_aVF_count,12.0,12,0.0,True
P2_baseline_example_1s_0.5__csv_name__wfdb0,R_Amp_aVL,1.15,1.2186014055887568,0.06860140558875694,False
P2_baseline_example_1s_0.5__csv_name__wfdb0,R_Amp_aVL_iqr,0.1549999999999998,0.11379325970985943,0.041206740290140376,False
P2_baseline_example_1s_0.5__csv_name__wfdb0,R_Amp_aVL_count,12.0,12,0.0,True
P2_baseline_example_1s_0.5__csv_name__wfdb0,R_Amp_aVR,-1.3,-1.3250395912461717,0.02503959124617161,False
P2_baseline_example_1s_0.5__csv_name__wfdb0,R_Amp_aVR_iqr,0.09,0.02952143399532403,0.060478566004675965,False
P2_baseline_example_1s_0.5__csv_name__wfdb0,R_Amp_aVR_count,12.0,12,0.0,True
P2_baseline_example_1s_0.5__csv_name__wfdb0,S_Amp_I,-0.12,-0.07654881295253915,0.04345118704746084,False
P2_baseline_example_1s_0.5__csv_name__wfdb0,S_Amp_I_iqr,0.0525,0.027786221938186507,0.02471377806181349,False
P2_baseline_example_1s_0.5__csv_name__wfdb0,S_Amp_I_count,12.0,12,0.0,True
P2_baseline_example_1s_0.5__csv_name__wfdb0,S_Amp_II,-0.0849999999999999,-0.0973038223827837,0.01230382238278381,False
P2_baseline_example_1s_0.5__csv_name__wfdb0,S_Amp_II_iqr,0.0375,0.018313901287869874,0.019186098712130124,False
P2_baseline_example_1s_0.5__csv_name__wfdb0,S_Amp_II_count,12.0,12,0.0,True
P2_baseline_example_1s_0.5__csv_name__wfdb0,S_Amp_III,-0.02,-0.09482484238034677,0.07482484238034677,False
P2_baseline_example_1s_0.5__csv_name__wfdb0,S_Amp_III_iqr,0.09,0.12597738969387096,0.03597738969387096,False
P2_baseline_example_1s_0.5__csv_name__wfdb0,S_Amp_III_count,12.0,12,0.0,True
P2_baseline_example_1s_0.5__csv_name__wfdb0,S_Amp_V1,0.02,0.018620427104644642,0.0013795728953553583,False
P2_baseline_example_1s_0.5__csv_name__wfdb0,S_Amp_V1_iqr,0.025,0.011283920887756822,0.013716079112243179,False
P2_baseline_example_1s_0.5__csv_name__wfdb0,S_Amp_V1_count,12.0,12,0.0,True
P2_baseline_example_1s_0.5__csv_name__wfdb0,S_Amp_V2,-0.735,-0.5197659751511562,0.2152340248488438,False
P2_baseline_example_1s_0.5__csv_name__wfdb0,S_Amp_V2_iqr,0.05,0.056955070270191366,0.006955070270191363,False
P2_baseline_example_1s_0.5__csv_name__wfdb0,S_Amp_V2_count,12.0,12,0.0,True
P2_baseline_example_1s_0.5__csv_name__wfdb0,S_Amp_V3,-0.325,-0.16788264172727324,0.15711735827272677,False
P2_baseline_example_1s_0.5__csv_name__wfdb0,S_Amp_V3_iqr,0.0575,0.04245462377366721,0.015045376226332792,False
P2_baseline_example_1s_0.5__csv_name__wfdb0,S_Amp_V3_count,12.0,12,0.0,True
P2_baseline_example_1s_0.5__csv_name__wfdb0,S_Amp_V4,-0.13,-0.08945566991362033,0.04054433008637967,False
P2_baseline_example_1s_0.5__csv_name__wfdb0,S_Amp_V4_iqr,0.03,0.015704256794371985,0.014295743205628014,False
P2_baseline_example_1s_0.5__csv_name__wfdb0,S_Amp_V4_count,12.0,12,0.0,True
P2_baseline_example_1s_0.5__csv_name__wfdb0,S_Amp_V5,-0.065,-0.05475428600992379,0.010245713990076212,False
P2_baseline_example_1s_0.5__csv_name__wfdb0,S_Amp_V5_iqr,0.04,0.018151204615573083,0.021848795384426918,False
P2_baseline_example_1s_0.5__csv_name__wfdb0,S_Amp_V5_count,12.0,12,0.0,True
P2_baseline_example_1s_0.5__csv_name__wfdb0,S_Amp_V6,-0.09,-0.05036224397097824,0.03963775602902175,False
P2_baseline_example_1s_0.5__csv_name__wfdb0,S_Amp_V6_iqr,0.0625,0.035116178089265135,0.027383821910734865,False
P2_baseline_example_1s_0.5__csv_name__wfdb0,S_Amp_V6_count,12.0,12,0.0,True
P2_baseline_example_1s_0.5__csv_name__wfdb0,S_Amp_aVF,-0.065,-0.08398586027637597,0.01898586027637597,False
P2_baseline_example_1s_0.5__csv_name__wfdb0,S_Amp_aVF_iqr,0.0275,0.012220368856871472,0.015279631143128528,False
P2_baseline_example_1s_0.5__csv_name__wfdb0,S_Amp_aVF_count,12.0,12,0.0,True
P2_baseline_example_1s_0.5__csv_name__wfdb0,S_Amp_aVL,-0.07,-0.02497787210910416,0.045022127890895845,False
P2_baseline_example_1s_0.5__csv_name__wfdb0,S_Amp_aVL_iqr,0.0699999999999999,0.04972116782914619,0.020278832170853703,False
P2_baseline_example_1s_0.5__csv_name__wfdb0,S_Amp_aVL_count,12.0,12,0.0,True
P2_baseline_example_1s_0.5__csv_name__wfdb0,S_Amp_aVR,0.07,0.07422237782509465,0.004222377825094645,False
P2_baseline_example_1s_0.5__csv_name__wfdb0,S_Amp_aVR_iqr,0.035,0.03974475903134072,0.004744759031340716,False
P2_baseline_example_1s_0.5__csv_name__wfdb0,S_Amp_aVR_count,12.0,12,0.0,True
P2_baseline_example_1s_0.5__csv_name__wfdb0,T_Amp_I,0.065,0.11466796369366905,0.04966796369366905,False
P2_baseline_example_1s_0.5__csv_name__wfdb0,T_Amp_I_iqr,0.03,0.012330255931612827,0.017669744068387172,False
P2_baseline_example_1s_0.5__csv_name__wfdb0,T_Amp_I_count,12.0,12,0.0,True
P2_baseline_example_1s_0.5__csv_name__wfdb0,T_Amp_II,-0.1,-0.11052382238278372,0.01052382238278371,False
P2_baseline_example_1s_0.5__csv_name__wfdb0,T_Amp_II_iqr,0.025,0.01276048803937141,0.012239511960628592,False
P2_baseline_example_1s_0.5__csv_name__wfdb0,T_Amp_II_count,12.0,12,0.0,True
P2_baseline_example_1s_0.5__csv_name__wfdb0,T_Amp_III,-0.15,-0.19218219993473912,0.04218219993473912,False
P2_baseline_example_1s_0.5__csv_name__wfdb0,T_Amp_III_iqr,0.055,0.022877257703373788,0.03212274229662621,False
P2_baseline_example_1s_0.5__csv_name__wfdb0,T_Amp_III_count,12.0,12,0.0,True
P2_baseline_example_1s_0.5__csv_name__wfdb0,T_Amp_V1,0.11,0.11122793083920694,0.0012279308392069421,False
P2_baseline_example_1s_0.5__csv_name__wfdb0,T_Amp_V1_iqr,0.0249999999999999,0.0182960223875631,0.006703977612436799,False
P2_baseline_example_1s_0.5__csv_name__wfdb0,T_Amp_V1_count,12.0,12,0.0,True
P2_baseline_example_1s_0.5__csv_name__wfdb0,T_Amp_V2,0.29,0.35465113629365874,0.06465113629365876,False
P2_baseline_example_1s_0.5__csv_name__wfdb0,T_Amp_V2_iqr,0.0399999999999999,0.017638628263647038,0.02236137173635286,False
P2_baseline_example_1s_0.5__csv_name__wfdb0,T_Amp_V2_count,12.0,12,0.0,True
P2_baseline_example_1s_0.5__csv_name__wfdb0,T_Amp_V3,0.17,0.24258965273233168,0.07258965273233167,False
P2_baseline_example_1s_0.5__csv_name__wfdb0,T_Amp_V3_iqr,0.0375,0.014265978893027054,0.023234021106972945,False
P2_baseline_example_1s_0.5__csv_name__wfdb0,T_Amp_V3_count,12.0,12,0.0,True
P2_baseline_example_1s_0.5__csv_name__wfdb0,T_Amp_V4,0.055,0.09078065094191771,0.035780650941917715,False
P2_baseline_example_1s_0.5__csv_name__wfdb0,T_Amp_V4_iqr,0.035,0.012573782659734328,0.022426217340265675,False
P2_baseline_example_1s_0.5__csv_name__wfdb0,T_Amp_V4_count,12.0,12,0.0,True
P2_baseline_example_1s_0.5__csv_name__wfdb0,T_Amp_V5,-0.115,-0.09092125570572601,0.024078744294273993,False
P2_baseline_example_1s_0.5__csv_name__wfdb0,T_Amp_V5_iqr,0.0475,0.018886763734149936,0.028613236265850064,False
P2_baseline_example_1s_0.5__csv_name__wfdb0,T_Amp_V5_count,12.0,12,0.0,True
P2_baseline_example_1s_0.5__csv_name__wfdb0,T_Amp_V6,-0.11,-0.08927046791823687,0.020729532081763133,False
P2_baseline_example_1s_0.5__csv_name__wfdb0,T_Amp_V6_iqr,0.0575,0.018402207436727658,0.039097792563272345,False
P2_baseline_example_1s_0.5__csv_name__wfdb0,T_Amp_V6_count,12.0,12,0.0,True
P2_baseline_example_1s_0.5__csv_name__wfdb0,T_Amp_aVF,-0.1149999999999999,-0.13948080555960235,0.024480805559602456,False
P2_baseline_example_1s_0.5__csv_name__wfdb0,T_Amp_aVF_iqr,0.0425,0.011163465985530002,0.03133653401447,False
P2_baseline_example_1s_0.5__csv_name__wfdb0,T_Amp_aVF_count,12.0,12,0.0,True
P2_baseline_example_1s_0.5__csv_name__wfdb0,T_Amp_aVL,0.1,0.15439248416077217,0.054392484160772164,False
P2_baseline_example_1s_0.5__csv_name__wfdb0,T_Amp_aVL_iqr,0.0424999999999999,0.01268021066951927,0.02981978933048063,False
P2_baseline_example_1s_0.5__csv_name__wfdb0,T_Amp_aVL_count,12.0,12,0.0,True
P2_baseline_example_1s_0.5__csv_name__wfdb0,T_Amp_aVR,-0.015,-0.03219803251166467,0.01719803251166467,False
P2_baseline_example_1s_0.5__csv_name__wfdb0,T_Amp_aVR_iqr,0.0225,0.0044271171502596775,0.01807288284974032,False
P2_baseline_example_1s_0.5__csv_name__wfdb0,T_Amp_aVR_count,12.0,12,0.0,True
P2_baseline_example_1s_0.5__csv_name__matlab1,P_Amp_I,0.075,0.11810293900503663,0.04310293900503663,False
P2_baseline_example_1s_0.5__csv_name__matlab1,P_Amp_I_iqr,0.0325,0.014279238404774977,0.018220761595225024,False
P2_baseline_example_1s_0.5__csv_name__matlab1,P_Amp_I_count,12.0,12,0.0,True
P2_baseline_example_1s_0.5__csv_name__matlab1,P_Amp_II,0.125,0.10355093198180337,0.021449068018196626,False
P2_baseline_example_1s_0.5__csv_name__matlab1,P_Amp_II_iqr,0.0325,0.009213807754296754,0.023286192245703247,False
P2_baseline_example_1s_0.5__csv_name__matlab1,P_Amp_II_count,12.0,12,0.0,True
P2_baseline_example_1s_0.5__csv_name__matlab1,P_Amp_III,0.075,0.033244495278904704,0.04175550472109529,False
P2_baseline_example_1s_0.5__csv_name__matlab1,P_Amp_III_iqr,0.0249999999999999,0.03349334838877646,0.00849334838877656,False
P2_baseline_example_1s_0.5__csv_name__matlab1,P_Amp_III_count,12.0,12,0.0,True
P2_baseline_example_1s_0.5__csv_name__matlab1,P_Amp_V1,-0.04,-0.042814749155208984,0.002814749155208983,False
P2_baseline_example_1s_0.5__csv_name__matlab1,P_Amp_V1_iqr,0.0025,0.026196012974939772,0.023696012974939774,False
P2_baseline_example_1s_0.5__csv_name__matlab1,P_Amp_V1_count,12.0,12,0.0,True
P2_baseline_example_1s_0.5__csv_name__matlab1,P_Amp_V2,-0.04,0.0104745088128893,0.0504745088128893,False
P2_baseline_example_1s_0.5__csv_name__matlab1,P_Amp_V2_iqr,0.01,0.013432890311641962,0.0034328903116419614,False
P2_baseline_example_1s_0.5__csv_name__matlab1,P_Amp_V2_count,12.0,12,0.0,True
P2_baseline_example_1s_0.5__csv_name__matlab1,P_Amp_V3,-0.04,0.04286530207009239,0.08286530207009239,False
P2_baseline_example_1s_0.5__csv_name__matlab1,P_Amp_V3_iqr,0.035,0.023876044782220857,0.011123955217779147,False
P2_baseline_example_1s_0.5__csv_name__matlab1,P_Amp_V3_count,12.0,12,0.0,True
P2_baseline_example_1s_0.5__csv_name__matlab1,P_Amp_V4,0.025,0.056494946481348174,0.03149494648134817,False
P2_baseline_example_1s_0.5__csv_name__matlab1,P_Amp_V4_iqr,0.0275,0.02671722977569292,0.0007827702243070785,False
P2_baseline_example_1s_0.5__csv_name__matlab1,P_Amp_V4_count,12.0,12,0.0,True
P2_baseline_example_1s_0.5__csv_name__matlab1,P_Amp_V5,0.03,0.04229109383705834,0.012291093837058342,False
P2_baseline_example_1s_0.5__csv_name__matlab1,P_Amp_V5_iqr,0.0375,0.01945793054788226,0.01804206945211774,False
P2_baseline_example_1s_0.5__csv_name__matlab1,P_Amp_V5_count,12.0,12,0.0,True
P2_baseline_example_1s_0.5__csv_name__matlab1,P_Amp_V6,0.04,0.05863499592233178,0.018634995922331782,False
P2_baseline_example_1s_0.5__csv_name__matlab1,P_Amp_V6_iqr,0.05,0.015901731240584395,0.03409826875941561,False
P2_baseline_example_1s_0.5__csv_name__matlab1,P_Amp_V6_count,12.0,12,0.0,True
P2_baseline_example_1s_0.5__csv_name__matlab1,P_Amp_aVF,0.09,0.06675654070846662,0.023243459291533375,False
P2_baseline_example_1s_0.5__csv_name__matlab1,P_Amp_aVF_iqr,0.0325,0.01289798777779673,0.01960201222220327,False
P2_baseline_example_1s_0.5__csv_name__matlab1,P_Amp_aVF_count,12.0,12,0.0,True
P2_baseline_example_1s_0.5__csv_name__matlab1,P_Amp_aVL,0.02,0.08360454903617898,0.06360454903617897,False
P2_baseline_example_1s_0.5__csv_name__matlab1,P_Amp_aVL_iqr,0.045,0.024011497421994557,0.02098850257800544,False
P2_baseline_example_1s_0.5__csv_name__matlab1,P_Amp_aVL_count,12.0,12,0.0,True
P2_baseline_example_1s_0.5__csv_name__matlab1,P_Amp_aVR,-0.095,-0.10879958405086468,0.013799584050864677,False
P2_baseline_example_1s_0.5__csv_name__matlab1,P_Amp_aVR_iqr,0.02,0.015722382804192275,0.004277617195807725,False
P2_baseline_example_1s_0.5__csv_name__matlab1,P_Amp_aVR_count,12.0,12,0.0,True
P2_baseline_example_1s_0.5__csv_name__matlab1,Q_Amp_I,-0.14,-0.10229282619366428,0.03770717380633573,False
P2_baseline_example_1s_0.5__csv_name__matlab1,Q_Amp_I_iqr,0.0425,0.030263919319999985,0.012236080680000018,False
P2_baseline_example_1s_0.5__csv_name__matlab1,Q_Amp_I_count,12.0,12,0.0,True
P2_baseline_example_1s_0.5__csv_name__matlab1,Q_Amp_II,-0.14,-0.16349379894658914,0.023493798946589123,False
P2_baseline_example_1s_0.5__csv_name__matlab1,Q_Amp_II_iqr,0.0325,0.015985511592929796,0.016514488407070205,False
P2_baseline_example_1s_0.5__csv_name__matlab1,Q_Amp_II_count,12.0,12,0.0,True
P2_baseline_example_1s_0.5__csv_name__matlab1,Q_Amp_III,0.06,0.00781746374534306,0.052182536254656936,False
P2_baseline_example_1s_0.5__csv_name__matlab1,Q_Amp_III_iqr,0.035,0.026593584791695945,0.008406415208304058,False
P2_baseline_example_1s_0.5__csv_name__matlab1,Q_Amp_III_count,12.0,12,0.0,True
P2_baseline_example_1s_0.5__csv_name__matlab1,Q_Amp_V1,0.2,0.1857777108504603,0.014222289149539713,False
P2_baseline_example_1s_0.5__csv_name__matlab1,Q_Amp_V1_iqr,0.0399999999999999,0.02786086914632363,0.012139130853676267,False
P2_baseline_example_1s_0.5__csv_name__matlab1,Q_Amp_V1_count,12.0,12,0.0,True
P2_baseline_example_1s_0.5__csv_name__matlab1,Q_Amp_V2,-0.0849999999999999,-0.03162747657110625,0.05337252342889365,False
P2_baseline_example_1s_0.5__csv_name__matlab1,Q_Amp_V2_iqr,0.0224999999999999,0.019833613323351346,0.002666386676648553,False
P2_baseline_example_1s_0.5__csv_name__matlab1,Q_Amp_V2_count,12.0,12,0.0,True
P2_baseline_example_1s_0.5__csv_name__matlab1,Q_Amp_V3,-0.045,0.023898564463054585,0.06889856446305459,False
P2_baseline_example_1s_0.5__csv_name__matlab1,Q_Amp_V3_iqr,0.0325,0.015063241967744834,0.017436758032255167,False
P2_baseline_example_1s_0.5__csv_name__matlab1,Q_Amp_V3_count,12.0,12,0.0,True
P2_baseline_example_1s_0.5__csv_name__matlab1,Q_Amp_V4,-0.1,-0.06129178600993331,0.038708213990066694,False
P2_baseline_example_1s_0.5__csv_name__matlab1,Q_Amp_V4_iqr,0.0125,0.007286306595157652,0.005213693404842349,False
P2_baseline_example_1s_0.5__csv_name__matlab1,Q_Amp_V4_count,12.0,12,0.0,True
P2_baseline_example_1s_0.5__csv_name__matlab1,Q_Amp_V5,-0.17,-0.15136546906253007,0.018634530937469945,False
P2_baseline_example_1s_0.5__csv_name__matlab1,Q_Amp_V5_iqr,0.0375,0.011784669644615942,0.025715330355384057,False
P2_baseline_example_1s_0.5__csv_name__matlab1,Q_Amp_V5_count,12.0,12,0.0,True
P2_baseline_example_1s_0.5__csv_name__matlab1,Q_Amp_V6,-0.155,-0.1396644425728524,0.015335557427147595,False
P2_baseline_example_1s_0.5__csv_name__matlab1,Q_Amp_V6_iqr,0.0499999999999999,0.014355628937095827,0.03564437106290407,False
P2_baseline_example_1s_0.5__csv_name__matlab1,Q_Amp_V6_count,12.0,12,0.0,True
P2_baseline_example_1s_0.5__csv_name__matlab1,Q_Amp_aVF,-0.105,-0.13128291860605656,0.02628291860605657,False
P2_baseline_example_1s_0.5__csv_name__matlab1,Q_Amp_aVF_iqr,0.0375,0.02886846120763234,0.008631538792367659,False
P2_baseline_example_1s_0.5__csv_name__matlab1,Q_Amp_aVF_count,12.0,12,0.0,True
P2_baseline_example_1s_0.5__csv_name__matlab1,Q_Amp_aVL,-0.075,-0.03292223787247474,0.04207776212752526,False
P2_baseline_example_1s_0.5__csv_name__matlab1,Q_Amp_aVL_iqr,0.0424999999999999,0.01731773375352131,0.02518226624647859,False
P2_baseline_example_1s_0.5__csv_name__matlab1,Q_Amp_aVL_count,12.0,12,0.0,True
P2_baseline_example_1s_0.5__csv_name__matlab1,Q_Amp_aVR,0.145,0.12696110880217432,0.018038891197825674,False
P2_baseline_example_1s_0.5__csv_name__matlab1,Q_Amp_aVR_iqr,0.0325,0.02397259597085799,0.00852740402914201,False
P2_baseline_example_1s_0.5__csv_name__matlab1,Q_Amp_aVR_count,12.0,12,0.0,True
P2_baseline_example_1s_0.5__csv_name__matlab1,R_Amp_I,1.6,1.6418817237818812,0.04188172378188115,False
P2_baseline_example_1s_0.5__csv_name__matlab1,R_Amp_I_iqr,0.1224999999999998,0.11370876183764755,0.00879123816235225,False
P2_baseline_example_1s_0.5__csv_name__matlab1,R_Amp_I_count,12.0,12,0.0,True
P2_baseline_example_1s_0.5__csv_name__matlab1,R_Amp_II,0.975,0.9657414557166271,0.009258544283372916,False
P2_baseline_example_1s_0.5__csv_name__matlab1,R_Amp_II_iqr,0.045,0.02938175968244372,0.015618240317556278,False
P2_baseline_example_1s_0.5__csv_name__matlab1,R_Amp_II_count,12.0,12,0.0,True
P2_baseline_example_1s_0.5__csv_name__matlab1,R_Amp_III,-0.71,-0.779523175695341,0.06952317569534106,False
P2_baseline_example_1s_0.5__csv_name__matlab1,R_Amp_III_iqr,0.14,0.15568899899669364,0.015688998996693626,False
P2_baseline_example_1s_0.5__csv_name__matlab1,R_Amp_III_count,12.0,12,0.0,True
P2_baseline_example_1s_0.5__csv_name__matlab1,R_Amp_V1,-0.955,-0.9446918241308694,0.010308175869130576,False
P2_baseline_example_1s_0.5__csv_name__matlab1,R_Amp_V1_iqr,0.1149999999999999,0.12118502960026145,0.006185029600261557,False
P2_baseline_example_1s_0.5__csv_name__matlab1,R_Amp_V1_count,12.0,12,0.0,True
P2_baseline_example_1s_0.5__csv_name__matlab1,R_Amp_V2,0.885,0.937928949262494,0.05292894926249403,False
P2_baseline_example_1s_0.5__csv_name__matlab1,R_Amp_V2_iqr,0.075,0.054520440506030776,0.02047955949396922,False
P2_baseline_example_1s_0.5__csv_name__matlab1,R_Amp_V2_count,12.0,12,0.0,True
P2_baseline_example_1s_0.5__csv_name__matlab1,R_Amp_V3,1.68,1.7684758053729088,0.08847580537290889,False
P2_baseline_example_1s_0.5__csv_name__matlab1,R_Amp_V3_iqr,0.0949999999999999,0.09332189418694536,0.0016781058130545395,False
P2_baseline_example_1s_0.5__csv_name__matlab1,R_Amp_V3_count,12.0,12,0.0,True
P2_baseline_example_1s_0.5__csv_name__matlab1,R_Amp_V4,1.835,1.8734952475967157,0.03849524759671574,False
P2_baseline_example_1s_0.5__csv_name__matlab1,R_Amp_V4_iqr,0.1624999999999998,0.13005352726438502,0.032446472735614795,False
P2_baseline_example_1s_0.5__csv_name__matlab1,R_Amp_V4_count,12.0,12,0.0,True
P2_baseline_example_1s_0.5__csv_name__matlab1,R_Amp_V5,1.6,1.613096226991966,0.013096226991965887,False
P2_baseline_example_1s_0.5__csv_name__matlab1,R_Amp_V5_iqr,0.0749999999999997,0.09272980436473799,0.017729804364738283,False
P2_baseline_example_1s_0.5__csv_name__matlab1,R_Amp_V5_count,12.0,12,0.0,True
P2_baseline_example_1s_0.5__csv_name__matlab1,R_Amp_V6,1.17,1.1750936781799406,0.005093678179940664,False
P2_baseline_example_1s_0.5__csv_name__matlab1,R_Amp_V6_iqr,0.0524999999999999,0.0690997038231298,0.016599703823129898,False
P2_baseline_example_1s_0.5__csv_name__matlab1,R_Amp_V6_count,12.0,12,0.0,True
P2_baseline_example_1s_0.5__csv_name__matlab1,R_Amp_aVF,0.255,0.21150437078227524,0.04349562921772476,False
P2_baseline_example_1s_0.5__csv_name__matlab1,R_Amp_aVF_iqr,0.09,0.06039656226742793,0.02960343773257207,False
P2_baseline_example_1s_0.5__csv_name__matlab1,R_Amp_aVF_count,12.0,12,0.0,True
P2_baseline_example_1s_0.5__csv_name__matlab1,R_Amp_aVL,1.15,1.195596285147349,0.045596285147349036,False
P2_baseline_example_1s_0.5__csv_name__matlab1,R_Amp_aVL_iqr,0.1549999999999998,0.17070218820591876,0.015702188205918954,False
P2_baseline_example_1s_0.5__csv_name__matlab1,R_Amp_aVL_count,12.0,12,0.0,True
P2_baseline_example_1s_0.5__csv_name__matlab1,R_Amp_aVR,-1.3,-1.3075326514735381,0.007532651473538099,False
P2_baseline_example_1s_0.5__csv_name__matlab1,R_Amp_aVR_iqr,0.09,0.08101209369888562,0.008987906301114373,False
P2_baseline_example_1s_0.5__csv_name__matlab1,R_Amp_aVR_count,12.0,12,0.0,True
P2_baseline_example_1s_0.5__csv_name__matlab1,S_Amp_I,-0.12,-0.07654264512407026,0.043457354875929735,False
P2_baseline_example_1s_0.5__csv_name__matlab1,S_Amp_I_iqr,0.0525,0.034064278431277226,0.018435721568722772,False
P2_baseline_example_1s_0.5__csv_name__matlab1,S_Amp_I_count,12.0,12,0.0,True
P2_baseline_example_1s_0.5__csv_name__matlab1,S_Amp_II,-0.0849999999999999,-0.09189138912765887,0.006891389127658978,False
P2_baseline_example_1s_0.5__csv_name__matlab1,S_Amp_II_iqr,0.0375,0.022797125967400106,0.014702874032599893,False
P2_baseline_example_1s_0.5__csv_name__matlab1,S_Amp_II_count,12.0,12,0.0,True
P2_baseline_example_1s_0.5__csv_name__matlab1,S_Amp_III,-0.02,-0.03986017058222566,0.019860170582225656,False
P2_baseline_example_1s_0.5__csv_name__matlab1,S_Amp_III_iqr,0.09,0.09157761177814955,0.0015776117781495513,False
P2_baseline_example_1s_0.5__csv_name__matlab1,S_Amp_III_count,12.0,12,0.0,True
P2_baseline_example_1s_0.5__csv_name__matlab1,S_Amp_V1,0.02,0.016360639421130658,0.0036393605788693426,False
P2_baseline_example_1s_0.5__csv_name__matlab1,S_Amp_V1_iqr,0.025,0.012804967984572362,0.01219503201542764,False
P2_baseline_example_1s_0.5__csv_name__matlab1,S_Amp_V1_count,12.0,12,0.0,True
P2_baseline_example_1s_0.5__csv_name__matlab1,S_Amp_V2,-0.735,-0.6752333725795707,0.059766627420429264,False
P2_baseline_example_1s_0.5__csv_name__matlab1,S_Amp_V2_iqr,0.05,0.05074827128088233,0.0007482712808823261,False
P2_baseline_example_1s_0.5__csv_name__matlab1,S_Amp_V2_count,12.0,12,0.0,True
P2_baseline_example_1s_0.5__csv_name__matlab1,S_Amp_V3,-0.325,-0.2588062313703384,0.06619376862966159,False
P2_baseline_example_1s_0.5__csv_name__matlab1,S_Amp_V3_iqr,0.0575,0.04021513026026641,0.017284869739733595,False
P2_baseline_example_1s_0.5__csv_name__matlab1,S_Amp_V3_count,12.0,12,0.0,True
P2_baseline_example_1s_0.5__csv_name__matlab1,S_Amp_V4,-0.13,-0.09252517265909486,0.03747482734090514,False
P2_baseline_example_1s_0.5__csv_name__matlab1,S_Amp_V4_iqr,0.03,0.016409563832601032,0.013590436167398967,False
P2_baseline_example_1s_0.5__csv_name__matlab1,S_Amp_V4_count,12.0,12,0.0,True
P2_baseline_example_1s_0.5__csv_name__matlab1,S_Amp_V5,-0.065,-0.03746170940286471,0.027538290597135293,False
P2_baseline_example_1s_0.5__csv_name__matlab1,S_Amp_V5_iqr,0.04,0.01366322291737087,0.02633677708262913,False
P2_baseline_example_1s_0.5__csv_name__matlab1,S_Amp_V5_count,12.0,12,0.0,True
P2_baseline_example_1s_0.5__csv_name__matlab1,S_Amp_V6,-0.09,-0.052378151165113296,0.0376218488348867,False
P2_baseline_example_1s_0.5__csv_name__matlab1,S_Amp_V6_iqr,0.0625,0.04039910933205138,0.022100890667948618,False
P2_baseline_example_1s_0.5__csv_name__matlab1,S_Amp_V6_count,12.0,12,0.0,True
P2_baseline_example_1s_0.5__csv_name__matlab1,S_Amp_aVF,-0.065,-0.08889867297606252,0.02389867297606252,False
P2_baseline_example_1s_0.5__csv_name__matlab1,S_Amp_aVF_iqr,0.0275,0.022330284699176917,0.0051697153008230835,False
P2_baseline_example_1s_0.5__csv_name__matlab1,S_Amp_aVF_count,12.0,12,0.0,True
P2_baseline_example_1s_0.5__csv_name__matlab1,S_Amp_aVL,-0.07,-0.024942094279309854,0.045057905720690156,False
P2_baseline_example_1s_0.5__csv_name__matlab1,S_Amp_aVL_iqr,0.0699999999999999,0.056524644105758845,0.01347535589424105,False
P2_baseline_example_1s_0.5__csv_name__matlab1,S_Amp_aVL_count,12.0,12,0.0,True
P2_baseline_example_1s_0.5__csv_name__matlab1,S_Amp_aVR,0.07,0.06166752665758598,0.008332473342414028,False
P2_baseline_example_1s_0.5__csv_name__matlab1,S_Amp_aVR_iqr,0.035,0.04711713158449714,0.012117131584497134,False
P2_baseline_example_1s_0.5__csv_name__matlab1,S_Amp_aVR_count,12.0,12,0.0,True
P2_baseline_example_1s_0.5__csv_name__matlab1,T_Amp_I,0.065,0.11074137994536905,0.045741379945369046,False
P2_baseline_example_1s_0.5__csv_name__matlab1,T_Amp_I_iqr,0.03,0.012188647340804812,0.017811352659195187,False
P2_baseline_example_1s_0.5__csv_name__matlab1,T_Amp_I_count,12.0,12,0.0,True
P2_baseline_example_1s_0.5__csv_name__matlab1,T_Amp_II,-0.1,-0.11255382238278372,0.012553822382783714,False
P2_baseline_example_1s_0.5__csv_name__matlab1,T_Amp_II_iqr,0.025,0.012207154636824938,0.012792845363175064,False
P2_baseline_example_1s_0.5__csv_name__matlab1,T_Amp_II_count,12.0,12,0.0,True
P2_baseline_example_1s_0.5__csv_name__matlab1,T_Amp_III,-0.15,-0.19220528844683848,0.04220528844683849,False
P2_baseline_example_1s_0.5__csv_name__matlab1,T_Amp_III_iqr,0.055,0.02347412067515528,0.03152587932484472,False
P2_baseline_example_1s_0.5__csv_name__matlab1,T_Amp_III_count,12.0,12,0.0,True
P2_baseline_example_1s_0.5__csv_name__matlab1,T_Amp_V1,0.11,0.11018995599600018,0.00018995599600017676,False
P2_baseline_example_1s_0.5__csv_name__matlab1,T_Amp_V1_iqr,0.0249999999999999,0.018057101219137686,0.006942898780862215,False
P2_baseline_example_1s_0.5__csv_name__matlab1,T_Amp_V1_count,12.0,12,0.0,True
P2_baseline_example_1s_0.5__csv_name__matlab1,T_Amp_V2,0.29,0.3550599575440201,0.06505995754402011,False
P2_baseline_example_1s_0.5__csv_name__matlab1,T_Amp_V2_iqr,0.0399999999999999,0.018773391718422683,0.021226608281577214,False
P2_baseline_example_1s_0.5__csv_name__matlab1,T_Amp_V2_count,12.0,12,0.0,True
P2_baseline_example_1s_0.5__csv_name__matlab1,T_Amp_V3,0.17,0.24546538531444018,0.07546538531444016,False
P2_baseline_example_1s_0.5__csv_name__matlab1,T_Amp_V3_iqr,0.0375,0.012520302070867018,0.02497969792913298,False
P2_baseline_example_1s_0.5__csv_name__matlab1,T_Amp_V3_count,12.0,12,0.0,True
P2_baseline_example_1s_0.5__csv_name__matlab1,T_Amp_V4,0.055,0.09057970849886587,0.035579708498865874,False
P2_baseline_example_1s_0.5__csv_name__matlab1,T_Amp_V4_iqr,0.035,0.015323755815202983,0.01967624418479702,False
P2_baseline_example_1s_0.5__csv_name__matlab1,T_Amp_V4_count,12.0,12,0.0,True
P2_baseline_example_1s_0.5__csv_name__matlab1,T_Amp_V5,-0.115,-0.09044862864498271,0.024551371355017296,False
P2_baseline_example_1s_0.5__csv_name__matlab1,T_Amp_V5_iqr,0.0475,0.01844034164116358,0.02905965835883642,False
P2_baseline_example_1s_0.5__csv_name__matlab1,T_Amp_V5_count,12.0,12,0.0,True
P2_baseline_example_1s_0.5__csv_name__matlab1,T_Amp_V6,-0.11,-0.09137630072259789,0.01862369927740211,False
P2_baseline_example_1s_0.5__csv_name__matlab1,T_Amp_V6_iqr,0.0575,0.01758194733604318,0.03991805266395682,False
P2_baseline_example_1s_0.5__csv_name__matlab1,T_Amp_V6_count,12.0,12,0.0,True
P2_baseline_example_1s_0.5__csv_name__matlab1,T_Amp_aVF,-0.1149999999999999,-0.13805213353289164,0.023052133532891747,False
P2_baseline_example_1s_0.5__csv_name__matlab1,T_Amp_aVF_iqr,0.0425,0.008926096310574505,0.0335739036894255,False
P2_baseline_example_1s_0.5__csv_name__matlab1,T_Amp_aVF_count,12.0,12,0.0,True
P2_baseline_example_1s_0.5__csv_name__matlab1,T_Amp_aVL,0.1,0.15293808127390884,0.05293808127390884,False
P2_baseline_example_1s_0.5__csv_name__matlab1,T_Amp_aVL_iqr,0.0424999999999999,0.01751446395395012,0.024985536046049778,False
P2_baseline_example_1s_0.5__csv_name__matlab1,T_Amp_aVL_count,12.0,12,0.0,True
P2_baseline_example_1s_0.5__csv_name__matlab1,T_Amp_aVR,-0.015,-0.03231571535326466,0.017315715353264663,False
P2_baseline_example_1s_0.5__csv_name__matlab1,T_Amp_aVR_iqr,0.0225,0.006069807257063842,0.016430192742936157,False
P2_baseline_example_1s_0.5__csv_name__matlab1,T_Amp_aVR_count,12.0,12,0.0,True
P2_baseline_example_1s_0.5__file_name__wfdb0,P_Amp_I,0.075,0.11958286665102652,0.04458286665102652,False
P2_baseline_example_1s_0.5__file_name__wfdb0,P_Amp_I_iqr,0.0325,0.015270794700066023,0.017229205299933978,False
P2_baseline_example_1s_0.5__file_name__wfdb0,P_Amp_I_count,12.0,12,0.0,True
P2_baseline_example_1s_0.5__file_name__wfdb0,P_Amp_II,0.125,0.10187044173746504,0.02312955826253496,False
P2_baseline_example_1s_0.5__file_name__wfdb0,P_Amp_II_iqr,0.0325,0.00924699319160105,0.02325300680839895,False
P2_baseline_example_1s_0.5__file_name__wfdb0,P_Amp_II_count,12.0,12,0.0,True
P2_baseline_example_1s_0.5__file_name__wfdb0,P_Amp_III,0.075,0.03707350375475149,0.037926496245248506,False
P2_baseline_example_1s_0.5__file_name__wfdb0,P_Amp_III_iqr,0.0249999999999999,0.03463196397286358,0.009631963972863682,False
P2_baseline_example_1s_0.5__file_name__wfdb0,P_Amp_III_count,12.0,12,0.0,True
P2_baseline_example_1s_0.5__file_name__wfdb0,P_Amp_V1,-0.04,-0.04163768422686934,0.0016376842268693362,False
P2_baseline_example_1s_0.5__file_name__wfdb0,P_Amp_V1_iqr,0.0025,0.02500064199110379,0.02250064199110379,False
P2_baseline_example_1s_0.5__file_name__wfdb0,P_Amp_V1_count,12.0,12,0.0,True
P2_baseline_example_1s_0.5__file_name__wfdb0,P_Amp_V2,-0.04,0.011893029215499507,0.05189302921549951,False
P2_baseline_example_1s_0.5__file_name__wfdb0,P_Amp_V2_iqr,0.01,0.012265346331837353,0.0022653463318373524,False
P2_baseline_example_1s_0.5__file_name__wfdb0,P_Amp_V2_count,12.0,12,0.0,True
P2_baseline_example_1s_0.5__file_name__wfdb0,P_Amp_V3,-0.04,0.04281048421750712,0.08281048421750711,False
P2_baseline_example_1s_0.5__file_name__wfdb0,P_Amp_V3_iqr,0.035,0.025225280114724417,0.009774719885275587,False
P2_baseline_example_1s_0.5__file_name__wfdb0,P_Amp_V3_count,12.0,12,0.0,True
P2_baseline_example_1s_0.5__file_name__wfdb0,P_Amp_V4,0.025,0.05365769418112708,0.028657694181127076,False
P2_baseline_example_1s_0.5__file_name__wfdb0,P_Amp_V4_iqr,0.0275,0.02294183166484698,0.004558168335153021,False
P2_baseline_example_1s_0.5__file_name__wfdb0,P_Amp_V4_count,12.0,12,0.0,True
P2_baseline_example_1s_0.5__file_name__wfdb0,P_Amp_V5,0.03,0.04313423308341857,0.013134233083418573,False
P2_baseline_example_1s_0.5__file_name__wfdb0,P_Amp_V5_iqr,0.0375,0.019942172417432374,0.017557827582567624,False
P2_baseline_example_1s_0.5__file_name__wfdb0,P_Amp_V5_count,12.0,12,0.0,True
P2_baseline_example_1s_0.5__file_name__wfdb0,P_Amp_V6,0.04,0.05862898342429877,0.01862898342429877,False
P2_baseline_example_1s_0.5__file_name__wfdb0,P_Amp_V6_iqr,0.05,0.012831298017705342,0.03716870198229466,False
P2_baseline_example_1s_0.5__file_name__wfdb0,P_Amp_V6_count,12.0,12,0.0,True
P2_baseline_example_1s_0.5__file_name__wfdb0,P_Amp_aVF,0.09,0.040398840322091165,0.04960115967790883,False
P2_baseline_example_1s_0.5__file_name__wfdb0,P_Amp_aVF_iqr,0.0325,0.03198212519603842,0.0005178748039615794,False
P2_baseline_example_1s_0.5__file_name__wfdb0,P_Amp_aVF_count,12.0,12,0.0,True
P2_baseline_example_1s_0.5__file_name__wfdb0,P_Amp_aVL,0.02,0.045065030077120746,0.025065030077120746,False
P2_baseline_example_1s_0.5__file_name__wfdb0,P_Amp_aVL_iqr,0.045,0.019444196314399517,0.02555580368560048,False
P2_baseline_example_1s_0.5__file_name__wfdb0,P_Amp_aVL_count,12.0,12,0.0,True
P2_baseline_example_1s_0.5__file_name__wfdb0,P_Amp_aVR,-0.095,-0.10586365761019531,0.01086365761019531,False
P2_baseline_example_1s_0.5__file_name__wfdb0,P_Amp_aVR_iqr,0.02,0.014668515666952153,0.005331484333047847,False
P2_baseline_example_1s_0.5__file_name__wfdb0,P_Amp_aVR_count,12.0,12,0.0,True
P2_baseline_example_1s_0.5__file_name__wfdb0,Q_Amp_I,-0.14,-0.12026780012311923,0.019732199876880782,False
P2_baseline_example_1s_0.5__file_name__wfdb0,Q_Amp_I_iqr,0.0425,0.027980440645318766,0.014519559354681237,False
P2_baseline_example_1s_0.5__file_name__wfdb0,Q_Amp_I_count,12.0,12,0.0,True
P2_baseline_example_1s_0.5__file_name__wfdb0,Q_Amp_II,-0.14,-0.16559350406615359,0.025593504066153572,False
P2_baseline_example_1s_0.5__file_name__wfdb0,Q_Amp_II_iqr,0.0325,0.017562056930938014,0.014937943069061987,False
P2_baseline_example_1s_0.5__file_name__wfdb0,Q_Amp_II_count,12.0,12,0.0,True
P2_baseline_example_1s_0.5__file_name__wfdb0,Q_Amp_III,0.06,0.008325350079859616,0.051674649920140384,False
P2_baseline_example_1s_0.5__file_name__wfdb0,Q_Amp_III_iqr,0.035,0.028038610580625394,0.00696138941937461,False
P2_baseline_example_1s_0.5__file_name__wfdb0,Q_Amp_III_count,12.0,12,0.0,True
P2_baseline_example_1s_0.5__file_name__wfdb0,Q_Amp_V1,0.2,0.18629555080846522,0.013704449191534795,False
P2_baseline_example_1s_0.5__file_name__wfdb0,Q_Amp_V1_iqr,0.0399999999999999,0.028528907215839505,0.011471092784160392,False
P2_baseline_example_1s_0.5__file_name__wfdb0,Q_Amp_V1_count,12.0,12,0.0,True
P2_baseline_example_1s_0.5__file_name__wfdb0,Q_Amp_V2,-0.0849999999999999,-0.02859268833229014,0.05640731166770975,False
P2_baseline_example_1s_0.5__file_name__wfdb0,Q_Amp_V2_iqr,0.0224999999999999,0.015981270066168646,0.006518729933831253,False
P2_baseline_example_1s_0.5__file_name__wfdb0,Q_Amp_V2_count,12.0,12,0.0,True
P2_baseline_example_1s_0.5__file_name__wfdb0,Q_Amp_V3,-0.045,0.02822716390127221,0.07322716390127221,False
P2_baseline_example_1s_0.5__file_name__wfdb0,Q_Amp_V3_iqr,0.0325,0.01715945398762715,0.015340546012372853,False
P2_baseline_example_1s_0.5__file_name__wfdb0,Q_Amp_V3_count,12.0,12,0.0,True
P2_baseline_example_1s_0.5__file_name__wfdb0,Q_Amp_V4,-0.1,-0.059065076980211094,0.04093492301978891,False
P2_baseline_example_1s_0.5__file_name__wfdb0,Q_Amp_V4_iqr,0.0125,0.02262842247147269,0.010128422471472689,False
P2_baseline_example_1s_0.5__file_name__wfdb0,Q_Amp_V4_count,12.0,12,0.0,True
P2_baseline_example_1s_0.5__file_name__wfdb0,Q_Amp_V5,-0.17,-0.15706086921868276,0.012939130781317254,False
P2_baseline_example_1s_0.5__file_name__wfdb0,Q_Amp_V5_iqr,0.0375,0.021244881171412044,0.016255118828587954,False
P2_baseline_example_1s_0.5__file_name__wfdb0,Q_Amp_V5_count,12.0,12,0.0,True
P2_baseline_example_1s_0.5__file_name__wfdb0,Q_Amp_V6,-0.155,-0.14379568821850677,0.011204311781493226,False
P2_baseline_example_1s_0.5__file_name__wfdb0,Q_Amp_V6_iqr,0.0499999999999999,0.018884726676601876,0.031115273323398022,False
P2_baseline_example_1s_0.5__file_name__wfdb0,Q_Amp_V6_count,12.0,12,0.0,True
P2_baseline_example_1s_0.5__file_name__wfdb0,Q_Amp_aVF,-0.105,0.1403416660032452,0.2453416660032452,False
P2_baseline_example_1s_0.5__file_name__wfdb0,Q_Amp_aVF_iqr,0.0375,0.041764950664822276,0.004264950664822277,False
P2_baseline_example_1s_0.5__file_name__wfdb0,Q_Amp_aVF_count,12.0,12,0.0,True
P2_baseline_example_1s_0.5__file_name__wfdb0,Q_Amp_aVL,-0.075,-0.06895348442405047,0.0060465155759495265,False
P2_baseline_example_1s_0.5__file_name__wfdb0,Q_Amp_aVL_iqr,0.0424999999999999,0.019762472148826135,0.022737527851173764,False
P2_baseline_example_1s_0.5__file_name__wfdb0,Q_Amp_aVL_count,12.0,12,0.0,True
P2_baseline_example_1s_0.5__file_name__wfdb0,Q_Amp_aVR,0.145,0.13606777572464301,0.008932224275356976,False
P2_baseline_example_1s_0.5__file_name__wfdb0,Q_Amp_aVR_iqr,0.0325,0.017110296430630084,0.015389703569369917,False
P2_baseline_example_1s_0.5__file_name__wfdb0,Q_Amp_aVR_count,12.0,12,0.0,True
P2_baseline_example_1s_0.5__file_name__wfdb0,R_Amp_I,1.6,1.7068817237818812,0.1068817237818811,False
P2_baseline_example_1s_0.5__file_name__wfdb0,R_Amp_I_iqr,0.1224999999999998,0.12076525750749467,0.0017347424925051314,False
P2_baseline_example_1s_0.5__file_name__wfdb0,R_Amp_I_count,12.0,12,0.0,True
P2_baseline_example_1s_0.5__file_name__wfdb0,R_Amp_II,0.975,0.9975960326197935,0.022596032619793482,False
P2_baseline_example_1s_0.5__file_name__wfdb0,R_Amp_II_iqr,0.045,0.02580174807498059,0.019198251925019408,False
P2_baseline_example_1s_0.5__file_name__wfdb0,R_Amp_II_count,12.0,12,0.0,True
P2_baseline_example_1s_0.5__file_name__wfdb0,R_Amp_III,-0.71,-0.7355737010376278,0.025573701037627794,False
P2_baseline_example_1s_0.5__file_name__wfdb0,R_Amp_III_iqr,0.14,0.1228892299949933,0.017110770005006715,False
P2_baseline_example_1s_0.5__file_name__wfdb0,R_Amp_III_count,12.0,12,0.0,True
P2_baseline_example_1s_0.5__file_name__wfdb0,R_Amp_V1,-0.955,-0.9518698416630235,0.0031301583369764963,False
P2_baseline_example_1s_0.5__file_name__wfdb0,R_Amp_V1_iqr,0.1149999999999999,0.12518602761999564,0.01018602761999575,False
P2_baseline_example_1s_0.5__file_name__wfdb0,R_Amp_V1_count,12.0,12,0.0,True
P2_baseline_example_1s_0.5__file_name__wfdb0,R_Amp_V2,0.885,1.0118035383372068,0.1268035383372068,False
P2_baseline_example_1s_0.5__file_name__wfdb0,R_Amp_V2_iqr,0.075,0.04968109724993153,0.02531890275006847,False
P2_baseline_example_1s_0.5__file_name__wfdb0,R_Amp_V2_count,12.0,12,0.0,True
P2_baseline_example_1s_0.5__file_name__wfdb0,R_Amp_V3,1.68,1.793354692396104,0.11335469239610396,False
P2_baseline_example_1s_0.5__file_name__wfdb0,R_Amp_V3_iqr,0.0949999999999999,0.07861567634913902,0.016384323650860885,False
P2_baseline_example_1s_0.5__file_name__wfdb0,R_Amp_V3_count,12.0,12,0.0,True
P2_baseline_example_1s_0.5__file_name__wfdb0,R_Amp_V4,1.835,1.9287743696568485,0.09377436965684849,False
P2_baseline_example_1s_0.5__file_name__wfdb0,R_Amp_V4_iqr,0.1624999999999998,0.1252588224043667,0.03724117759563311,False
P2_baseline_example_1s_0.5__file_name__wfdb0,R_Amp_V4_count,12.0,12,0.0,True
P2_baseline_example_1s_0.5__file_name__wfdb0,R_Amp_V5,1.6,1.6344493529359538,0.03444935293595375,False
P2_baseline_example_1s_0.5__file_name__wfdb0,R_Amp_V5_iqr,0.0749999999999997,0.09582790975324507,0.02082790975324536,False
P2_baseline_example_1s_0.5__file_name__wfdb0,R_Amp_V5_count,12.0,12,0.0,True
P2_baseline_example_1s_0.5__file_name__wfdb0,R_Amp_V6,1.17,1.1857670221252232,0.015767022125223296,False
P2_baseline_example_1s_0.5__file_name__wfdb0,R_Amp_V6_iqr,0.0524999999999999,0.03716908425663101,0.015330915743368888,False
P2_baseline_example_1s_0.5__file_name__wfdb0,R_Amp_V6_count,12.0,12,0.0,True
P2_baseline_example_1s_0.5__file_name__wfdb0,R_Amp_aVF,0.255,0.6430623326135021,0.3880623326135021,False
P2_baseline_example_1s_0.5__file_name__wfdb0,R_Amp_aVF_iqr,0.09,0.14322296083813468,0.053222960838134686,False
P2_baseline_example_1s_0.5__file_name__wfdb0,R_Amp_aVF_count,12.0,12,0.0,True
P2_baseline_example_1s_0.5__file_name__wfdb0,R_Amp_aVL,1.15,0.1363961526297696,1.0136038473702302,False
P2_baseline_example_1s_0.5__file_name__wfdb0,R_Amp_aVL_iqr,0.1549999999999998,0.04849540205062852,0.10650459794937128,False
P2_baseline_example_1s_0.5__file_name__wfdb0,R_Amp_aVL_count,12.0,12,0.0,True
P2_baseline_example_1s_0.5__file_name__wfdb0,R_Amp_aVR,-1.3,-1.3250395912461717,0.02503959124617161,False
P2_baseline_example_1s_0.5__file_name__wfdb0,R_Amp_aVR_iqr,0.09,0.02952143399532403,0.060478566004675965,False
P2_baseline_example_1s_0.5__file_name__wfdb0,R_Amp_aVR_count,12.0,12,0.0,True
P2_baseline_example_1s_0.5__file_name__wfdb0,S_Amp_I,-0.12,-0.07654881295253915,0.04345118704746084,False
P2_baseline_example_1s_0.5__file_name__wfdb0,S_Amp_I_iqr,0.0525,0.027786221938186507,0.02471377806181349,False
P2_baseline_example_1s_0.5__file_name__wfdb0,S_Amp_I_count,12.0,12,0.0,True
P2_baseline_example_1s_0.5__file_name__wfdb0,S_Amp_II,-0.0849999999999999,-0.0973038223827837,0.01230382238278381,False
P2_baseline_example_1s_0.5__file_name__wfdb0,S_Amp_II_iqr,0.0375,0.018313901287869874,0.019186098712130124,False
P2_baseline_example_1s_0.5__file_name__wfdb0,S_Amp_II_count,12.0,12,0.0,True
P2_baseline_example_1s_0.5__file_name__wfdb0,S_Amp_III,-0.02,-0.09482484238034677,0.07482484238034677,False
P2_baseline_example_1s_0.5__file_name__wfdb0,S_Amp_III_iqr,0.09,0.12597738969387096,0.03597738969387096,False
P2_baseline_example_1s_0.5__file_name__wfdb0,S_Amp_III_count,12.0,12,0.0,True
P2_baseline_example_1s_0.5__file_name__wfdb0,S_Amp_V1,0.02,0.018620427104644642,0.0013795728953553583,False
P2_baseline_example_1s_0.5__file_name__wfdb0,S_Amp_V1_iqr,0.025,0.011283920887756822,0.013716079112243179,False
P2_baseline_example_1s_0.5__file_name__wfdb0,S_Amp_V1_count,12.0,12,0.0,True
P2_baseline_example_1s_0.5__file_name__wfdb0,S_Amp_V2,-0.735,-0.5197659751511562,0.2152340248488438,False
P2_baseline_example_1s_0.5__file_name__wfdb0,S_Amp_V2_iqr,0.05,0.056955070270191366,0.006955070270191363,False
P2_baseline_example_1s_0.5__file_name__wfdb0,S_Amp_V2_count,12.0,12,0.0,True
P2_baseline_example_1s_0.5__file_name__wfdb0,S_Amp_V3,-0.325,-0.16788264172727324,0.15711735827272677,False
P2_baseline_example_1s_0.5__file_name__wfdb0,S_Amp_V3_iqr,0.0575,0.04245462377366721,0.015045376226332792,False
P2_baseline_example_1s_0.5__file_name__wfdb0,S_Amp_V3_count,12.0,12,0.0,True
P2_baseline_example_1s_0.5__file_name__wfdb0,S_Amp_V4,-0.13,-0.08945566991362033,0.04054433008637967,False
P2_baseline_example_1s_0.5__file_name__wfdb0,S_Amp_V4_iqr,0.03,0.015704256794371985,0.014295743205628014,False
P2_baseline_example_1s_0.5__file_name__wfdb0,S_Amp_V4_count,12.0,12,0.0,True
P2_baseline_example_1s_0.5__file_name__wfdb0,S_Amp_V5,-0.065,-0.05475428600992379,0.010245713990076212,False
P2_baseline_example_1s_0.5__file_name__wfdb0,S_Amp_V5_iqr,0.04,0.018151204615573083,0.021848795384426918,False
P2_baseline_example_1s_0.5__file_name__wfdb0,S_Amp_V5_count,12.0,12,0.0,True
P2_baseline_example_1s_0.5__file_name__wfdb0,S_Amp_V6,-0.09,-0.05036224397097824,0.03963775602902175,False
P2_baseline_example_1s_0.5__file_name__wfdb0,S_Amp_V6_iqr,0.0625,0.035116178089265135,0.027383821910734865,False
P2_baseline_example_1s_0.5__file_name__wfdb0,S_Amp_V6_count,12.0,12,0.0,True
P2_baseline_example_1s_0.5__file_name__wfdb0,S_Amp_aVF,-0.065,0.056252234545301,0.121252234545301,False
P2_baseline_example_1s_0.5__file_name__wfdb0,S_Amp_aVF_iqr,0.0275,0.028368842993779925,0.0008688429937799245,False
P2_baseline_example_1s_0.5__file_name__wfdb0,S_Amp_aVF_count,12.0,12,0.0,True
P2_baseline_example_1s_0.5__file_name__wfdb0,S_Amp_aVL,-0.07,-0.04577572869778963,0.024224271302210373,False
P2_baseline_example_1s_0.5__file_name__wfdb0,S_Amp_aVL_iqr,0.0699999999999999,0.0267138933722198,0.0432861066277801,False
P2_baseline_example_1s_0.5__file_name__wfdb0,S_Amp_aVL_count,12.0,12,0.0,True
P2_baseline_example_1s_0.5__file_name__wfdb0,S_Amp_aVR,0.07,0.07422237782509465,0.004222377825094645,False
P2_baseline_example_1s_0.5__file_name__wfdb0,S_Amp_aVR_iqr,0.035,0.03974475903134072,0.004744759031340716,False
P2_baseline_example_1s_0.5__file_name__wfdb0,S_Amp_aVR_count,12.0,12,0.0,True
P2_baseline_example_1s_0.5__file_name__wfdb0,T_Amp_I,0.065,0.11466796369366905,0.04966796369366905,False
P2_baseline_example_1s_0.5__file_name__wfdb0,T_Amp_I_iqr,0.03,0.012330255931612827,0.017669744068387172,False
P2_baseline_example_1s_0.5__file_name__wfdb0,T_Amp_I_count,12.0,12,0.0,True
P2_baseline_example_1s_0.5__file_name__wfdb0,T_Amp_II,-0.1,-0.11052382238278372,0.01052382238278371,False
P2_baseline_example_1s_0.5__file_name__wfdb0,T_Amp_II_iqr,0.025,0.01276048803937141,0.012239511960628592,False
P2_baseline_example_1s_0.5__file_name__wfdb0,T_Amp_II_count,12.0,12,0.0,True
P2_baseline_example_1s_0.5__file_name__wfdb0,T_Amp_III,-0.15,-0.19218219993473912,0.04218219993473912,False
P2_baseline_example_1s_0.5__file_name__wfdb0,T_Amp_III_iqr,0.055,0.022877257703373788,0.03212274229662621,False
P2_baseline_example_1s_0.5__file_name__wfdb0,T_Amp_III_count,12.0,12,0.0,True
P2_baseline_example_1s_0.5__file_name__wfdb0,T_Amp_V1,0.11,0.11122793083920694,0.0012279308392069421,False
P2_baseline_example_1s_0.5__file_name__wfdb0,T_Amp_V1_iqr,0.0249999999999999,0.0182960223875631,0.006703977612436799,False
P2_baseline_example_1s_0.5__file_name__wfdb0,T_Amp_V1_count,12.0,12,0.0,True
P2_baseline_example_1s_0.5__file_name__wfdb0,T_Amp_V2,0.29,0.35465113629365874,0.06465113629365876,False
P2_baseline_example_1s_0.5__file_name__wfdb0,T_Amp_V2_iqr,0.0399999999999999,0.017638628263647038,0.02236137173635286,False
P2_baseline_example_1s_0.5__file_name__wfdb0,T_Amp_V2_count,12.0,12,0.0,True
P2_baseline_example_1s_0.5__file_name__wfdb0,T_Amp_V3,0.17,0.24258965273233168,0.07258965273233167,False
P2_baseline_example_1s_0.5__file_name__wfdb0,T_Amp_V3_iqr,0.0375,0.014265978893027054,0.023234021106972945,False
P2_baseline_example_1s_0.5__file_name__wfdb0,T_Amp_V3_count,12.0,12,0.0,True
P2_baseline_example_1s_0.5__file_name__wfdb0,T_Amp_V4,0.055,0.09078065094191771,0.035780650941917715,False
P2_baseline_example_1s_0.5__file_name__wfdb0,T_Amp_V4_iqr,0.035,0.012573782659734328,0.022426217340265675,False
P2_baseline_example_1s_0.5__file_name__wfdb0,T_Amp_V4_count,12.0,12,0.0,True
P2_baseline_example_1s_0.5__file_name__wfdb0,T_Amp_V5,-0.115,-0.09092125570572601,0.024078744294273993,False
P2_baseline_example_1s_0.5__file_name__wfdb0,T_Amp_V5_iqr,0.0475,0.018886763734149936,0.028613236265850064,False
P2_baseline_example_1s_0.5__file_name__wfdb0,T_Amp_V5_count,12.0,12,0.0,True
P2_baseline_example_1s_0.5__file_name__wfdb0,T_Amp_V6,-0.11,-0.08927046791823687,0.020729532081763133,False
P2_baseline_example_1s_0.5__file_name__wfdb0,T_Amp_V6_iqr,0.0575,0.018402207436727658,0.039097792563272345,False
P2_baseline_example_1s_0.5__file_name__wfdb0,T_Amp_V6_count,12.0,12,0.0,True
P2_baseline_example_1s_0.5__file_name__wfdb0,T_Amp_aVF,-0.1149999999999999,0.1498058267765502,0.26480582677655007,False
P2_baseline_example_1s_0.5__file_name__wfdb0,T_Amp_aVF_iqr,0.0425,0.02498597048577253,0.017514029514227474,False
P2_baseline_example_1s_0.5__file_name__wfdb0,T_Amp_aVF_count,12.0,12,0.0,True
P2_baseline_example_1s_0.5__file_name__wfdb0,T_Amp_aVL,0.1,-0.1286395797772992,0.2286395797772992,False
P2_baseline_example_1s_0.5__file_name__wfdb0,T_Amp_aVL_iqr,0.0424999999999999,0.022955664776956985,0.019544335223042913,False
P2_baseline_example_1s_0.5__file_name__wfdb0,T_Amp_aVL_count,12.0,12,0.0,True
P2_baseline_example_1s_0.5__file_name__wfdb0,T_Amp_aVR,-0.015,-0.03219803251166467,0.01719803251166467,False
P2_baseline_example_1s_0.5__file_name__wfdb0,T_Amp_aVR_iqr,0.0225,0.0044271171502596775,0.01807288284974032,False
P2_baseline_example_1s_0.5__file_name__wfdb0,T_Amp_aVR_count,12.0,12,0.0,True
P2_baseline_example_1s_0.5__file_name__matlab1,P_Amp_I,0.075,0.11810293900503663,0.04310293900503663,False
P2_baseline_example_1s_0.5__file_name__matlab1,P_Amp_I_iqr,0.0325,0.014279238404774977,0.018220761595225024,False
P2_baseline_example_1s_0.5__file_name__matlab1,P_Amp_I_count,12.0,12,0.0,True
P2_baseline_example_1s_0.5__file_name__matlab1,P_Amp_II,0.125,0.10355093198180337,0.021449068018196626,False
P2_baseline_example_1s_0.5__file_name__matlab1,P_Amp_II_iqr,0.0325,0.009213807754296754,0.023286192245703247,False
P2_baseline_example_1s_0.5__file_name__matlab1,P_Amp_II_count,12.0,12,0.0,True
P2_baseline_example_1s_0.5__file_name__matlab1,P_Amp_III,0.075,0.033244495278904704,0.04175550472109529,False
P2_baseline_example_1s_0.5__file_name__matlab1,P_Amp_III_iqr,0.0249999999999999,0.03349334838877646,0.00849334838877656,False
P2_baseline_example_1s_0.5__file_name__matlab1,P_Amp_III_count,12.0,12,0.0,True
P2_baseline_example_1s_0.5__file_name__matlab1,P_Amp_V1,-0.04,-0.042814749155208984,0.002814749155208983,False
P2_baseline_example_1s_0.5__file_name__matlab1,P_Amp_V1_iqr,0.0025,0.026196012974939772,0.023696012974939774,False
P2_baseline_example_1s_0.5__file_name__matlab1,P_Amp_V1_count,12.0,12,0.0,True
P2_baseline_example_1s_0.5__file_name__matlab1,P_Amp_V2,-0.04,0.0104745088128893,0.0504745088128893,False
P2_baseline_example_1s_0.5__file_name__matlab1,P_Amp_V2_iqr,0.01,0.013432890311641962,0.0034328903116419614,False
P2_baseline_example_1s_0.5__file_name__matlab1,P_Amp_V2_count,12.0,12,0.0,True
P2_baseline_example_1s_0.5__file_name__matlab1,P_Amp_V3,-0.04,0.04286530207009239,0.08286530207009239,False
P2_baseline_example_1s_0.5__file_name__matlab1,P_Amp_V3_iqr,0.035,0.023876044782220857,0.011123955217779147,False
P2_baseline_example_1s_0.5__file_name__matlab1,P_Amp_V3_count,12.0,12,0.0,True
P2_baseline_example_1s_0.5__file_name__matlab1,P_Amp_V4,0.025,0.056494946481348174,0.03149494648134817,False
P2_baseline_example_1s_0.5__file_name__matlab1,P_Amp_V4_iqr,0.0275,0.02671722977569292,0.0007827702243070785,False
P2_baseline_example_1s_0.5__file_name__matlab1,P_Amp_V4_count,12.0,12,0.0,True
P2_baseline_example_1s_0.5__file_name__matlab1,P_Amp_V5,0.03,0.04229109383705834,0.012291093837058342,False
P2_baseline_example_1s_0.5__file_name__matlab1,P_Amp_V5_iqr,0.0375,0.01945793054788226,0.01804206945211774,False
P2_baseline_example_1s_0.5__file_name__matlab1,P_Amp_V5_count,12.0,12,0.0,True
P2_baseline_example_1s_0.5__file_name__matlab1,P_Amp_V6,0.04,0.05863499592233178,0.018634995922331782,False
P2_baseline_example_1s_0.5__file_name__matlab1,P_Amp_V6_iqr,0.05,0.015901731240584395,0.03409826875941561,False
P2_baseline_example_1s_0.5__file_name__matlab1,P_Amp_V6_count,12.0,12,0.0,True
P2_baseline_example_1s_0.5__file_name__matlab1,P_Amp_aVF,0.09,0.030925571057443778,0.05907442894255622,False
P2_baseline_example_1s_0.5__file_name__matlab1,P_Amp_aVF_iqr,0.0325,0.03211197163698312,0.00038802836301687904,False
P2_baseline_example_1s_0.5__file_name__matlab1,P_Amp_aVF_count,12.0,12,0.0,True
P2_baseline_example_1s_0.5__file_name__matlab1,P_Amp_aVL,0.02,0.047719783740584734,0.027719783740584734,False
P2_baseline_example_1s_0.5__file_name__matlab1,P_Amp_aVL_iqr,0.045,0.016830861693360635,0.028169138306639363,False
P2_baseline_example_1s_0.5__file_name__matlab1,P_Amp_aVL_count,12.0,12,0.0,True
P2_baseline_example_1s_0.5__file_name__matlab1,P_Amp_aVR,-0.095,-0.10879958405086468,0.013799584050864677,False
P2_baseline_example_1s_0.5__file_name__matlab1,P_Amp_aVR_iqr,0.02,0.015722382804192275,0.004277617195807725,False
P2_baseline_example_1s_0.5__file_name__matlab1,P_Amp_aVR_count,12.0,12,0.0,True
P2_baseline_example_1s_0.5__file_name__matlab1,Q_Amp_I,-0.14,-0.10229282619366428,0.03770717380633573,False
P2_baseline_example_1s_0.5__file_name__matlab1,Q_Amp_I_iqr,0.0425,0.030263919319999985,0.012236080680000018,False
P2_baseline_example_1s_0.5__file_name__matlab1,Q_Amp_I_count,12.0,12,0.0,True
P2_baseline_example_1s_0.5__file_name__matlab1,Q_Amp_II,-0.14,-0.16349379894658914,0.023493798946589123,False
P2_baseline_example_1s_0.5__file_name__matlab1,Q_Amp_II_iqr,0.0325,0.015985511592929796,0.016514488407070205,False
P2_baseline_example_1s_0.5__file_name__matlab1,Q_Amp_II_count,12.0,12,0.0,True
P2_baseline_example_1s_0.5__file_name__matlab1,Q_Amp_III,0.06,0.00781746374534306,0.052182536254656936,False
P2_baseline_example_1s_0.5__file_name__matlab1,Q_Amp_III_iqr,0.035,0.026593584791695945,0.008406415208304058,False
P2_baseline_example_1s_0.5__file_name__matlab1,Q_Amp_III_count,12.0,12,0.0,True
P2_baseline_example_1s_0.5__file_name__matlab1,Q_Amp_V1,0.2,0.1857777108504603,0.014222289149539713,False
P2_baseline_example_1s_0.5__file_name__matlab1,Q_Amp_V1_iqr,0.0399999999999999,0.02786086914632363,0.012139130853676267,False
P2_baseline_example_1s_0.5__file_name__matlab1,Q_Amp_V1_count,12.0,12,0.0,True
P2_baseline_example_1s_0.5__file_name__matlab1,Q_Amp_V2,-0.0849999999999999,-0.03162747657110625,0.05337252342889365,False
P2_baseline_example_1s_0.5__file_name__matlab1,Q_Amp_V2_iqr,0.0224999999999999,0.019833613323351346,0.002666386676648553,False
P2_baseline_example_1s_0.5__file_name__matlab1,Q_Amp_V2_count,12.0,12,0.0,True
P2_baseline_example_1s_0.5__file_name__matlab1,Q_Amp_V3,-0.045,0.023898564463054585,0.06889856446305459,False
P2_baseline_example_1s_0.5__file_name__matlab1,Q_Amp_V3_iqr,0.0325,0.015063241967744834,0.017436758032255167,False
P2_baseline_example_1s_0.5__file_name__matlab1,Q_Amp_V3_count,12.0,12,0.0,True
P2_baseline_example_1s_0.5__file_name__matlab1,Q_Amp_V4,-0.1,-0.06129178600993331,0.038708213990066694,False
P2_baseline_example_1s_0.5__file_name__matlab1,Q_Amp_V4_iqr,0.0125,0.007286306595157652,0.005213693404842349,False
P2_baseline_example_1s_0.5__file_name__matlab1,Q_Amp_V4_count,12.0,12,0.0,True
P2_baseline_example_1s_0.5__file_name__matlab1,Q_Amp_V5,-0.17,-0.15136546906253007,0.018634530937469945,False
P2_baseline_example_1s_0.5__file_name__matlab1,Q_Amp_V5_iqr,0.0375,0.011784669644615942,0.025715330355384057,False
P2_baseline_example_1s_0.5__file_name__matlab1,Q_Amp_V5_count,12.0,12,0.0,True
P2_baseline_example_1s_0.5__file_name__matlab1,Q_Amp_V6,-0.155,-0.1396644425728524,0.015335557427147595,False
P2_baseline_example_1s_0.5__file_name__matlab1,Q_Amp_V6_iqr,0.0499999999999999,0.014355628937095827,0.03564437106290407,False
P2_baseline_example_1s_0.5__file_name__matlab1,Q_Amp_V6_count,12.0,12,0.0,True
P2_baseline_example_1s_0.5__file_name__matlab1,Q_Amp_aVF,-0.105,0.0766772564099459,0.1816772564099459,False
P2_baseline_example_1s_0.5__file_name__matlab1,Q_Amp_aVF_iqr,0.0375,0.04186410651383939,0.004364106513839394,False
P2_baseline_example_1s_0.5__file_name__matlab1,Q_Amp_aVF_count,12.0,12,0.0,True
P2_baseline_example_1s_0.5__file_name__matlab1,Q_Amp_aVL,-0.075,-0.06026591972354758,0.01473408027645242,False
P2_baseline_example_1s_0.5__file_name__matlab1,Q_Amp_aVL_iqr,0.0424999999999999,0.019046291222324,0.0234537087776759,False
P2_baseline_example_1s_0.5__file_name__matlab1,Q_Amp_aVL_count,12.0,12,0.0,True
P2_baseline_example_1s_0.5__file_name__matlab1,Q_Amp_aVR,0.145,0.12696110880217432,0.018038891197825674,False
P2_baseline_example_1s_0.5__file_name__matlab1,Q_Amp_aVR_iqr,0.0325,0.02397259597085799,0.00852740402914201,False
P2_baseline_example_1s_0.5__file_name__matlab1,Q_Amp_aVR_count,12.0,12,0.0,True
P2_baseline_example_1s_0.5__file_name__matlab1,R_Amp_I,1.6,1.6418817237818812,0.04188172378188115,False
P2_baseline_example_1s_0.5__file_name__matlab1,R_Amp_I_iqr,0.1224999999999998,0.11370876183764755,0.00879123816235225,False
P2_baseline_example_1s_0.5__file_name__matlab1,R_Amp_I_count,12.0,12,0.0,True
P2_baseline_example_1s_0.5__file_name__matlab1,R_Amp_II,0.975,0.9657414557166271,0.009258544283372916,False
P2_baseline_example_1s_0.5__file_name__matlab1,R_Amp_II_iqr,0.045,0.02938175968244372,0.015618240317556278,False
P2_baseline_example_1s_0.5__file_name__matlab1,R_Amp_II_count,12.0,12,0.0,True
P2_baseline_example_1s_0.5__file_name__matlab1,R_Amp_III,-0.71,-0.779523175695341,0.06952317569534106,False
P2_baseline_example_1s_0.5__file_name__matlab1,R_Amp_III_iqr,0.14,0.15568899899669364,0.015688998996693626,False
P2_baseline_example_1s_0.5__file_name__matlab1,R_Amp_III_count,12.0,12,0.0,True
P2_baseline_example_1s_0.5__file_name__matlab1,R_Amp_V1,-0.955,-0.9446918241308694,0.010308175869130576,False
P2_baseline_example_1s_0.5__file_name__matlab1,R_Amp_V1_iqr,0.1149999999999999,0.12118502960026145,0.006185029600261557,False
P2_baseline_example_1s_0.5__file_name__matlab1,R_Amp_V1_count,12.0,12,0.0,True
P2_baseline_example_1s_0.5__file_name__matlab1,R_Amp_V2,0.885,0.937928949262494,0.05292894926249403,False
P2_baseline_example_1s_0.5__file_name__matlab1,R_Amp_V2_iqr,0.075,0.054520440506030776,0.02047955949396922,False
P2_baseline_example_1s_0.5__file_name__matlab1,R_Amp_V2_count,12.0,12,0.0,True
P2_baseline_example_1s_0.5__file_name__matlab1,R_Amp_V3,1.68,1.7684758053729088,0.08847580537290889,False
P2_baseline_example_1s_0.5__file_name__matlab1,R_Amp_V3_iqr,0.0949999999999999,0.09332189418694536,0.0016781058130545395,False
P2_baseline_example_1s_0.5__file_name__matlab1,R_Amp_V3_count,12.0,12,0.0,True
P2_baseline_example_1s_0.5__file_name__matlab1,R_Amp_V4,1.835,1.8734952475967157,0.03849524759671574,False
P2_baseline_example_1s_0.5__file_name__matlab1,R_Amp_V4_iqr,0.1624999999999998,0.13005352726438502,0.032446472735614795,False
P2_baseline_example_1s_0.5__file_name__matlab1,R_Amp_V4_count,12.0,12,0.0,True
P2_baseline_example_1s_0.5__file_name__matlab1,R_Amp_V5,1.6,1.613096226991966,0.013096226991965887,False
P2_baseline_example_1s_0.5__file_name__matlab1,R_Amp_V5_iqr,0.0749999999999997,0.09272980436473799,0.017729804364738283,False
P2_baseline_example_1s_0.5__file_name__matlab1,R_Amp_V5_count,12.0,12,0.0,True
P2_baseline_example_1s_0.5__file_name__matlab1,R_Amp_V6,1.17,1.1750936781799406,0.005093678179940664,False
P2_baseline_example_1s_0.5__file_name__matlab1,R_Amp_V6_iqr,0.0524999999999999,0.0690997038231298,0.016599703823129898,False
P2_baseline_example_1s_0.5__file_name__matlab1,R_Amp_V6_count,12.0,12,0.0,True
P2_baseline_example_1s_0.5__file_name__matlab1,R_Amp_aVF,0.255,0.7974088022685027,0.5424088022685027,False
P2_baseline_example_1s_0.5__file_name__matlab1,R_Amp_aVF_iqr,0.09,0.15125886952611656,0.06125886952611656,False
P2_baseline_example_1s_0.5__file_name__matlab1,R_Amp_aVF_count,12.0,12,0.0,True
P2_baseline_example_1s_0.5__file_name__matlab1,R_Amp_aVL,1.15,0.08225134825710086,1.0677486517428991,False
P2_baseline_example_1s_0.5__file_name__matlab1,R_Amp_aVL_iqr,0.1549999999999998,0.06549348840380603,0.08950651159619377,False
P2_baseline_example_1s_0.5__file_name__matlab1,R_Amp_aVL_count,12.0,12,0.0,True
P2_baseline_example_1s_0.5__file_name__matlab1,R_Amp_aVR,-1.3,-1.3075326514735381,0.007532651473538099,False
P2_baseline_example_1s_0.5__file_name__matlab1,R_Amp_aVR_iqr,0.09,0.08101209369888562,0.008987906301114373,False
P2_baseline_example_1s_0.5__file_name__matlab1,R_Amp_aVR_count,12.0,12,0.0,True
P2_baseline_example_1s_0.5__file_name__matlab1,S_Amp_I,-0.12,-0.07654264512407026,0.043457354875929735,False
P2_baseline_example_1s_0.5__file_name__matlab1,S_Amp_I_iqr,0.0525,0.034064278431277226,0.018435721568722772,False
P2_baseline_example_1s_0.5__file_name__matlab1,S_Amp_I_count,12.0,12,0.0,True
P2_baseline_example_1s_0.5__file_name__matlab1,S_Amp_II,-0.0849999999999999,-0.09189138912765887,0.006891389127658978,False
P2_baseline_example_1s_0.5__file_name__matlab1,S_Amp_II_iqr,0.0375,0.022797125967400106,0.014702874032599893,False
P2_baseline_example_1s_0.5__file_name__matlab1,S_Amp_II_count,12.0,12,0.0,True
P2_baseline_example_1s_0.5__file_name__matlab1,S_Amp_III,-0.02,-0.03986017058222566,0.019860170582225656,False
P2_baseline_example_1s_0.5__file_name__matlab1,S_Amp_III_iqr,0.09,0.09157761177814955,0.0015776117781495513,False
P2_baseline_example_1s_0.5__file_name__matlab1,S_Amp_III_count,12.0,12,0.0,True
P2_baseline_example_1s_0.5__file_name__matlab1,S_Amp_V1,0.02,0.016360639421130658,0.0036393605788693426,False
P2_baseline_example_1s_0.5__file_name__matlab1,S_Amp_V1_iqr,0.025,0.012804967984572362,0.01219503201542764,False
P2_baseline_example_1s_0.5__file_name__matlab1,S_Amp_V1_count,12.0,12,0.0,True
P2_baseline_example_1s_0.5__file_name__matlab1,S_Amp_V2,-0.735,-0.6752333725795707,0.059766627420429264,False
P2_baseline_example_1s_0.5__file_name__matlab1,S_Amp_V2_iqr,0.05,0.05074827128088233,0.0007482712808823261,False
P2_baseline_example_1s_0.5__file_name__matlab1,S_Amp_V2_count,12.0,12,0.0,True
P2_baseline_example_1s_0.5__file_name__matlab1,S_Amp_V3,-0.325,-0.2588062313703384,0.06619376862966159,False
P2_baseline_example_1s_0.5__file_name__matlab1,S_Amp_V3_iqr,0.0575,0.04021513026026641,0.017284869739733595,False
P2_baseline_example_1s_0.5__file_name__matlab1,S_Amp_V3_count,12.0,12,0.0,True
P2_baseline_example_1s_0.5__file_name__matlab1,S_Amp_V4,-0.13,-0.09252517265909486,0.03747482734090514,False
P2_baseline_example_1s_0.5__file_name__matlab1,S_Amp_V4_iqr,0.03,0.016409563832601032,0.013590436167398967,False
P2_baseline_example_1s_0.5__file_name__matlab1,S_Amp_V4_count,12.0,12,0.0,True
P2_baseline_example_1s_0.5__file_name__matlab1,S_Amp_V5,-0.065,-0.03746170940286471,0.027538290597135293,False
P2_baseline_example_1s_0.5__file_name__matlab1,S_Amp_V5_iqr,0.04,0.01366322291737087,0.02633677708262913,False
P2_baseline_example_1s_0.5__file_name__matlab1,S_Amp_V5_count,12.0,12,0.0,True
P2_baseline_example_1s_0.5__file_name__matlab1,S_Amp_V6,-0.09,-0.052378151165113296,0.0376218488348867,False
P2_baseline_example_1s_0.5__file_name__matlab1,S_Amp_V6_iqr,0.0625,0.04039910933205138,0.022100890667948618,False
P2_baseline_example_1s_0.5__file_name__matlab1,S_Amp_V6_count,12.0,12,0.0,True
P2_baseline_example_1s_0.5__file_name__matlab1,S_Amp_aVF,-0.065,0.07239470386457526,0.13739470386457525,False
P2_baseline_example_1s_0.5__file_name__matlab1,S_Amp_aVF_iqr,0.0275,0.028960707319939452,0.001460707319939452,False
P2_baseline_example_1s_0.5__file_name__matlab1,S_Amp_aVF_count,12.0,12,0.0,True
P2_baseline_example_1s_0.5__file_name__matlab1,S_Amp_aVL,-0.07,-0.04561264443172706,0.02438735556827295,False
P2_baseline_example_1s_0.5__file_name__matlab1,S_Amp_aVL_iqr,0.0699999999999999,0.028406383112136557,0.04159361688786334,False
P2_baseline_example_1s_0.5__file_name__matlab1,S_Amp_aVL_count,12.0,12,0.0,True
P2_baseline_example_1s_0.5__file_name__matlab1,S_Amp_aVR,0.07,0.06166752665758598,0.008332473342414028,False
P2_baseline_example_1s_0.5__file_name__matlab1,S_Amp_aVR_iqr,0.035,0.04711713158449714,0.012117131584497134,False
P2_baseline_example_1s_0.5__file_name__matlab1,S_Amp_aVR_count,12.0,12,0.0,True
P2_baseline_example_1s_0.5__file_name__matlab1,T_Amp_I,0.065,0.11074137994536905,0.045741379945369046,False
P2_baseline_example_1s_0.5__file_name__matlab1,T_Amp_I_iqr,0.03,0.012188647340804812,0.017811352659195187,False
P2_baseline_example_1s_0.5__file_name__matlab1,T_Amp_I_count,12.0,12,0.0,True
P2_baseline_example_1s_0.5__file_name__matlab1,T_Amp_II,-0.1,-0.11255382238278372,0.012553822382783714,False
P2_baseline_example_1s_0.5__file_name__matlab1,T_Amp_II_iqr,0.025,0.012207154636824938,0.012792845363175064,False
P2_baseline_example_1s_0.5__file_name__matlab1,T_Amp_II_count,12.0,12,0.0,True
P2_baseline_example_1s_0.5__file_name__matlab1,T_Amp_III,-0.15,-0.19220528844683848,0.04220528844683849,False
P2_baseline_example_1s_0.5__file_name__matlab1,T_Amp_III_iqr,0.055,0.02347412067515528,0.03152587932484472,False
P2_baseline_example_1s_0.5__file_name__matlab1,T_Amp_III_count,12.0,12,0.0,True
P2_baseline_example_1s_0.5__file_name__matlab1,T_Amp_V1,0.11,0.11018995599600018,0.00018995599600017676,False
P2_baseline_example_1s_0.5__file_name__matlab1,T_Amp_V1_iqr,0.0249999999999999,0.018057101219137686,0.006942898780862215,False
P2_baseline_example_1s_0.5__file_name__matlab1,T_Amp_V1_count,12.0,12,0.0,True
P2_baseline_example_1s_0.5__file_name__matlab1,T_Amp_V2,0.29,0.3550599575440201,0.06505995754402011,False
P2_baseline_example_1s_0.5__file_name__matlab1,T_Amp_V2_iqr,0.0399999999999999,0.018773391718422683,0.021226608281577214,False
P2_baseline_example_1s_0.5__file_name__matlab1,T_Amp_V2_count,12.0,12,0.0,True
P2_baseline_example_1s_0.5__file_name__matlab1,T_Amp_V3,0.17,0.24546538531444018,0.07546538531444016,False
P2_baseline_example_1s_0.5__file_name__matlab1,T_Amp_V3_iqr,0.0375,0.012520302070867018,0.02497969792913298,False
P2_baseline_example_1s_0.5__file_name__matlab1,T_Amp_V3_count,12.0,12,0.0,True
P2_baseline_example_1s_0.5__file_name__matlab1,T_Amp_V4,0.055,0.09057970849886587,0.035579708498865874,False
P2_baseline_example_1s_0.5__file_name__matlab1,T_Amp_V4_iqr,0.035,0.015323755815202983,0.01967624418479702,False
P2_baseline_example_1s_0.5__file_name__matlab1,T_Amp_V4_count,12.0,12,0.0,True
P2_baseline_example_1s_0.5__file_name__matlab1,T_Amp_V5,-0.115,-0.09044862864498271,0.024551371355017296,False
P2_baseline_example_1s_0.5__file_name__matlab1,T_Amp_V5_iqr,0.0475,0.01844034164116358,0.02905965835883642,False
P2_baseline_example_1s_0.5__file_name__matlab1,T_Amp_V5_count,12.0,12,0.0,True
P2_baseline_example_1s_0.5__file_name__matlab1,T_Amp_V6,-0.11,-0.09137630072259789,0.01862369927740211,False
P2_baseline_example_1s_0.5__file_name__matlab1,T_Amp_V6_iqr,0.0575,0.01758194733604318,0.03991805266395682,False
P2_baseline_example_1s_0.5__file_name__matlab1,T_Amp_V6_count,12.0,12,0.0,True
P2_baseline_example_1s_0.5__file_name__matlab1,T_Amp_aVF,-0.1149999999999999,0.15092318015002737,0.26592318015002725,False
P2_baseline_example_1s_0.5__file_name__matlab1,T_Amp_aVF_iqr,0.0425,0.02128429330097581,0.021215706699024194,False
P2_baseline_example_1s_0.5__file_name__matlab1,T_Amp_aVF_count,12.0,12,0.0,True
P2_baseline_example_1s_0.5__file_name__matlab1,T_Amp_aVL,0.1,-0.13019273335624149,0.2301927333562415,False
P2_baseline_example_1s_0.5__file_name__matlab1,T_Amp_aVL_iqr,0.0424999999999999,0.021520043118610915,0.020979956881388984,False
P2_baseline_example_1s_0.5__file_name__matlab1,T_Amp_aVL_count,12.0,12,0.0,True
P2_baseline_example_1s_0.5__file_name__matlab1,T_Amp_aVR,-0.015,-0.03231571535326466,0.017315715353264663,False
P2_baseline_example_1s_0.5__file_name__matlab1,T_Amp_aVR_iqr,0.0225,0.006069807257063842,0.016430192742936157,False
P2_baseline_example_1s_0.5__file_name__matlab1,T_Amp_aVR_count,12.0,12,0.0,True
P2_baseline_morph_0.3_0.3__csv_name__wfdb0,P_Amp_I,0.075,0.1294439634250132,0.05444396342501319,False
P2_baseline_morph_0.3_0.3__csv_name__wfdb0,P_Amp_I_iqr,0.0325,0.020577739372687726,0.011922260627312276,False
P2_baseline_morph_0.3_0.3__csv_name__wfdb0,P_Amp_I_count,12.0,12,0.0,True
P2_baseline_morph_0.3_0.3__csv_name__wfdb0,P_Amp_II,0.125,0.10504912218115237,0.019950877818847634,False
P2_baseline_morph_0.3_0.3__csv_name__wfdb0,P_Amp_II_iqr,0.0325,0.011669006441182017,0.020830993558817984,False
P2_baseline_morph_0.3_0.3__csv_name__wfdb0,P_Amp_II_count,12.0,12,0.0,True
P2_baseline_morph_0.3_0.3__csv_name__wfdb0,P_Amp_III,0.075,0.03736937849519571,0.037630621504804285,False
P2_baseline_morph_0.3_0.3__csv_name__wfdb0,P_Amp_III_iqr,0.0249999999999999,0.0322667214553614,0.007266721455361499,False
P2_baseline_morph_0.3_0.3__csv_name__wfdb0,P_Amp_III_count,12.0,12,0.0,True
P2_baseline_morph_0.3_0.3__csv_name__wfdb0,P_Amp_V1,-0.04,-0.03319557063415554,0.00680442936584446,False
P2_baseline_morph_0.3_0.3__csv_name__wfdb0,P_Amp_V1_iqr,0.0025,0.014136397513281017,0.011636397513281016,False
P2_baseline_morph_0.3_0.3__csv_name__wfdb0,P_Amp_V1_count,12.0,12,0.0,True
P2_baseline_morph_0.3_0.3__csv_name__wfdb0,P_Amp_V2,-0.04,0.03421614625948588,0.07421614625948589,False
P2_baseline_morph_0.3_0.3__csv_name__wfdb0,P_Amp_V2_iqr,0.01,0.013206658948292198,0.0032066589482921976,False
P2_baseline_morph_0.3_0.3__csv_name__wfdb0,P_Amp_V2_count,12.0,12,0.0,True
P2_baseline_morph_0.3_0.3__csv_name__wfdb0,P_Amp_V3,-0.04,0.027942536981369615,0.06794253698136962,False
P2_baseline_morph_0.3_0.3__csv_name__wfdb0,P_Amp_V3_iqr,0.035,0.028544985498703344,0.006455014501296659,False
P2_baseline_morph_0.3_0.3__csv_name__wfdb0,P_Amp_V3_count,12.0,12,0.0,True
P2_baseline_morph_0.3_0.3__csv_name__wfdb0,P_Amp_V4,0.025,0.050907863914350884,0.025907863914350883,False
P2_baseline_morph_0.3_0.3__csv_name__wfdb0,P_Amp_V4_iqr,0.0275,0.011070740442003076,0.016429259557996925,False
P2_baseline_morph_0.3_0.3__csv_name__wfdb0,P_Amp_V4_count,12.0,12,0.0,True
P2_baseline_morph_0.3_0.3__csv_name__wfdb0,P_Amp_V5,0.03,0.04772064320354837,0.017720643203548374,False
P2_baseline_morph_0.3_0.3__csv_name__wfdb0,P_Amp_V5_iqr,0.0375,0.020411508234107388,0.01708849176589261,False
P2_baseline_morph_0.3_0.3__csv_name__wfdb0,P_Amp_V5_count,12.0,12,0.0,True
P2_baseline_morph_0.3_0.3__csv_name__wfdb0,P_Amp_V6,0.04,0.05114959672016518,0.011149596720165182,False
P2_baseline_morph_0.3_0.3__csv_name__wfdb0,P_Amp_V6_iqr,0.05,0.022136171454392756,0.027863828545607247,False
P2_baseline_morph_0.3_0.3__csv_name__wfdb0,P_Amp_V6_count,12.0,12,0.0,True
P2_baseline_morph_0.3_0.3__csv_name__wfdb0,P_Amp_aVF,0.09,0.059375068172296035,0.030624931827703962,False
P2_baseline_morph_0.3_0.3__csv_name__wfdb0,P_Amp_aVF_iqr,0.0325,0.015694380987468615,0.016805619012531386,False
P2_baseline_morph_0.3_0.3__csv_name__wfdb0,P_Amp_aVF_count,12.0,12,0.0,True
P2_baseline_morph_0.3_0.3__csv_name__wfdb0,P_Amp_aVL,0.02,0.0809065163768509,0.06090651637685089,False
P2_baseline_morph_0.3_0.3__csv_name__wfdb0,P_Amp_aVL_iqr,0.045,0.025440869756839957,0.01955913024316004,False
P2_baseline_morph_0.3_0.3__csv_name__wfdb0,P_Amp_aVL_count,12.0,12,0.0,True
P2_baseline_morph_0.3_0.3__csv_name__wfdb0,P_Amp_aVR,-0.095,-0.10624866252660625,0.011248662526606251,False
P2_baseline_morph_0.3_0.3__csv_name__wfdb0,P_Amp_aVR_iqr,0.02,0.013264990970034404,0.006735009029965596,False
P2_baseline_morph_0.3_0.3__csv_name__wfdb0,P_Amp_aVR_count,12.0,12,0.0,True
P2_baseline_morph_0.3_0.3__csv_name__wfdb0,Q_Amp_I,-0.14,-0.09552762713650675,0.04447237286349326,False
P2_baseline_morph_0.3_0.3__csv_name__wfdb0,Q_Amp_I_iqr,0.0425,0.02040909603958188,0.022090903960418122,False
P2_baseline_morph_0.3_0.3__csv_name__wfdb0,Q_Amp_I_count,12.0,12,0.0,True
P2_baseline_morph_0.3_0.3__csv_name__wfdb0,Q_Amp_II,-0.14,-0.1469734346492301,0.006973434649230087,False
P2_baseline_morph_0.3_0.3__csv_name__wfdb0,Q_Amp_II_iqr,0.0325,0.03803351703937441,0.005533517039374408,False
P2_baseline_morph_0.3_0.3__csv_name__wfdb0,Q_Amp_II_count,12.0,12,0.0,True
P2_baseline_morph_0.3_0.3__csv_name__wfdb0,Q_Amp_III,0.06,0.01288046214724194,0.04711953785275806,False
P2_baseline_morph_0.3_0.3__csv_name__wfdb0,Q_Amp_III_iqr,0.035,0.026463802354760077,0.008536197645239926,False
P2_baseline_morph_0.3_0.3__csv_name__wfdb0,Q_Amp_III_count,12.0,12,0.0,True
P2_baseline_morph_0.3_0.3__csv_name__wfdb0,Q_Amp_V1,0.2,0.18395819133715513,0.01604180866284488,False
P2_baseline_morph_0.3_0.3__csv_name__wfdb0,Q_Amp_V1_iqr,0.0399999999999999,0.034725265200656885,0.005274734799343012,False
P2_baseline_morph_0.3_0.3__csv_name__wfdb0,Q_Amp_V1_count,12.0,12,0.0,True
P2_baseline_morph_0.3_0.3__csv_name__wfdb0,Q_Amp_V2,-0.0849999999999999,-0.0054562334787918235,0.07954376652120806,False
P2_baseline_morph_0.3_0.3__csv_name__wfdb0,Q_Amp_V2_iqr,0.0224999999999999,0.006322558572958475,0.016177441427041424,False
P2_baseline_morph_0.3_0.3__csv_name__wfdb0,Q_Amp_V2_count,12.0,12,0.0,True
P2_baseline_morph_0.3_0.3__csv_name__wfdb0,Q_Amp_V3,-0.045,0.027432042643099126,0.07243204264309913,False
P2_baseline_morph_0.3_0.3__csv_name__wfdb0,Q_Amp_V3_iqr,0.0325,0.016858234997785045,0.015641765002214956,False
P2_baseline_morph_0.3_0.3__csv_name__wfdb0,Q_Amp_V3_count,12.0,12,0.0,True
P2_baseline_morph_0.3_0.3__csv_name__wfdb0,Q_Amp_V4,-0.1,-0.05373884626853034,0.04626115373146967,False
P2_baseline_morph_0.3_0.3__csv_name__wfdb0,Q_Amp_V4_iqr,0.0125,0.02616127403844659,0.01366127403844659,False
P2_baseline_morph_0.3_0.3__csv_name__wfdb0,Q_Amp_V4_count,12.0,12,0.0,True
P2_baseline_morph_0.3_0.3__csv_name__wfdb0,Q_Amp_V5,-0.17,-0.1443789017106084,0.025621098289391603,False
P2_baseline_morph_0.3_0.3__csv_name__wfdb0,Q_Amp_V5_iqr,0.0375,0.017542892157752177,0.019957107842247822,False
P2_baseline_morph_0.3_0.3__csv_name__wfdb0,Q_Amp_V5_count,12.0,12,0.0,True
P2_baseline_morph_0.3_0.3__csv_name__wfdb0,Q_Amp_V6,-0.155,-0.14619737397975202,0.008802626020247978,False
P2_baseline_morph_0.3_0.3__csv_name__wfdb0,Q_Amp_V6_iqr,0.0499999999999999,0.016628435366513594,0.033371564633486304,False
P2_baseline_morph_0.3_0.3__csv_name__wfdb0,Q_Amp_V6_count,12.0,12,0.0,True
P2_baseline_morph_0.3_0.3__csv_name__wfdb0,Q_Amp_aVF,-0.105,-0.12592319435431296,0.02092319435431296,False
P2_baseline_morph_0.3_0.3__csv_name__wfdb0,Q_Amp_aVF_iqr,0.0375,0.04509335574448514,0.007593355744485143,False
P2_baseline_morph_0.3_0.3__csv_name__wfdb0,Q_Amp_aVF_count,12.0,12,0.0,True
P2_baseline_morph_0.3_0.3__csv_name__wfdb0,Q_Amp_aVL,-0.075,-0.029115664930519217,0.04588433506948078,False
P2_baseline_morph_0.3_0.3__csv_name__wfdb0,Q_Amp_aVL_iqr,0.0424999999999999,0.019806084337281073,0.022693915662718826,False
P2_baseline_morph_0.3_0.3__csv_name__wfdb0,Q_Amp_aVL_count,12.0,12,0.0,True
P2_baseline_morph_0.3_0.3__csv_name__wfdb0,Q_Amp_aVR,0.145,0.12205629998652327,0.022943700013476717,False
P2_baseline_morph_0.3_0.3__csv_name__wfdb0,Q_Amp_aVR_iqr,0.0325,0.018665951308938333,0.013834048691061668,False
P2_baseline_morph_0.3_0.3__csv_name__wfdb0,Q_Amp_aVR_count,12.0,12,0.0,True
P2_baseline_morph_0.3_0.3__csv_name__wfdb0,R_Amp_I,1.6,1.7194341027305322,0.11943410273053212,False
P2_baseline_morph_0.3_0.3__csv_name__wfdb0,R_Amp_I_iqr,0.1224999999999998,0.1396500899369908,0.017150089936990992,False
P2_baseline_morph_0.3_0.3__csv_name__wfdb0,R_Amp_I_count,12.0,12,0.0,True
P2_baseline_morph_0.3_0.3__csv_name__wfdb0,R_Amp_II,0.975,1.0388791378067945,0.06387913780679455,False
P2_baseline_morph_0.3_0.3__csv_name__wfdb0,R_Amp_II_iqr,0.045,0.02690387102295433,0.01809612897704567,False
P2_baseline_morph_0.3_0.3__csv_name__wfdb0,R_Amp_II_count,12.0,12,0.0,True
P2_baseline_morph_0.3_0.3__csv_name__wfdb0,R_Amp_III,-0.71,-0.7178844269276676,0.007884426927667665,False
P2_baseline_morph_0.3_0.3__csv_name__wfdb0,R_Amp_III_iqr,0.14,0.1330902401333911,0.006909759866608911,False
P2_baseline_morph_0.3_0.3__csv_name__wfdb0,R_Amp_III_count,12.0,12,0.0,True
P2_baseline_morph_0.3_0.3__csv_name__wfdb0,R_Amp_V1,-0.955,-0.9537038972747685,0.0012961027252315072,False
P2_baseline_morph_0.3_0.3__csv_name__wfdb0,R_Amp_V1_iqr,0.1149999999999999,0.13605462121373524,0.021054621213735344,False
P2_baseline_morph_0.3_0.3__csv_name__wfdb0,R_Amp_V1_count,12.0,12,0.0,True
P2_baseline_morph_0.3_0.3__csv_name__wfdb0,R_Amp_V2,0.885,1.0210201181229175,0.13602011812291748,False
P2_baseline_morph_0.3_0.3__csv_name__wfdb0,R_Amp_V2_iqr,0.075,0.04589869606331476,0.02910130393668524,False
P2_baseline_morph_0.3_0.3__csv_name__wfdb0,R_Amp_V2_count,12.0,12,0.0,True
P2_baseline_morph_0.3_0.3__csv_name__wfdb0,R_Amp_V3,1.68,1.789061464691514,0.10906146469151401,False
P2_baseline_morph_0.3_0.3__csv_name__wfdb0,R_Amp_V3_iqr,0.0949999999999999,0.07818707268721159,0.016812927312788314,False
P2_baseline_morph_0.3_0.3__csv_name__wfdb0,R_Amp_V3_count,12.0,12,0.0,True
P2_baseline_morph_0.3_0.3__csv_name__wfdb0,R_Amp_V4,1.835,1.9535875302211774,0.1185875302211774,False
P2_baseline_morph_0.3_0.3__csv_name__wfdb0,R_Amp_V4_iqr,0.1624999999999998,0.12085455882371532,0.04164544117628449,False
P2_baseline_morph_0.3_0.3__csv_name__wfdb0,R_Amp_V4_count,12.0,12,0.0,True
P2_baseline_morph_0.3_0.3__csv_name__wfdb0,R_Amp_V5,1.6,1.663891393426566,0.06389139342656591,False
P2_baseline_morph_0.3_0.3__csv_name__wfdb0,R_Amp_V5_iqr,0.0749999999999997,0.06417957149424658,0.010820428505753127,False
P2_baseline_morph_0.3_0.3__csv_name__wfdb0,R_Amp_V5_count,12.0,12,0.0,True
P2_baseline_morph_0.3_0.3__csv_name__wfdb0,R_Amp_V6,1.17,1.2014619747589161,0.03146197475891621,False
P2_baseline_morph_0.3_0.3__csv_name__wfdb0,R_Amp_V6_iqr,0.0524999999999999,0.03254737556268528,0.019952624437314624,False
P2_baseline_morph_0.3_0.3__csv_name__wfdb0,R_Amp_V6_count,12.0,12,0.0,True
P2_baseline_morph_0.3_0.3__csv_name__wfdb0,R_Amp_aVF,0.255,0.1971217053169473,0.057878294683052695,False
P2_baseline_morph_0.3_0.3__csv_name__wfdb0,R_Amp_aVF_iqr,0.09,0.05358660066631821,0.03641339933368179,False
P2_baseline_morph_0.3_0.3__csv_name__wfdb0,R_Amp_aVF_count,12.0,12,0.0,True
P2_baseline_morph_0.3_0.3__csv_name__wfdb0,R_Amp_aVL,1.15,1.2218328486863157,0.07183284868631579,False
P2_baseline_morph_0.3_0.3__csv_name__wfdb0,R_Amp_aVL_iqr,0.1549999999999998,0.11768945767423089,0.037310542325768914,False
P2_baseline_morph_0.3_0.3__csv_name__wfdb0,R_Amp_aVL_count,12.0,12,0.0,True
P2_baseline_morph_0.3_0.3__csv_name__wfdb0,R_Amp_aVR,-1.3,-1.3355562670081338,0.035556267008133746,False
P2_baseline_morph_0.3_0.3__csv_name__wfdb0,R_Amp_aVR_iqr,0.09,0.04338972238742245,0.04661027761257755,False
P2_baseline_morph_0.3_0.3__csv_name__wfdb0,R_Amp_aVR_count,12.0,12,0.0,True
P2_baseline_morph_0.3_0.3__csv_name__wfdb0,S_Amp_I,-0.12,-0.03814461640934673,0.08185538359065327,False
P2_baseline_morph_0.3_0.3__csv_name__wfdb0,S_Amp_I_iqr,0.0525,0.032806851179438934,0.019693148820561064,False
P2_baseline_morph_0.3_0.3__csv_name__wfdb0,S_Amp_I_count,12.0,12,0.0,True
P2_baseline_morph_0.3_0.3__csv_name__wfdb0,S_Amp_II,-0.0849999999999999,-0.0531340638935056,0.0318659361064943,False
P2_baseline_morph_0.3_0.3__csv_name__wfdb0,S_Amp_II_iqr,0.0375,0.02537588910755928,0.012124110892440719,False
P2_baseline_morph_0.3_0.3__csv_name__wfdb0,S_Amp_II_count,12.0,12,0.0,True
P2_baseline_morph_0.3_0.3__csv_name__wfdb0,S_Amp_III,-0.02,-0.07407320951969174,0.05407320951969173,False
P2_baseline_morph_0.3_0.3__csv_name__wfdb0,S_Amp_III_iqr,0.09,0.13003074213482005,0.04003074213482005,False
P2_baseline_morph_0.3_0.3__csv_name__wfdb0,S_Amp_III_count,12.0,12,0.0,True
P2_baseline_morph_0.3_0.3__csv_name__wfdb0,S_Amp_V1,0.02,-0.0035579185511160796,0.02355791855111608,False
P2_baseline_morph_0.3_0.3__csv_name__wfdb0,S_Amp_V1_iqr,0.025,0.014973537499712301,0.0100264625002877,False
P2_baseline_morph_0.3_0.3__csv_name__wfdb0,S_Amp_V1_count,12.0,12,0.0,True
P2_baseline_morph_0.3_0.3__csv_name__wfdb0,S_Amp_V2,-0.735,-0.5216534708462094,0.2133465291537906,False
P2_baseline_morph_0.3_0.3__csv_name__wfdb0,S_Amp_V2_iqr,0.05,0.08284246312329213,0.03284246312329213,False
P2_baseline_morph_0.3_0.3__csv_name__wfdb0,S_Amp_V2_count,12.0,12,0.0,True
P2_baseline_morph_0.3_0.3__csv_name__wfdb0,S_Amp_V3,-0.325,-0.16813773365001128,0.15686226634998873,False
P2_baseline_morph_0.3_0.3__csv_name__wfdb0,S_Amp_V3_iqr,0.0575,0.044910350870657145,0.012589649129342857,False
P2_baseline_morph_0.3_0.3__csv_name__wfdb0,S_Amp_V3_count,12.0,12,0.0,True
P2_baseline_morph_0.3_0.3__csv_name__wfdb0,S_Amp_V4,-0.13,-0.07315769415523184,0.05684230584476817,False
P2_baseline_morph_0.3_0.3__csv_name__wfdb0,S_Amp_V4_iqr,0.03,0.024171251073833534,0.005828748926166465,False
P2_baseline_morph_0.3_0.3__csv_name__wfdb0,S_Amp_V4_count,12.0,12,0.0,True
P2_baseline_morph_0.3_0.3__csv_name__wfdb0,S_Amp_V5,-0.065,-0.020151687493874693,0.04484831250612531,False
P2_baseline_morph_0.3_0.3__csv_name__wfdb0,S_Amp_V5_iqr,0.04,0.023830846138743093,0.016169153861256908,False
P2_baseline_morph_0.3_0.3__csv_name__wfdb0,S_Amp_V5_count,12.0,12,0.0,True
P2_baseline_morph_0.3_0.3__csv_name__wfdb0,S_Amp_V6,-0.09,-0.02506260082442149,0.0649373991755785,False
P2_baseline_morph_0.3_0.3__csv_name__wfdb0,S_Amp_V6_iqr,0.0625,0.029720302576689117,0.03277969742331088,False
P2_baseline_morph_0.3_0.3__csv_name__wfdb0,S_Amp_V6_count,12.0,12,0.0,True
P2_baseline_morph_0.3_0.3__csv_name__wfdb0,S_Amp_aVF,-0.065,-0.06220925142872913,0.0027907485712708735,False
P2_baseline_morph_0.3_0.3__csv_name__wfdb0,S_Amp_aVF_iqr,0.0275,0.017408417516919482,0.010091582483080518,False
P2_baseline_morph_0.3_0.3__csv_name__wfdb0,S_Amp_aVF_count,12.0,12,0.0,True
P2_baseline_morph_0.3_0.3__csv_name__wfdb0,S_Amp_aVL,-0.07,-0.02588857705439634,0.04411142294560366,False
P2_baseline_morph_0.3_0.3__csv_name__wfdb0,S_Amp_aVL_iqr,0.0699999999999999,0.040060230942875766,0.02993976905712413,False
P2_baseline_morph_0.3_0.3__csv_name__wfdb0,S_Amp_aVL_count,12.0,12,0.0,True
P2_baseline_morph_0.3_0.3__csv_name__wfdb0,S_Amp_aVR,0.07,0.03224430917730173,0.03775569082269828,False
P2_baseline_morph_0.3_0.3__csv_name__wfdb0,S_Amp_aVR_iqr,0.035,0.03355180970536267,0.0014481902946373304,False
P2_baseline_morph_0.3_0.3__csv_name__wfdb0,S_Amp_aVR_count,12.0,12,0.0,True
P2_baseline_morph_0.3_0.3__csv_name__wfdb0,T_Amp_I,0.065,0.12415182570273561,0.05915182570273561,False
P2_baseline_morph_0.3_0.3__csv_name__wfdb0,T_Amp_I_iqr,0.03,0.018739511645948073,0.011260488354051926,False
P2_baseline_morph_0.3_0.3__csv_name__wfdb0,T_Amp_I_count,12.0,12,0.0,True
P2_baseline_morph_0.3_0.3__csv_name__wfdb0,T_Amp_II,-0.1,-0.05489003606054062,0.04510996393945939,False
P2_baseline_morph_0.3_0.3__csv_name__wfdb0,T_Amp_II_iqr,0.025,0.022310686679708563,0.002689313320291438,False
P2_baseline_morph_0.3_0.3__csv_name__wfdb0,T_Amp_II_count,12.0,12,0.0,True
P2_baseline_morph_0.3_0.3__csv_name__wfdb0,T_Amp_III,-0.15,-0.15863572794294725,0.008635727942947258,False
P2_baseline_morph_0.3_0.3__csv_name__wfdb0,T_Amp_III_iqr,0.055,0.022014864241949816,0.032985135758050184,False
P2_baseline_morph_0.3_0.3__csv_name__wfdb0,T_Amp_III_count,12.0,12,0.0,True
P2_baseline_morph_0.3_0.3__csv_name__wfdb0,T_Amp_V1,0.11,0.06144765495507834,0.04855234504492166,False
P2_baseline_morph_0.3_0.3__csv_name__wfdb0,T_Amp_V1_iqr,0.0249999999999999,0.01014080570462498,0.014859194295374922,False
P2_baseline_morph_0.3_0.3__csv_name__wfdb0,T_Amp_V1_count,12.0,12,0.0,True
P2_baseline_morph_0.3_0.3__csv_name__wfdb0,T_Amp_V2,0.29,0.2808306282110422,0.00916937178895777,False
P2_baseline_morph_0.3_0.3__csv_name__wfdb0,T_Amp_V2_iqr,0.0399999999999999,0.019787165514388805,0.020212834485611092,False
P2_baseline_morph_0.3_0.3__csv_name__wfdb0,T_Amp_V2_count,12.0,12,0.0,True
P2_baseline_morph_0.3_0.3__csv_name__wfdb0,T_Amp_V3,0.17,0.18508484885194154,0.01508484885194153,False
P2_baseline_morph_0.3_0.3__csv_name__wfdb0,T_Amp_V3_iqr,0.0375,0.022030823813016798,0.015469176186983201,False
P2_baseline_morph_0.3_0.3__csv_name__wfdb0,T_Amp_V3_count,12.0,12,0.0,True
P2_baseline_morph_0.3_0.3__csv_name__wfdb0,T_Amp_V4,0.055,0.08023182886495572,0.025231828864955723,False
P2_baseline_morph_0.3_0.3__csv_name__wfdb0,T_Amp_V4_iqr,0.035,0.029858814859588717,0.005141185140411286,False
P2_baseline_morph_0.3_0.3__csv_name__wfdb0,T_Amp_V4_count,12.0,12,0.0,True
P2_baseline_morph_0.3_0.3__csv_name__wfdb0,T_Amp_V5,-0.115,-0.03225955310876439,0.08274044689123561,False
P2_baseline_morph_0.3_0.3__csv_name__wfdb0,T_Amp_V5_iqr,0.0475,0.03802117760905737,0.00947882239094263,False
P2_baseline_morph_0.3_0.3__csv_name__wfdb0,T_Amp_V5_count,12.0,12,0.0,True
P2_baseline_morph_0.3_0.3__csv_name__wfdb0,T_Amp_V6,-0.11,-0.04393661537411902,0.06606338462588099,False
P2_baseline_morph_0.3_0.3__csv_name__wfdb0,T_Amp_V6_iqr,0.0575,0.03218714139614675,0.025312858603853253,False
P2_baseline_morph_0.3_0.3__csv_name__wfdb0,T_Amp_V6_count,12.0,12,0.0,True
P2_baseline_morph_0.3_0.3__csv_name__wfdb0,T_Amp_aVF,-0.1149999999999999,-0.1040969983443229,0.010903001655676994,False
P2_baseline_morph_0.3_0.3__csv_name__wfdb0,T_Amp_aVF_iqr,0.0425,0.008850275354047171,0.03364972464595283,False
P2_baseline_morph_0.3_0.3__csv_name__wfdb0,T_Amp_aVF_count,12.0,12,0.0,True
P2_baseline_morph_0.3_0.3__csv_name__wfdb0,T_Amp_aVL,0.1,0.1353832737043399,0.035383273704339885,False
P2_baseline_morph_0.3_0.3__csv_name__wfdb0,T_Amp_aVL_iqr,0.0424999999999999,0.014912267126827278,0.02758773287317262,False
P2_baseline_morph_0.3_0.3__csv_name__wfdb0,T_Amp_aVL_count,12.0,12,0.0,True
P2_baseline_morph_0.3_0.3__csv_name__wfdb0,T_Amp_aVR,-0.015,-0.045721175564522,0.030721175564522002,False
P2_baseline_morph_0.3_0.3__csv_name__wfdb0,T_Amp_aVR_iqr,0.0225,0.0214797717333162,0.001020228266683798,False
P2_baseline_morph_0.3_0.3__csv_name__wfdb0,T_Amp_aVR_count,12.0,12,0.0,True
P2_baseline_morph_0.3_0.3__csv_name__matlab1,P_Amp_I,0.075,0.12821327886633285,0.053213278866332855,False
P2_baseline_morph_0.3_0.3__csv_name__matlab1,P_Amp_I_iqr,0.0325,0.020382748581594404,0.012117251418405597,False
P2_baseline_morph_0.3_0.3__csv_name__matlab1,P_Amp_I_count,12.0,12,0.0,True
P2_baseline_morph_0.3_0.3__csv_name__matlab1,P_Amp_II,0.125,0.10803050140350998,0.016969498596490024,False
P2_baseline_morph_0.3_0.3__csv_name__matlab1,P_Amp_II_iqr,0.0325,0.010611236690643358,0.021888763309356643,False
P2_baseline_morph_0.3_0.3__csv_name__matlab1,P_Amp_II_count,12.0,12,0.0,True
P2_baseline_morph_0.3_0.3__csv_name__matlab1,P_Amp_III,0.075,0.035211502343718504,0.039788497656281493,False
P2_baseline_morph_0.3_0.3__csv_name__matlab1,P_Amp_III_iqr,0.0249999999999999,0.031215697638970228,0.006215697638970327,False
P2_baseline_morph_0.3_0.3__csv_name__matlab1,P_Amp_III_count,12.0,12,0.0,True
P2_baseline_morph_0.3_0.3__csv_name__matlab1,P_Amp_V1,-0.04,-0.034209412089465,0.005790587910535001,False
P2_baseline_morph_0.3_0.3__csv_name__matlab1,P_Amp_V1_iqr,0.0025,0.013915452049853928,0.011415452049853928,False
P2_baseline_morph_0.3_0.3__csv_name__matlab1,P_Amp_V1_count,12.0,12,0.0,True
P2_baseline_morph_0.3_0.3__csv_name__matlab1,P_Amp_V2,-0.04,0.036187422413793656,0.07618742241379366,False
P2_baseline_morph_0.3_0.3__csv_name__matlab1,P_Amp_V2_iqr,0.01,0.015157938676150007,0.005157938676150007,False
P2_baseline_morph_0.3_0.3__csv_name__matlab1,P_Amp_V2_count,12.0,12,0.0,True
P2_baseline_morph_0.3_0.3__csv_name__matlab1,P_Amp_V3,-0.04,0.027383120450715753,0.06738312045071576,False
P2_baseline_morph_0.3_0.3__csv_name__matlab1,P_Amp_V3_iqr,0.035,0.028602306859185547,0.006397693140814457,False
P2_baseline_morph_0.3_0.3__csv_name__matlab1,P_Amp_V3_count,12.0,12,0.0,True
P2_baseline_morph_0.3_0.3__csv_name__matlab1,P_Amp_V4,0.025,0.05168951958779097,0.02668951958779097,False
P2_baseline_morph_0.3_0.3__csv_name__matlab1,P_Amp_V4_iqr,0.0275,0.016596612296670615,0.010903387703329385,False
P2_baseline_morph_0.3_0.3__csv_name__matlab1,P_Amp_V4_count,12.0,12,0.0,True
P2_baseline_morph_0.3_0.3__csv_name__matlab1,P_Amp_V5,0.03,0.04812255437353103,0.01812255437353103,False
P2_baseline_morph_0.3_0.3__csv_name__matlab1,P_Amp_V5_iqr,0.0375,0.019722430702931247,0.01777756929706875,False
P2_baseline_morph_0.3_0.3__csv_name__matlab1,P_Amp_V5_count,12.0,12,0.0,True
P2_baseline_morph_0.3_0.3__csv_name__matlab1,P_Amp_V6,0.04,0.051059364428136064,0.011059364428136063,False
P2_baseline_morph_0.3_0.3__csv_name__matlab1,P_Amp_V6_iqr,0.05,0.025360226973014294,0.02463977302698571,False
P2_baseline_morph_0.3_0.3__csv_name__matlab1,P_Amp_V6_count,12.0,12,0.0,True
P2_baseline_morph_0.3_0.3__csv_name__matlab1,P_Amp_aVF,0.09,0.05718990375729126,0.03281009624270874,False
P2_baseline_morph_0.3_0.3__csv_name__matlab1,P_Amp_aVF_iqr,0.0325,0.012615609459325217,0.019884390540674785,False
P2_baseline_morph_0.3_0.3__csv_name__matlab1,P_Amp_aVF_count,12.0,12,0.0,True
P2_baseline_morph_0.3_0.3__csv_name__matlab1,P_Amp_aVL,0.02,0.08145339244234737,0.06145339244234736,False
P2_baseline_morph_0.3_0.3__csv_name__matlab1,P_Amp_aVL_iqr,0.045,0.027368308084824836,0.017631691915175163,False
P2_baseline_morph_0.3_0.3__csv_name__matlab1,P_Amp_aVL_count,12.0,12,0.0,True
P2_baseline_morph_0.3_0.3__csv_name__matlab1,P_Amp_aVR,-0.095,-0.10924377096386156,0.014243770963861563,False
P2_baseline_morph_0.3_0.3__csv_name__matlab1,P_Amp_aVR_iqr,0.02,0.012648238511075618,0.007351761488924382,False
P2_baseline_morph_0.3_0.3__csv_name__matlab1,P_Amp_aVR_count,12.0,12,0.0,True
P2_baseline_morph_0.3_0.3__csv_name__matlab1,Q_Amp_I,-0.14,-0.08865373844175273,0.051346261558247286,False
P2_baseline_morph_0.3_0.3__csv_name__matlab1,Q_Amp_I_iqr,0.0425,0.017227675246664215,0.02527232475333579,False
P2_baseline_morph_0.3_0.3__csv_name__matlab1,Q_Amp_I_count,12.0,12,0.0,True
P2_baseline_morph_0.3_0.3__csv_name__matlab1,Q_Amp_II,-0.14,-0.14028468825475623,0.0002846882547562213,False
P2_baseline_morph_0.3_0.3__csv_name__matlab1,Q_Amp_II_iqr,0.0325,0.03157498102081646,0.0009250189791835395,False
P2_baseline_morph_0.3_0.3__csv_name__matlab1,Q_Amp_II_count,12.0,12,0.0,True
P2_baseline_morph_0.3_0.3__csv_name__matlab1,Q_Amp_III,0.06,0.014756272734665688,0.04524372726533431,False
P2_baseline_morph_0.3_0.3__csv_name__matlab1,Q_Amp_III_iqr,0.035,0.02540766577565034,0.009592334224349665,False
P2_baseline_morph_0.3_0.3__csv_name__matlab1,Q_Amp_III_count,12.0,12,0.0,True
P2_baseline_morph_0.3_0.3__csv_name__matlab1,Q_Amp_V1,0.2,0.1855060314371534,0.014493968562846599,False
P2_baseline_morph_0.3_0.3__csv_name__matlab1,Q_Amp_V1_iqr,0.0399999999999999,0.021859861428084965,0.018140138571914932,False
P2_baseline_morph_0.3_0.3__csv_name__matlab1,Q_Amp_V1_count,12.0,12,0.0,True
P2_baseline_morph_0.3_0.3__csv_name__matlab1,Q_Amp_V2,-0.0849999999999999,-0.00535337943050045,0.07964662056949945,False
P2_baseline_morph_0.3_0.3__csv_name__matlab1,Q_Amp_V2_iqr,0.0224999999999999,0.00648159383520556,0.016018406164794337,False
P2_baseline_morph_0.3_0.3__csv_name__matlab1,Q_Amp_V2_count,12.0,12,0.0,True
P2_baseline_morph_0.3_0.3__csv_name__matlab1,Q_Amp_V3,-0.045,0.018941455953184784,0.06394145595318479,False
P2_baseline_morph_0.3_0.3__csv_name__matlab1,Q_Amp_V3_iqr,0.0325,0.01366709005270441,0.01883290994729559,False
P2_baseline_morph_0.3_0.3__csv_name__matlab1,Q_Amp_V3_count,12.0,12,0.0,True
P2_baseline_morph_0.3_0.3__csv_name__matlab1,Q_Amp_V4,-0.1,-0.055310329346235296,0.04468967065376471,False
P2_baseline_morph_0.3_0.3__csv_name__matlab1,Q_Amp_V4_iqr,0.0125,0.007212839105360337,0.0052871608946396635,False
P2_baseline_morph_0.3_0.3__csv_name__matlab1,Q_Amp_V4_count,12.0,12,0.0,True
P2_baseline_morph_0.3_0.3__csv_name__matlab1,Q_Amp_V5,-0.17,-0.14088828328741598,0.02911171671258403,False
P2_baseline_morph_0.3_0.3__csv_name__matlab1,Q_Amp_V5_iqr,0.0375,0.011952482894250938,0.02554751710574906,False
P2_baseline_morph_0.3_0.3__csv_name__matlab1,Q_Amp_V5_count,12.0,12,0.0,True
P2_baseline_morph_0.3_0.3__csv_name__matlab1,Q_Amp_V6,-0.155,-0.13764637101872423,0.017353628981275765,False
P2_baseline_morph_0.3_0.3__csv_name__matlab1,Q_Amp_V6_iqr,0.0499999999999999,0.013763773799114226,0.03623622620088567,False
P2_baseline_morph_0.3_0.3__csv_name__matlab1,Q_Amp_V6_count,12.0,12,0.0,True
P2_baseline_morph_0.3_0.3__csv_name__matlab1,Q_Amp_aVF,-0.105,-0.11788029269122513,0.012880292691225134,False
P2_baseline_morph_0.3_0.3__csv_name__matlab1,Q_Amp_aVF_iqr,0.0375,0.04288352839942125,0.0053835283994212516,False
P2_baseline_morph_0.3_0.3__csv_name__matlab1,Q_Amp_aVF_count,12.0,12,0.0,True
P2_baseline_morph_0.3_0.3__csv_name__matlab1,Q_Amp_aVL,-0.075,-0.02484461229749628,0.05015538770250372,False
P2_baseline_morph_0.3_0.3__csv_name__matlab1,Q_Amp_aVL_iqr,0.0424999999999999,0.016239824929744864,0.026260175070255035,False
P2_baseline_morph_0.3_0.3__csv_name__matlab1,Q_Amp_aVL_count,12.0,12,0.0,True
P2_baseline_morph_0.3_0.3__csv_name__matlab1,Q_Amp_aVR,0.145,0.11465812640662905,0.03034187359337094,False
P2_baseline_morph_0.3_0.3__csv_name__matlab1,Q_Amp_aVR_iqr,0.0325,0.019301800524644794,0.013198199475355207,False
P2_baseline_morph_0.3_0.3__csv_name__matlab1,Q_Amp_aVR_count,12.0,12,0.0,True
P2_baseline_morph_0.3_0.3__csv_name__matlab1,R_Amp_I,1.6,1.6540734839866384,0.05407348398663836,False
P2_baseline_morph_0.3_0.3__csv_name__matlab1,R_Amp_I_iqr,0.1224999999999998,0.1440694376500562,0.021569437650056394,False
P2_baseline_morph_0.3_0.3__csv_name__matlab1,R_Amp_I_count,12.0,12,0.0,True
P2_baseline_morph_0.3_0.3__csv_name__matlab1,R_Amp_II,0.975,0.9920807348521512,0.017080734852151225,False
P2_baseline_morph_0.3_0.3__csv_name__matlab1,R_Amp_II_iqr,0.045,0.013079666230810694,0.031920333769189305,False
P2_baseline_morph_0.3_0.3__csv_name__matlab1,R_Amp_II_count,12.0,12,0.0,True
P2_baseline_morph_0.3_0.3__csv_name__matlab1,R_Amp_III,-0.71,-0.7586052219068699,0.04860522190686989,False
P2_baseline_morph_0.3_0.3__csv_name__matlab1,R_Amp_III_iqr,0.14,0.17841445679222856,0.038414456792228546,False
P2_baseline_morph_0.3_0.3__csv_name__matlab1,R_Amp_III_count,12.0,12,0.0,True
P2_baseline_morph_0.3_0.3__csv_name__matlab1,R_Amp_V1,-0.955,-0.9495202847059314,0.005479715294068543,False
P2_baseline_morph_0.3_0.3__csv_name__matlab1,R_Amp_V1_iqr,0.1149999999999999,0.11957353889452349,0.004573538894523596,False
P2_baseline_morph_0.3_0.3__csv_name__matlab1,R_Amp_V1_count,12.0,12,0.0,True
P2_baseline_morph_0.3_0.3__csv_name__matlab1,R_Amp_V2,0.885,0.9537686394153075,0.06876863941530753,False
P2_baseline_morph_0.3_0.3__csv_name__matlab1,R_Amp_V2_iqr,0.075,0.05421863400388138,0.020781365996118614,False
P2_baseline_morph_0.3_0.3__csv_name__matlab1,R_Amp_V2_count,12.0,12,0.0,True
P2_baseline_morph_0.3_0.3__csv_name__matlab1,R_Amp_V3,1.68,1.7622081727469645,0.08220817274696457,False
P2_baseline_morph_0.3_0.3__csv_name__matlab1,R_Amp_V3_iqr,0.0949999999999999,0.06644950482886092,0.028550495171138987,False
P2_baseline_morph_0.3_0.3__csv_name__matlab1,R_Amp_V3_count,12.0,12,0.0,True
P2_baseline_morph_0.3_0.3__csv_name__matlab1,R_Amp_V4,1.835,1.8846759772080979,0.04967597720809791,False
P2_baseline_morph_0.3_0.3__csv_name__matlab1,R_Amp_V4_iqr,0.1624999999999998,0.1244200286718935,0.03807997132810631,False
P2_baseline_morph_0.3_0.3__csv_name__matlab1,R_Amp_V4_count,12.0,12,0.0,True
P2_baseline_morph_0.3_0.3__csv_name__matlab1,R_Amp_V5,1.6,1.643262811420769,0.04326281142076893,False
P2_baseline_morph_0.3_0.3__csv_name__matlab1,R_Amp_V5_iqr,0.0749999999999997,0.0755862519529884,0.0005862519529886978,False
P2_baseline_morph_0.3_0.3__csv_name__matlab1,R_Amp_V5_count,12.0,12,0.0,True
P2_baseline_morph_0.3_0.3__csv_name__matlab1,R_Amp_V6,1.17,1.1922491007602372,0.022249100760237228,False
P2_baseline_morph_0.3_0.3__csv_name__matlab1,R_Amp_V6_iqr,0.0524999999999999,0.036604545074370165,0.015895454925629736,False
P2_baseline_morph_0.3_0.3__csv_name__matlab1,R_Amp_V6_count,12.0,12,0.0,True
P2_baseline_morph_0.3_0.3__csv_name__matlab1,R_Amp_aVF,0.255,0.22321093581275134,0.03178906418724867,False
P2_baseline_morph_0.3_0.3__csv_name__matlab1,R_Amp_aVF_iqr,0.09,0.05508547218450688,0.03491452781549312,False
P2_baseline_morph_0.3_0.3__csv_name__matlab1,R_Amp_aVF_count,12.0,12,0.0,True
P2_baseline_morph_0.3_0.3__csv_name__matlab1,R_Amp_aVL,1.15,1.1997088206005535,0.049708820600553594,False
P2_baseline_morph_0.3_0.3__csv_name__matlab1,R_Amp_aVL_iqr,0.1549999999999998,0.1791278360096067,0.024127836009606884,False
P2_baseline_morph_0.3_0.3__csv_name__matlab1,R_Amp_aVL_count,12.0,12,0.0,True
P2_baseline_morph_0.3_0.3__csv_name__matlab1,R_Amp_aVR,-1.3,-1.319197288501135,0.01919728850113489,False
P2_baseline_morph_0.3_0.3__csv_name__matlab1,R_Amp_aVR_iqr,0.09,0.09582944789450387,0.005829447894503875,False
P2_baseline_morph_0.3_0.3__csv_name__matlab1,R_Amp_aVR_count,12.0,12,0.0,True
P2_baseline_morph_0.3_0.3__csv_name__matlab1,S_Amp_I,-0.12,-0.03616314008996899,0.08383685991003101,False
P2_baseline_morph_0.3_0.3__csv_name__matlab1,S_Amp_I_iqr,0.0525,0.03818366232769223,0.01431633767230777,False
P2_baseline_morph_0.3_0.3__csv_name__matlab1,S_Amp_I_count,12.0,12,0.0,True
P2_baseline_morph_0.3_0.3__csv_name__matlab1,S_Amp_II,-0.0849999999999999,-0.052229278311059044,0.03277072168894085,False
P2_baseline_morph_0.3_0.3__csv_name__matlab1,S_Amp_II_iqr,0.0375,0.026948155951004964,0.010551844048995035,False
P2_baseline_morph_0.3_0.3__csv_name__matlab1,S_Amp_II_count,12.0,12,0.0,True
P2_baseline_morph_0.3_0.3__csv_name__matlab1,S_Amp_III,-0.02,-0.03131001588495315,0.011310015884953149,False
P2_baseline_morph_0.3_0.3__csv_name__matlab1,S_Amp_III_iqr,0.09,0.08576252825882222,0.0042374717411777785,False
P2_baseline_morph_0.3_0.3__csv_name__matlab1,S_Amp_III_count,12.0,12,0.0,True
P2_baseline_morph_0.3_0.3__csv_name__matlab1,S_Amp_V1,0.02,-0.0059533333342368195,0.02595333333423682,False
P2_baseline_morph_0.3_0.3__csv_name__matlab1,S_Amp_V1_iqr,0.025,0.018392778751144347,0.006607221248855655,False
P2_baseline_morph_0.3_0.3__csv_name__matlab1,S_Amp_V1_count,12.0,12,0.0,True
P2_baseline_morph_0.3_0.3__csv_name__matlab1,S_Amp_V2,-0.735,-0.6745054443526144,0.060494555647385595,False
P2_baseline_morph_0.3_0.3__csv_name__matlab1,S_Amp_V2_iqr,0.05,0.07633236895490447,0.02633236895490447,False
P2_baseline_morph_0.3_0.3__csv_name__matlab1,S_Amp_V2_count,12.0,12,0.0,True
P2_baseline_morph_0.3_0.3__csv_name__matlab1,S_Amp_V3,-0.325,-0.25645637417400474,0.06854362582599527,False
P2_baseline_morph_0.3_0.3__csv_name__matlab1,S_Amp_V3_iqr,0.0575,0.03720905109438108,0.020290948905618923,False
P2_baseline_morph_0.3_0.3__csv_name__matlab1,S_Amp_V3_count,12.0,12,0.0,True
P2_baseline_morph_0.3_0.3__csv_name__matlab1,S_Amp_V4,-0.13,-0.08021037577273375,0.04978962422726625,False
P2_baseline_morph_0.3_0.3__csv_name__matlab1,S_Amp_V4_iqr,0.03,0.02636517574329353,0.0036348242567064704,False
P2_baseline_morph_0.3_0.3__csv_name__matlab1,S_Amp_V4_count,12.0,12,0.0,True
P2_baseline_morph_0.3_0.3__csv_name__matlab1,S_Amp_V5,-0.065,-0.007434593657651929,0.05756540634234807,False
P2_baseline_morph_0.3_0.3__csv_name__matlab1,S_Amp_V5_iqr,0.04,0.017526853495314132,0.02247314650468587,False
P2_baseline_morph_0.3_0.3__csv_name__matlab1,S_Amp_V5_count,12.0,12,0.0,True
P2_baseline_morph_0.3_0.3__csv_name__matlab1,S_Amp_V6,-0.09,-0.025827373577031028,0.06417262642296898,False
P2_baseline_morph_0.3_0.3__csv_name__matlab1,S_Amp_V6_iqr,0.0625,0.03633508370905475,0.02616491629094525,False
P2_baseline_morph_0.3_0.3__csv_name__matlab1,S_Amp_V6_count,12.0,12,0.0,True
P2_baseline_morph_0.3_0.3__csv_name__matlab1,S_Amp_aVF,-0.065,-0.06686171623238538,0.0018617162323853742,False
P2_baseline_morph_0.3_0.3__csv_name__matlab1,S_Amp_aVF_iqr,0.0275,0.023504806232337513,0.003995193767662487,False
P2_baseline_morph_0.3_0.3__csv_name__matlab1,S_Amp_aVF_count,12.0,12,0.0,True
P2_baseline_morph_0.3_0.3__csv_name__matlab1,S_Amp_aVL,-0.07,-0.02579393382542209,0.04420606617457792,False
P2_baseline_morph_0.3_0.3__csv_name__matlab1,S_Amp_aVL_iqr,0.0699999999999999,0.043614030223460165,0.02638596977653973,False
P2_baseline_morph_0.3_0.3__csv_name__matlab1,S_Amp_aVL_count,12.0,12,0.0,True
P2_baseline_morph_0.3_0.3__csv_name__matlab1,S_Amp_aVR,0.07,0.02687691522679639,0.04312308477320362,False
P2_baseline_morph_0.3_0.3__csv_name__matlab1,S_Amp_aVR_iqr,0.035,0.03362368105018911,0.001376318949810891,False
P2_baseline_morph_0.3_0.3__csv_name__matlab1,S_Amp_aVR_count,12.0,12,0.0,True
P2_baseline_morph_0.3_0.3__csv_name__matlab1,T_Amp_I,0.065,0.12359143057298715,0.058591430572987144,False
P2_baseline_morph_0.3_0.3__csv_name__matlab1,T_Amp_I_iqr,0.03,0.024254521282158104,0.005745478717841895,False
P2_baseline_morph_0.3_0.3__csv_name__matlab1,T_Amp_I_count,12.0,12,0.0,True
P2_baseline_morph_0.3_0.3__csv_name__matlab1,T_Amp_II,-0.1,-0.053388239183379683,0.04661176081662032,False
P2_baseline_morph_0.3_0.3__csv_name__matlab1,T_Amp_II_iqr,0.025,0.024150059715447515,0.0008499402845524862,False
P2_baseline_morph_0.3_0.3__csv_name__matlab1,T_Amp_II_count,12.0,12,0.0,True
P2_baseline_morph_0.3_0.3__csv_name__matlab1,T_Amp_III,-0.15,-0.15984929354296423,0.009849293542964238,False
P2_baseline_morph_0.3_0.3__csv_name__matlab1,T_Amp_III_iqr,0.055,0.02331805117397351,0.03168194882602649,False
P2_baseline_morph_0.3_0.3__csv_name__matlab1,T_Amp_III_count,12.0,12,0.0,True
P2_baseline_morph_0.3_0.3__csv_name__matlab1,T_Amp_V1,0.11,0.061686404829647316,0.048313595170352684,False
P2_baseline_morph_0.3_0.3__csv_name__matlab1,T_Amp_V1_iqr,0.0249999999999999,0.012269128210049496,0.012730871789950405,False
P2_baseline_morph_0.3_0.3__csv_name__matlab1,T_Amp_V1_count,12.0,12,0.0,True
P2_baseline_morph_0.3_0.3__csv_name__matlab1,T_Amp_V2,0.29,0.282771449515637,0.007228550484362994,False
P2_baseline_morph_0.3_0.3__csv_name__matlab1,T_Amp_V2_iqr,0.0399999999999999,0.020154953131903963,0.019845046868095934,False
P2_baseline_morph_0.3_0.3__csv_name__matlab1,T_Amp_V2_count,12.0,12,0.0,True
P2_baseline_morph_0.3_0.3__csv_name__matlab1,T_Amp_V3,0.17,0.18545382035532093,0.015453820355320919,False
P2_baseline_morph_0.3_0.3__csv_name__matlab1,T_Amp_V3_iqr,0.0375,0.022304311261121673,0.015195688738878325,False
P2_baseline_morph_0.3_0.3__csv_name__matlab1,T_Amp_V3_count,12.0,12,0.0,True
P2_baseline_morph_0.3_0.3__csv_name__matlab1,T_Amp_V4,0.055,0.08137827022275332,0.026378270222753318,False
P2_baseline_morph_0.3_0.3__csv_name__matlab1,T_Amp_V4_iqr,0.035,0.03382649211606794,0.0011735078839320637,False
P2_baseline_morph_0.3_0.3__csv_name__matlab1,T_Amp_V4_count,12.0,12,0.0,True
P2_baseline_morph_0.3_0.3__csv_name__matlab1,T_Amp_V5,-0.115,-0.0329837636315736,0.0820162363684264,False
P2_baseline_morph_0.3_0.3__csv_name__matlab1,T_Amp_V5_iqr,0.0475,0.038548433907295496,0.008951566092704505,False
P2_baseline_morph_0.3_0.3__csv_name__matlab1,T_Amp_V5_count,12.0,12,0.0,True
P2_baseline_morph_0.3_0.3__csv_name__matlab1,T_Amp_V6,-0.11,-0.04495503582813701,0.06504496417186299,False
P2_baseline_morph_0.3_0.3__csv_name__matlab1,T_Amp_V6_iqr,0.0575,0.0308329584000091,0.026667041599990903,False
P2_baseline_morph_0.3_0.3__csv_name__matlab1,T_Amp_V6_count,12.0,12,0.0,True
P2_baseline_morph_0.3_0.3__csv_name__matlab1,T_Amp_aVF,-0.1149999999999999,-0.1037533085449752,0.011246691455024688,False
P2_baseline_morph_0.3_0.3__csv_name__matlab1,T_Amp_aVF_iqr,0.0425,0.009620568340478697,0.032879431659521306,False
P2_baseline_morph_0.3_0.3__csv_name__matlab1,T_Amp_aVF_count,12.0,12,0.0,True
P2_baseline_morph_0.3_0.3__csv_name__matlab1,T_Amp_aVL,0.1,0.1354132092095225,0.035413209209522484,False
P2_baseline_morph_0.3_0.3__csv_name__matlab1,T_Amp_aVL_iqr,0.0424999999999999,0.01770253267908381,0.02479746732091609,False
P2_baseline_morph_0.3_0.3__csv_name__matlab1,T_Amp_aVL_count,12.0,12,0.0,True
P2_baseline_morph_0.3_0.3__csv_name__matlab1,T_Amp_aVR,-0.015,-0.04482574144399274,0.02982574144399274,False
P2_baseline_morph_0.3_0.3__csv_name__matlab1,T_Amp_aVR_iqr,0.0225,0.020237449817275835,0.0022625501827241642,False
P2_baseline_morph_0.3_0.3__csv_name__matlab1,T_Amp_aVR_count,12.0,12,0.0,True
P2_baseline_morph_0.3_0.3__file_name__wfdb0,P_Amp_I,0.075,0.1294439634250132,0.05444396342501319,False
P2_baseline_morph_0.3_0.3__file_name__wfdb0,P_Amp_I_iqr,0.0325,0.020577739372687726,0.011922260627312276,False
P2_baseline_morph_0.3_0.3__file_name__wfdb0,P_Amp_I_count,12.0,12,0.0,True
P2_baseline_morph_0.3_0.3__file_name__wfdb0,P_Amp_II,0.125,0.10504912218115237,0.019950877818847634,False
P2_baseline_morph_0.3_0.3__file_name__wfdb0,P_Amp_II_iqr,0.0325,0.011669006441182017,0.020830993558817984,False
P2_baseline_morph_0.3_0.3__file_name__wfdb0,P_Amp_II_count,12.0,12,0.0,True
P2_baseline_morph_0.3_0.3__file_name__wfdb0,P_Amp_III,0.075,0.03736937849519571,0.037630621504804285,False
P2_baseline_morph_0.3_0.3__file_name__wfdb0,P_Amp_III_iqr,0.0249999999999999,0.0322667214553614,0.007266721455361499,False
P2_baseline_morph_0.3_0.3__file_name__wfdb0,P_Amp_III_count,12.0,12,0.0,True
P2_baseline_morph_0.3_0.3__file_name__wfdb0,P_Amp_V1,-0.04,-0.03319557063415554,0.00680442936584446,False
P2_baseline_morph_0.3_0.3__file_name__wfdb0,P_Amp_V1_iqr,0.0025,0.014136397513281017,0.011636397513281016,False
P2_baseline_morph_0.3_0.3__file_name__wfdb0,P_Amp_V1_count,12.0,12,0.0,True
P2_baseline_morph_0.3_0.3__file_name__wfdb0,P_Amp_V2,-0.04,0.03421614625948588,0.07421614625948589,False
P2_baseline_morph_0.3_0.3__file_name__wfdb0,P_Amp_V2_iqr,0.01,0.013206658948292198,0.0032066589482921976,False
P2_baseline_morph_0.3_0.3__file_name__wfdb0,P_Amp_V2_count,12.0,12,0.0,True
P2_baseline_morph_0.3_0.3__file_name__wfdb0,P_Amp_V3,-0.04,0.027942536981369615,0.06794253698136962,False
P2_baseline_morph_0.3_0.3__file_name__wfdb0,P_Amp_V3_iqr,0.035,0.028544985498703344,0.006455014501296659,False
P2_baseline_morph_0.3_0.3__file_name__wfdb0,P_Amp_V3_count,12.0,12,0.0,True
P2_baseline_morph_0.3_0.3__file_name__wfdb0,P_Amp_V4,0.025,0.050907863914350884,0.025907863914350883,False
P2_baseline_morph_0.3_0.3__file_name__wfdb0,P_Amp_V4_iqr,0.0275,0.011070740442003076,0.016429259557996925,False
P2_baseline_morph_0.3_0.3__file_name__wfdb0,P_Amp_V4_count,12.0,12,0.0,True
P2_baseline_morph_0.3_0.3__file_name__wfdb0,P_Amp_V5,0.03,0.04772064320354837,0.017720643203548374,False
P2_baseline_morph_0.3_0.3__file_name__wfdb0,P_Amp_V5_iqr,0.0375,0.020411508234107388,0.01708849176589261,False
P2_baseline_morph_0.3_0.3__file_name__wfdb0,P_Amp_V5_count,12.0,12,0.0,True
P2_baseline_morph_0.3_0.3__file_name__wfdb0,P_Amp_V6,0.04,0.05114959672016518,0.011149596720165182,False
P2_baseline_morph_0.3_0.3__file_name__wfdb0,P_Amp_V6_iqr,0.05,0.022136171454392756,0.027863828545607247,False
P2_baseline_morph_0.3_0.3__file_name__wfdb0,P_Amp_V6_count,12.0,12,0.0,True
P2_baseline_morph_0.3_0.3__file_name__wfdb0,P_Amp_aVF,0.09,0.03709440560422651,0.052905594395773484,False
P2_baseline_morph_0.3_0.3__file_name__wfdb0,P_Amp_aVF_iqr,0.0325,0.030424916504388617,0.0020750834956113837,False
P2_baseline_morph_0.3_0.3__file_name__wfdb0,P_Amp_aVF_count,12.0,12,0.0,True
P2_baseline_morph_0.3_0.3__file_name__wfdb0,P_Amp_aVL,0.02,0.03746948546818382,0.01746948546818382,False
P2_baseline_morph_0.3_0.3__file_name__wfdb0,P_Amp_aVL_iqr,0.045,0.019148570202922786,0.025851429797077212,False
P2_baseline_morph_0.3_0.3__file_name__wfdb0,P_Amp_aVL_count,12.0,12,0.0,True
P2_baseline_morph_0.3_0.3__file_name__wfdb0,P_Amp_aVR,-0.095,-0.10624866252660625,0.011248662526606251,False
P2_baseline_morph_0.3_0.3__file_name__wfdb0,P_Amp_aVR_iqr,0.02,0.013264990970034404,0.006735009029965596,False
P2_baseline_morph_0.3_0.3__file_name__wfdb0,P_Amp_aVR_count,12.0,12,0.0,True
P2_baseline_morph_0.3_0.3__file_name__wfdb0,Q_Amp_I,-0.14,-0.09552762713650675,0.04447237286349326,False
P2_baseline_morph_0.3_0.3__file_name__wfdb0,Q_Amp_I_iqr,0.0425,0.02040909603958188,0.022090903960418122,False
P2_baseline_morph_0.3_0.3__file_name__wfdb0,Q_Amp_I_count,12.0,12,0.0,True
P2_baseline_morph_0.3_0.3__file_name__wfdb0,Q_Amp_II,-0.14,-0.1469734346492301,0.006973434649230087,False
P2_baseline_morph_0.3_0.3__file_name__wfdb0,Q_Amp_II_iqr,0.0325,0.03803351703937441,0.005533517039374408,False
P2_baseline_morph_0.3_0.3__file_name__wfdb0,Q_Amp_II_count,12.0,12,0.0,True
P2_baseline_morph_0.3_0.3__file_name__wfdb0,Q_Amp_III,0.06,0.01288046214724194,0.04711953785275806,False
P2_baseline_morph_0.3_0.3__file_name__wfdb0,Q_Amp_III_iqr,0.035,0.026463802354760077,0.008536197645239926,False
P2_baseline_morph_0.3_0.3__file_name__wfdb0,Q_Amp_III_count,12.0,12,0.0,True
P2_baseline_morph_0.3_0.3__file_name__wfdb0,Q_Amp_V1,0.2,0.18395819133715513,0.01604180866284488,False
P2_baseline_morph_0.3_0.3__file_name__wfdb0,Q_Amp_V1_iqr,0.0399999999999999,0.034725265200656885,0.005274734799343012,False
P2_baseline_morph_0.3_0.3__file_name__wfdb0,Q_Amp_V1_count,12.0,12,0.0,True
P2_baseline_morph_0.3_0.3__file_name__wfdb0,Q_Amp_V2,-0.0849999999999999,-0.0054562334787918235,0.07954376652120806,False
P2_baseline_morph_0.3_0.3__file_name__wfdb0,Q_Amp_V2_iqr,0.0224999999999999,0.006322558572958475,0.016177441427041424,False
P2_baseline_morph_0.3_0.3__file_name__wfdb0,Q_Amp_V2_count,12.0,12,0.0,True
P2_baseline_morph_0.3_0.3__file_name__wfdb0,Q_Amp_V3,-0.045,0.027432042643099126,0.07243204264309913,False
P2_baseline_morph_0.3_0.3__file_name__wfdb0,Q_Amp_V3_iqr,0.0325,0.016858234997785045,0.015641765002214956,False
P2_baseline_morph_0.3_0.3__file_name__wfdb0,Q_Amp_V3_count,12.0,12,0.0,True
P2_baseline_morph_0.3_0.3__file_name__wfdb0,Q_Amp_V4,-0.1,-0.05373884626853034,0.04626115373146967,False
P2_baseline_morph_0.3_0.3__file_name__wfdb0,Q_Amp_V4_iqr,0.0125,0.02616127403844659,0.01366127403844659,False
P2_baseline_morph_0.3_0.3__file_name__wfdb0,Q_Amp_V4_count,12.0,12,0.0,True
P2_baseline_morph_0.3_0.3__file_name__wfdb0,Q_Amp_V5,-0.17,-0.1443789017106084,0.025621098289391603,False
P2_baseline_morph_0.3_0.3__file_name__wfdb0,Q_Amp_V5_iqr,0.0375,0.017542892157752177,0.019957107842247822,False
P2_baseline_morph_0.3_0.3__file_name__wfdb0,Q_Amp_V5_count,12.0,12,0.0,True
P2_baseline_morph_0.3_0.3__file_name__wfdb0,Q_Amp_V6,-0.155,-0.14619737397975202,0.008802626020247978,False
P2_baseline_morph_0.3_0.3__file_name__wfdb0,Q_Amp_V6_iqr,0.0499999999999999,0.016628435366513594,0.033371564633486304,False
P2_baseline_morph_0.3_0.3__file_name__wfdb0,Q_Amp_V6_count,12.0,12,0.0,True
P2_baseline_morph_0.3_0.3__file_name__wfdb0,Q_Amp_aVF,-0.105,0.1493436826978497,0.2543436826978497,False
P2_baseline_morph_0.3_0.3__file_name__wfdb0,Q_Amp_aVF_iqr,0.0375,0.058549428395311506,0.021049428395311508,False
P2_baseline_morph_0.3_0.3__file_name__wfdb0,Q_Amp_aVF_count,12.0,12,0.0,True
P2_baseline_morph_0.3_0.3__file_name__wfdb0,Q_Amp_aVL,-0.075,-0.07501545036386525,1.5450363865257555e-05,False
P2_baseline_morph_0.3_0.3__file_name__wfdb0,Q_Amp_aVL_iqr,0.0424999999999999,0.04721835046419718,0.004718350464197281,False
P2_baseline_morph_0.3_0.3__file_name__wfdb0,Q_Amp_aVL_count,12.0,12,0.0,True
P2_baseline_morph_0.3_0.3__file_name__wfdb0,Q_Amp_aVR,0.145,0.12205629998652327,0.022943700013476717,False
P2_baseline_morph_0.3_0.3__file_name__wfdb0,Q_Amp_aVR_iqr,0.0325,0.018665951308938333,0.013834048691061668,False
P2_baseline_morph_0.3_0.3__file_name__wfdb0,Q_Amp_aVR_count,12.0,12,0.0,True
P2_baseline_morph_0.3_0.3__file_name__wfdb0,R_Amp_I,1.6,1.7194341027305322,0.11943410273053212,False
P2_baseline_morph_0.3_0.3__file_name__wfdb0,R_Amp_I_iqr,0.1224999999999998,0.1396500899369908,0.017150089936990992,False
P2_baseline_morph_0.3_0.3__file_name__wfdb0,R_Amp_I_count,12.0,12,0.0,True
P2_baseline_morph_0.3_0.3__file_name__wfdb0,R_Amp_II,0.975,1.0388791378067945,0.06387913780679455,False
P2_baseline_morph_0.3_0.3__file_name__wfdb0,R_Amp_II_iqr,0.045,0.02690387102295433,0.01809612897704567,False
P2_baseline_morph_0.3_0.3__file_name__wfdb0,R_Amp_II_count,12.0,12,0.0,True
P2_baseline_morph_0.3_0.3__file_name__wfdb0,R_Amp_III,-0.71,-0.7178844269276676,0.007884426927667665,False
P2_baseline_morph_0.3_0.3__file_name__wfdb0,R_Amp_III_iqr,0.14,0.1330902401333911,0.006909759866608911,False
P2_baseline_morph_0.3_0.3__file_name__wfdb0,R_Amp_III_count,12.0,12,0.0,True
P2_baseline_morph_0.3_0.3__file_name__wfdb0,R_Amp_V1,-0.955,-0.9537038972747685,0.0012961027252315072,False
P2_baseline_morph_0.3_0.3__file_name__wfdb0,R_Amp_V1_iqr,0.1149999999999999,0.13605462121373524,0.021054621213735344,False
P2_baseline_morph_0.3_0.3__file_name__wfdb0,R_Amp_V1_count,12.0,12,0.0,True
P2_baseline_morph_0.3_0.3__file_name__wfdb0,R_Amp_V2,0.885,1.0210201181229175,0.13602011812291748,False
P2_baseline_morph_0.3_0.3__file_name__wfdb0,R_Amp_V2_iqr,0.075,0.04589869606331476,0.02910130393668524,False
P2_baseline_morph_0.3_0.3__file_name__wfdb0,R_Amp_V2_count,12.0,12,0.0,True
P2_baseline_morph_0.3_0.3__file_name__wfdb0,R_Amp_V3,1.68,1.789061464691514,0.10906146469151401,False
P2_baseline_morph_0.3_0.3__file_name__wfdb0,R_Amp_V3_iqr,0.0949999999999999,0.07818707268721159,0.016812927312788314,False
P2_baseline_morph_0.3_0.3__file_name__wfdb0,R_Amp_V3_count,12.0,12,0.0,True
P2_baseline_morph_0.3_0.3__file_name__wfdb0,R_Amp_V4,1.835,1.9535875302211774,0.1185875302211774,False
P2_baseline_morph_0.3_0.3__file_name__wfdb0,R_Amp_V4_iqr,0.1624999999999998,0.12085455882371532,0.04164544117628449,False
P2_baseline_morph_0.3_0.3__file_name__wfdb0,R_Amp_V4_count,12.0,12,0.0,True
P2_baseline_morph_0.3_0.3__file_name__wfdb0,R_Amp_V5,1.6,1.663891393426566,0.06389139342656591,False
P2_baseline_morph_0.3_0.3__file_name__wfdb0,R_Amp_V5_iqr,0.0749999999999997,0.06417957149424658,0.010820428505753127,False
P2_baseline_morph_0.3_0.3__file_name__wfdb0,R_Amp_V5_count,12.0,12,0.0,True
P2_baseline_morph_0.3_0.3__file_name__wfdb0,R_Amp_V6,1.17,1.2014619747589161,0.03146197475891621,False
P2_baseline_morph_0.3_0.3__file_name__wfdb0,R_Amp_V6_iqr,0.0524999999999999,0.03254737556268528,0.019952624437314624,False
P2_baseline_morph_0.3_0.3__file_name__wfdb0,R_Amp_V6_count,12.0,12,0.0,True
P2_baseline_morph_0.3_0.3__file_name__wfdb0,R_Amp_aVF,0.255,0.6354250117900639,0.38042501179006394,False
P2_baseline_morph_0.3_0.3__file_name__wfdb0,R_Amp_aVF_iqr,0.09,0.145976844832705,0.055976844832705014,False
P2_baseline_morph_0.3_0.3__file_name__wfdb0,R_Amp_aVF_count,12.0,12,0.0,True
P2_baseline_morph_0.3_0.3__file_name__wfdb0,R_Amp_aVL,1.15,0.13557960994027424,1.0144203900597257,False
P2_baseline_morph_0.3_0.3__file_name__wfdb0,R_Amp_aVL_iqr,0.1549999999999998,0.05468767948540096,0.10031232051459885,False
P2_baseline_morph_0.3_0.3__file_name__wfdb0,R_Amp_aVL_count,12.0,12,0.0,True
P2_baseline_morph_0.3_0.3__file_name__wfdb0,R_Amp_aVR,-1.3,-1.3355562670081338,0.035556267008133746,False
P2_baseline_morph_0.3_0.3__file_name__wfdb0,R_Amp_aVR_iqr,0.09,0.04338972238742245,0.04661027761257755,False
P2_baseline_morph_0.3_0.3__file_name__wfdb0,R_Amp_aVR_count,12.0,12,0.0,True
P2_baseline_morph_0.3_0.3__file_name__wfdb0,S_Amp_I,-0.12,-0.03814461640934673,0.08185538359065327,False
P2_baseline_morph_0.3_0.3__file_name__wfdb0,S_Amp_I_iqr,0.0525,0.032806851179438934,0.019693148820561064,False
P2_baseline_morph_0.3_0.3__file_name__wfdb0,S_Amp_I_count,12.0,12,0.0,True
P2_baseline_morph_0.3_0.3__file_name__wfdb0,S_Amp_II,-0.0849999999999999,-0.0531340638935056,0.0318659361064943,False
P2_baseline_morph_0.3_0.3__file_name__wfdb0,S_Amp_II_iqr,0.0375,0.02537588910755928,0.012124110892440719,False
P2_baseline_morph_0.3_0.3__file_name__wfdb0,S_Amp_II_count,12.0,12,0.0,True
P2_baseline_morph_0.3_0.3__file_name__wfdb0,S_Amp_III,-0.02,-0.07407320951969174,0.05407320951969173,False
P2_baseline_morph_0.3_0.3__file_name__wfdb0,S_Amp_III_iqr,0.09,0.13003074213482005,0.04003074213482005,False
P2_baseline_morph_0.3_0.3__file_name__wfdb0,S_Amp_III_count,12.0,12,0.0,True
P2_baseline_morph_0.3_0.3__file_name__wfdb0,S_Amp_V1,0.02,-0.0035579185511160796,0.02355791855111608,False
P2_baseline_morph_0.3_0.3__file_name__wfdb0,S_Amp_V1_iqr,0.025,0.014973537499712301,0.0100264625002877,False
P2_baseline_morph_0.3_0.3__file_name__wfdb0,S_Amp_V1_count,12.0,12,0.0,True
P2_baseline_morph_0.3_0.3__file_name__wfdb0,S_Amp_V2,-0.735,-0.5216534708462094,0.2133465291537906,False
P2_baseline_morph_0.3_0.3__file_name__wfdb0,S_Amp_V2_iqr,0.05,0.08284246312329213,0.03284246312329213,False
P2_baseline_morph_0.3_0.3__file_name__wfdb0,S_Amp_V2_count,12.0,12,0.0,True
P2_baseline_morph_0.3_0.3__file_name__wfdb0,S_Amp_V3,-0.325,-0.16813773365001128,0.15686226634998873,False
P2_baseline_morph_0.3_0.3__file_name__wfdb0,S_Amp_V3_iqr,0.0575,0.044910350870657145,0.012589649129342857,False
P2_baseline_morph_0.3_0.3__file_name__wfdb0,S_Amp_V3_count,12.0,12,0.0,True
P2_baseline_morph_0.3_0.3__file_name__wfdb0,S_Amp_V4,-0.13,-0.07315769415523184,0.05684230584476817,False
P2_baseline_morph_0.3_0.3__file_name__wfdb0,S_Amp_V4_iqr,0.03,0.024171251073833534,0.005828748926166465,False
P2_baseline_morph_0.3_0.3__file_name__wfdb0,S_Amp_V4_count,12.0,12,0.0,True
P2_baseline_morph_0.3_0.3__file_name__wfdb0,S_Amp_V5,-0.065,-0.020151687493874693,0.04484831250612531,False
P2_baseline_morph_0.3_0.3__file_name__wfdb0,S_Amp_V5_iqr,0.04,0.023830846138743093,0.016169153861256908,False
P2_baseline_morph_0.3_0.3__file_name__wfdb0,S_Amp_V5_count,12.0,12,0.0,True
P2_baseline_morph_0.3_0.3__file_name__wfdb0,S_Amp_V6,-0.09,-0.02506260082442149,0.0649373991755785,False
P2_baseline_morph_0.3_0.3__file_name__wfdb0,S_Amp_V6_iqr,0.0625,0.029720302576689117,0.03277969742331088,False
P2_baseline_morph_0.3_0.3__file_name__wfdb0,S_Amp_V6_count,12.0,12,0.0,True
P2_baseline_morph_0.3_0.3__file_name__wfdb0,S_Amp_aVF,-0.065,0.05507722326463346,0.12007722326463346,False
P2_baseline_morph_0.3_0.3__file_name__wfdb0,S_Amp_aVF_iqr,0.0275,0.04151421452620141,0.01401421452620141,False
P2_baseline_morph_0.3_0.3__file_name__wfdb0,S_Amp_aVF_count,12.0,12,0.0,True
P2_baseline_morph_0.3_0.3__file_name__wfdb0,S_Amp_aVL,-0.07,-0.01262989916683267,0.057370100833167334,False
P2_baseline_morph_0.3_0.3__file_name__wfdb0,S_Amp_aVL_iqr,0.0699999999999999,0.0402341851834244,0.029765814816575496,False
P2_baseline_morph_0.3_0.3__file_name__wfdb0,S_Amp_aVL_count,12.0,12,0.0,True
P2_baseline_morph_0.3_0.3__file_name__wfdb0,S_Amp_aVR,0.07,0.03224430917730173,0.03775569082269828,False
P2_baseline_morph_0.3_0.3__file_name__wfdb0,S_Amp_aVR_iqr,0.035,0.03355180970536267,0.0014481902946373304,False
P2_baseline_morph_0.3_0.3__file_name__wfdb0,S_Amp_aVR_count,12.0,12,0.0,True
P2_baseline_morph_0.3_0.3__file_name__wfdb0,T_Amp_I,0.065,0.12415182570273561,0.05915182570273561,False
P2_baseline_morph_0.3_0.3__file_name__wfdb0,T_Amp_I_iqr,0.03,0.018739511645948073,0.011260488354051926,False
P2_baseline_morph_0.3_0.3__file_name__wfdb0,T_Amp_I_count,12.0,12,0.0,True
P2_baseline_morph_0.3_0.3__file_name__wfdb0,T_Amp_II,-0.1,-0.05489003606054062,0.04510996393945939,False
P2_baseline_morph_0.3_0.3__file_name__wfdb0,T_Amp_II_iqr,0.025,0.022310686679708563,0.002689313320291438,False
P2_baseline_morph_0.3_0.3__file_name__wfdb0,T_Amp_II_count,12.0,12,0.0,True
P2_baseline_morph_0.3_0.3__file_name__wfdb0,T_Amp_III,-0.15,-0.15863572794294725,0.008635727942947258,False
P2_baseline_morph_0.3_0.3__file_name__wfdb0,T_Amp_III_iqr,0.055,0.022014864241949816,0.032985135758050184,False
P2_baseline_morph_0.3_0.3__file_name__wfdb0,T_Amp_III_count,12.0,12,0.0,True
P2_baseline_morph_0.3_0.3__file_name__wfdb0,T_Amp_V1,0.11,0.06144765495507834,0.04855234504492166,False
P2_baseline_morph_0.3_0.3__file_name__wfdb0,T_Amp_V1_iqr,0.0249999999999999,0.01014080570462498,0.014859194295374922,False
P2_baseline_morph_0.3_0.3__file_name__wfdb0,T_Amp_V1_count,12.0,12,0.0,True
P2_baseline_morph_0.3_0.3__file_name__wfdb0,T_Amp_V2,0.29,0.2808306282110422,0.00916937178895777,False
P2_baseline_morph_0.3_0.3__file_name__wfdb0,T_Amp_V2_iqr,0.0399999999999999,0.019787165514388805,0.020212834485611092,False
P2_baseline_morph_0.3_0.3__file_name__wfdb0,T_Amp_V2_count,12.0,12,0.0,True
P2_baseline_morph_0.3_0.3__file_name__wfdb0,T_Amp_V3,0.17,0.18508484885194154,0.01508484885194153,False
P2_baseline_morph_0.3_0.3__file_name__wfdb0,T_Amp_V3_iqr,0.0375,0.022030823813016798,0.015469176186983201,False
P2_baseline_morph_0.3_0.3__file_name__wfdb0,T_Amp_V3_count,12.0,12,0.0,True
P2_baseline_morph_0.3_0.3__file_name__wfdb0,T_Amp_V4,0.055,0.08023182886495572,0.025231828864955723,False
P2_baseline_morph_0.3_0.3__file_name__wfdb0,T_Amp_V4_iqr,0.035,0.029858814859588717,0.005141185140411286,False
P2_baseline_morph_0.3_0.3__file_name__wfdb0,T_Amp_V4_count,12.0,12,0.0,True
P2_baseline_morph_0.3_0.3__file_name__wfdb0,T_Amp_V5,-0.115,-0.03225955310876439,0.08274044689123561,False
P2_baseline_morph_0.3_0.3__file_name__wfdb0,T_Amp_V5_iqr,0.0475,0.03802117760905737,0.00947882239094263,False
P2_baseline_morph_0.3_0.3__file_name__wfdb0,T_Amp_V5_count,12.0,12,0.0,True
P2_baseline_morph_0.3_0.3__file_name__wfdb0,T_Amp_V6,-0.11,-0.04393661537411902,0.06606338462588099,False
P2_baseline_morph_0.3_0.3__file_name__wfdb0,T_Amp_V6_iqr,0.0575,0.03218714139614675,0.025312858603853253,False
P2_baseline_morph_0.3_0.3__file_name__wfdb0,T_Amp_V6_count,12.0,12,0.0,True
P2_baseline_morph_0.3_0.3__file_name__wfdb0,T_Amp_aVF,-0.1149999999999999,0.13131851751530496,0.24631851751530487,False
P2_baseline_morph_0.3_0.3__file_name__wfdb0,T_Amp_aVF_iqr,0.0425,0.01865955333028392,0.023840446669716082,False
P2_baseline_morph_0.3_0.3__file_name__wfdb0,T_Amp_aVF_count,12.0,12,0.0,True
P2_baseline_morph_0.3_0.3__file_name__wfdb0,T_Amp_aVL,0.1,-0.09554348442349508,0.1955434844234951,False
P2_baseline_morph_0.3_0.3__file_name__wfdb0,T_Amp_aVL_iqr,0.0424999999999999,0.010489826657517548,0.03201017334248235,False
P2_baseline_morph_0.3_0.3__file_name__wfdb0,T_Amp_aVL_count,12.0,12,0.0,True
P2_baseline_morph_0.3_0.3__file_name__wfdb0,T_Amp_aVR,-0.015,-0.045721175564522,0.030721175564522002,False
P2_baseline_morph_0.3_0.3__file_name__wfdb0,T_Amp_aVR_iqr,0.0225,0.0214797717333162,0.001020228266683798,False
P2_baseline_morph_0.3_0.3__file_name__wfdb0,T_Amp_aVR_count,12.0,12,0.0,True
P2_baseline_morph_0.3_0.3__file_name__matlab1,P_Amp_I,0.075,0.12821327886633285,0.053213278866332855,False
P2_baseline_morph_0.3_0.3__file_name__matlab1,P_Amp_I_iqr,0.0325,0.020382748581594404,0.012117251418405597,False
P2_baseline_morph_0.3_0.3__file_name__matlab1,P_Amp_I_count,12.0,12,0.0,True
P2_baseline_morph_0.3_0.3__file_name__matlab1,P_Amp_II,0.125,0.10803050140350998,0.016969498596490024,False
P2_baseline_morph_0.3_0.3__file_name__matlab1,P_Amp_II_iqr,0.0325,0.010611236690643358,0.021888763309356643,False
P2_baseline_morph_0.3_0.3__file_name__matlab1,P_Amp_II_count,12.0,12,0.0,True
P2_baseline_morph_0.3_0.3__file_name__matlab1,P_Amp_III,0.075,0.035211502343718504,0.039788497656281493,False
P2_baseline_morph_0.3_0.3__file_name__matlab1,P_Amp_III_iqr,0.0249999999999999,0.031215697638970228,0.006215697638970327,False
P2_baseline_morph_0.3_0.3__file_name__matlab1,P_Amp_III_count,12.0,12,0.0,True
P2_baseline_morph_0.3_0.3__file_name__matlab1,P_Amp_V1,-0.04,-0.034209412089465,0.005790587910535001,False
P2_baseline_morph_0.3_0.3__file_name__matlab1,P_Amp_V1_iqr,0.0025,0.013915452049853928,0.011415452049853928,False
P2_baseline_morph_0.3_0.3__file_name__matlab1,P_Amp_V1_count,12.0,12,0.0,True
P2_baseline_morph_0.3_0.3__file_name__matlab1,P_Amp_V2,-0.04,0.036187422413793656,0.07618742241379366,False
P2_baseline_morph_0.3_0.3__file_name__matlab1,P_Amp_V2_iqr,0.01,0.015157938676150007,0.005157938676150007,False
P2_baseline_morph_0.3_0.3__file_name__matlab1,P_Amp_V2_count,12.0,12,0.0,True
P2_baseline_morph_0.3_0.3__file_name__matlab1,P_Amp_V3,-0.04,0.027383120450715753,0.06738312045071576,False
P2_baseline_morph_0.3_0.3__file_name__matlab1,P_Amp_V3_iqr,0.035,0.028602306859185547,0.006397693140814457,False
P2_baseline_morph_0.3_0.3__file_name__matlab1,P_Amp_V3_count,12.0,12,0.0,True
P2_baseline_morph_0.3_0.3__file_name__matlab1,P_Amp_V4,0.025,0.05168951958779097,0.02668951958779097,False
P2_baseline_morph_0.3_0.3__file_name__matlab1,P_Amp_V4_iqr,0.0275,0.016596612296670615,0.010903387703329385,False
P2_baseline_morph_0.3_0.3__file_name__matlab1,P_Amp_V4_count,12.0,12,0.0,True
P2_baseline_morph_0.3_0.3__file_name__matlab1,P_Amp_V5,0.03,0.04812255437353103,0.01812255437353103,False
P2_baseline_morph_0.3_0.3__file_name__matlab1,P_Amp_V5_iqr,0.0375,0.019722430702931247,0.01777756929706875,False
P2_baseline_morph_0.3_0.3__file_name__matlab1,P_Amp_V5_count,12.0,12,0.0,True
P2_baseline_morph_0.3_0.3__file_name__matlab1,P_Amp_V6,0.04,0.051059364428136064,0.011059364428136063,False
P2_baseline_morph_0.3_0.3__file_name__matlab1,P_Amp_V6_iqr,0.05,0.025360226973014294,0.02463977302698571,False
P2_baseline_morph_0.3_0.3__file_name__matlab1,P_Amp_V6_count,12.0,12,0.0,True
P2_baseline_morph_0.3_0.3__file_name__matlab1,P_Amp_aVF,0.09,0.02553317015594197,0.06446682984405802,False
P2_baseline_morph_0.3_0.3__file_name__matlab1,P_Amp_aVF_iqr,0.0325,0.0317312806709724,0.0007687193290275979,False
P2_baseline_morph_0.3_0.3__file_name__matlab1,P_Amp_aVF_count,12.0,12,0.0,True
P2_baseline_morph_0.3_0.3__file_name__matlab1,P_Amp_aVL,0.02,0.03977094364858015,0.01977094364858015,False
P2_baseline_morph_0.3_0.3__file_name__matlab1,P_Amp_aVL_iqr,0.045,0.020685368034751846,0.024314631965248152,False
P2_baseline_morph_0.3_0.3__file_name__matlab1,P_Amp_aVL_count,12.0,12,0.0,True
P2_baseline_morph_0.3_0.3__file_name__matlab1,P_Amp_aVR,-0.095,-0.10924377096386156,0.014243770963861563,False
P2_baseline_morph_0.3_0.3__file_name__matlab1,P_Amp_aVR_iqr,0.02,0.012648238511075618,0.007351761488924382,False
P2_baseline_morph_0.3_0.3__file_name__matlab1,P_Amp_aVR_count,12.0,12,0.0,True
P2_baseline_morph_0.3_0.3__file_name__matlab1,Q_Amp_I,-0.14,-0.08865373844175273,0.051346261558247286,False
P2_baseline_morph_0.3_0.3__file_name__matlab1,Q_Amp_I_iqr,0.0425,0.017227675246664215,0.02527232475333579,False
P2_baseline_morph_0.3_0.3__file_name__matlab1,Q_Amp_I_count,12.0,12,0.0,True
P2_baseline_morph_0.3_0.3__file_name__matlab1,Q_Amp_II,-0.14,-0.14028468825475623,0.0002846882547562213,False
P2_baseline_morph_0.3_0.3__file_name__matlab1,Q_Amp_II_iqr,0.0325,0.03157498102081646,0.0009250189791835395,False
P2_baseline_morph_0.3_0.3__file_name__matlab1,Q_Amp_II_count,12.0,12,0.0,True
P2_baseline_morph_0.3_0.3__file_name__matlab1,Q_Amp_III,0.06,0.014756272734665688,0.04524372726533431,False
P2_baseline_morph_0.3_0.3__file_name__matlab1,Q_Amp_III_iqr,0.035,0.02540766577565034,0.009592334224349665,False
P2_baseline_morph_0.3_0.3__file_name__matlab1,Q_Amp_III_count,12.0,12,0.0,True
P2_baseline_morph_0.3_0.3__file_name__matlab1,Q_Amp_V1,0.2,0.1855060314371534,0.014493968562846599,False
P2_baseline_morph_0.3_0.3__file_name__matlab1,Q_Amp_V1_iqr,0.0399999999999999,0.021859861428084965,0.018140138571914932,False
P2_baseline_morph_0.3_0.3__file_name__matlab1,Q_Amp_V1_count,12.0,12,0.0,True
P2_baseline_morph_0.3_0.3__file_name__matlab1,Q_Amp_V2,-0.0849999999999999,-0.00535337943050045,0.07964662056949945,False
P2_baseline_morph_0.3_0.3__file_name__matlab1,Q_Amp_V2_iqr,0.0224999999999999,0.00648159383520556,0.016018406164794337,False
P2_baseline_morph_0.3_0.3__file_name__matlab1,Q_Amp_V2_count,12.0,12,0.0,True
P2_baseline_morph_0.3_0.3__file_name__matlab1,Q_Amp_V3,-0.045,0.018941455953184784,0.06394145595318479,False
P2_baseline_morph_0.3_0.3__file_name__matlab1,Q_Amp_V3_iqr,0.0325,0.01366709005270441,0.01883290994729559,False
P2_baseline_morph_0.3_0.3__file_name__matlab1,Q_Amp_V3_count,12.0,12,0.0,True
P2_baseline_morph_0.3_0.3__file_name__matlab1,Q_Amp_V4,-0.1,-0.055310329346235296,0.04468967065376471,False
P2_baseline_morph_0.3_0.3__file_name__matlab1,Q_Amp_V4_iqr,0.0125,0.007212839105360337,0.0052871608946396635,False
P2_baseline_morph_0.3_0.3__file_name__matlab1,Q_Amp_V4_count,12.0,12,0.0,True
P2_baseline_morph_0.3_0.3__file_name__matlab1,Q_Amp_V5,-0.17,-0.14088828328741598,0.02911171671258403,False
P2_baseline_morph_0.3_0.3__file_name__matlab1,Q_Amp_V5_iqr,0.0375,0.011952482894250938,0.02554751710574906,False
P2_baseline_morph_0.3_0.3__file_name__matlab1,Q_Amp_V5_count,12.0,12,0.0,True
P2_baseline_morph_0.3_0.3__file_name__matlab1,Q_Amp_V6,-0.155,-0.13764637101872423,0.017353628981275765,False
P2_baseline_morph_0.3_0.3__file_name__matlab1,Q_Amp_V6_iqr,0.0499999999999999,0.013763773799114226,0.03623622620088567,False
P2_baseline_morph_0.3_0.3__file_name__matlab1,Q_Amp_V6_count,12.0,12,0.0,True
P2_baseline_morph_0.3_0.3__file_name__matlab1,Q_Amp_aVF,-0.105,0.07992054621242523,0.1849205462124252,False
P2_baseline_morph_0.3_0.3__file_name__matlab1,Q_Amp_aVF_iqr,0.0375,0.043280197349317075,0.005780197349317076,False
P2_baseline_morph_0.3_0.3__file_name__matlab1,Q_Amp_aVF_count,12.0,12,0.0,True
P2_baseline_morph_0.3_0.3__file_name__matlab1,Q_Amp_aVL,-0.075,-0.06641163932530691,0.008588360674693082,False
P2_baseline_morph_0.3_0.3__file_name__matlab1,Q_Amp_aVL_iqr,0.0424999999999999,0.04328260329383882,0.0007826032938389182,False
P2_baseline_morph_0.3_0.3__file_name__matlab1,Q_Amp_aVL_count,12.0,12,0.0,True
P2_baseline_morph_0.3_0.3__file_name__matlab1,Q_Amp_aVR,0.145,0.11465812640662905,0.03034187359337094,False
P2_baseline_morph_0.3_0.3__file_name__matlab1,Q_Amp_aVR_iqr,0.0325,0.019301800524644794,0.013198199475355207,False
P2_baseline_morph_0.3_0.3__file_name__matlab1,Q_Amp_aVR_count,12.0,12,0.0,True
P2_baseline_morph_0.3_0.3__file_name__matlab1,R_Amp_I,1.6,1.6540734839866384,0.05407348398663836,False
P2_baseline_morph_0.3_0.3__file_name__matlab1,R_Amp_I_iqr,0.1224999999999998,0.1440694376500562,0.021569437650056394,False
P2_baseline_morph_0.3_0.3__file_name__matlab1,R_Amp_I_count,12.0,12,0.0,True
P2_baseline_morph_0.3_0.3__file_name__matlab1,R_Amp_II,0.975,0.9920807348521512,0.017080734852151225,False
P2_baseline_morph_0.3_0.3__file_name__matlab1,R_Amp_II_iqr,0.045,0.013079666230810694,0.031920333769189305,False
P2_baseline_morph_0.3_0.3__file_name__matlab1,R_Amp_II_count,12.0,12,0.0,True
P2_baseline_morph_0.3_0.3__file_name__matlab1,R_Amp_III,-0.71,-0.7586052219068699,0.04860522190686989,False
P2_baseline_morph_0.3_0.3__file_name__matlab1,R_Amp_III_iqr,0.14,0.17841445679222856,0.038414456792228546,False
P2_baseline_morph_0.3_0.3__file_name__matlab1,R_Amp_III_count,12.0,12,0.0,True
P2_baseline_morph_0.3_0.3__file_name__matlab1,R_Amp_V1,-0.955,-0.9495202847059314,0.005479715294068543,False
P2_baseline_morph_0.3_0.3__file_name__matlab1,R_Amp_V1_iqr,0.1149999999999999,0.11957353889452349,0.004573538894523596,False
P2_baseline_morph_0.3_0.3__file_name__matlab1,R_Amp_V1_count,12.0,12,0.0,True
P2_baseline_morph_0.3_0.3__file_name__matlab1,R_Amp_V2,0.885,0.9537686394153075,0.06876863941530753,False
P2_baseline_morph_0.3_0.3__file_name__matlab1,R_Amp_V2_iqr,0.075,0.05421863400388138,0.020781365996118614,False
P2_baseline_morph_0.3_0.3__file_name__matlab1,R_Amp_V2_count,12.0,12,0.0,True
P2_baseline_morph_0.3_0.3__file_name__matlab1,R_Amp_V3,1.68,1.7622081727469645,0.08220817274696457,False
P2_baseline_morph_0.3_0.3__file_name__matlab1,R_Amp_V3_iqr,0.0949999999999999,0.06644950482886092,0.028550495171138987,False
P2_baseline_morph_0.3_0.3__file_name__matlab1,R_Amp_V3_count,12.0,12,0.0,True
P2_baseline_morph_0.3_0.3__file_name__matlab1,R_Amp_V4,1.835,1.8846759772080979,0.04967597720809791,False
P2_baseline_morph_0.3_0.3__file_name__matlab1,R_Amp_V4_iqr,0.1624999999999998,0.1244200286718935,0.03807997132810631,False
P2_baseline_morph_0.3_0.3__file_name__matlab1,R_Amp_V4_count,12.0,12,0.0,True
P2_baseline_morph_0.3_0.3__file_name__matlab1,R_Amp_V5,1.6,1.643262811420769,0.04326281142076893,False
P2_baseline_morph_0.3_0.3__file_name__matlab1,R_Amp_V5_iqr,0.0749999999999997,0.0755862519529884,0.0005862519529886978,False
P2_baseline_morph_0.3_0.3__file_name__matlab1,R_Amp_V5_count,12.0,12,0.0,True
P2_baseline_morph_0.3_0.3__file_name__matlab1,R_Amp_V6,1.17,1.1922491007602372,0.022249100760237228,False
P2_baseline_morph_0.3_0.3__file_name__matlab1,R_Amp_V6_iqr,0.0524999999999999,0.036604545074370165,0.015895454925629736,False
P2_baseline_morph_0.3_0.3__file_name__matlab1,R_Amp_V6_count,12.0,12,0.0,True
P2_baseline_morph_0.3_0.3__file_name__matlab1,R_Amp_aVF,0.255,0.7959722211913084,0.5409722211913084,False
P2_baseline_morph_0.3_0.3__file_name__matlab1,R_Amp_aVF_iqr,0.09,0.15378404235161547,0.06378404235161547,False
P2_baseline_morph_0.3_0.3__file_name__matlab1,R_Amp_aVF_count,12.0,12,0.0,True
P2_baseline_morph_0.3_0.3__file_name__matlab1,R_Amp_aVL,1.15,0.07246782847597776,1.0775321715240223,False
P2_baseline_morph_0.3_0.3__file_name__matlab1,R_Amp_aVL_iqr,0.1549999999999998,0.05377641644464945,0.10122358355535035,False
P2_baseline_morph_0.3_0.3__file_name__matlab1,R_Amp_aVL_count,12.0,12,0.0,True
P2_baseline_morph_0.3_0.3__file_name__matlab1,R_Amp_aVR,-1.3,-1.319197288501135,0.01919728850113489,False
P2_baseline_morph_0.3_0.3__file_name__matlab1,R_Amp_aVR_iqr,0.09,0.09582944789450387,0.005829447894503875,False
P2_baseline_morph_0.3_0.3__file_name__matlab1,R_Amp_aVR_count,12.0,12,0.0,True
P2_baseline_morph_0.3_0.3__file_name__matlab1,S_Amp_I,-0.12,-0.03616314008996899,0.08383685991003101,False
P2_baseline_morph_0.3_0.3__file_name__matlab1,S_Amp_I_iqr,0.0525,0.03818366232769223,0.01431633767230777,False
P2_baseline_morph_0.3_0.3__file_name__matlab1,S_Amp_I_count,12.0,12,0.0,True
P2_baseline_morph_0.3_0.3__file_name__matlab1,S_Amp_II,-0.0849999999999999,-0.052229278311059044,0.03277072168894085,False
P2_baseline_morph_0.3_0.3__file_name__matlab1,S_Amp_II_iqr,0.0375,0.026948155951004964,0.010551844048995035,False
P2_baseline_morph_0.3_0.3__file_name__matlab1,S_Amp_II_count,12.0,12,0.0,True
P2_baseline_morph_0.3_0.3__file_name__matlab1,S_Amp_III,-0.02,-0.03131001588495315,0.011310015884953149,False
P2_baseline_morph_0.3_0.3__file_name__matlab1,S_Amp_III_iqr,0.09,0.08576252825882222,0.0042374717411777785,False
P2_baseline_morph_0.3_0.3__file_name__matlab1,S_Amp_III_count,12.0,12,0.0,True
P2_baseline_morph_0.3_0.3__file_name__matlab1,S_Amp_V1,0.02,-0.0059533333342368195,0.02595333333423682,False
P2_baseline_morph_0.3_0.3__file_name__matlab1,S_Amp_V1_iqr,0.025,0.018392778751144347,0.006607221248855655,False
P2_baseline_morph_0.3_0.3__file_name__matlab1,S_Amp_V1_count,12.0,12,0.0,True
P2_baseline_morph_0.3_0.3__file_name__matlab1,S_Amp_V2,-0.735,-0.6745054443526144,0.060494555647385595,False
P2_baseline_morph_0.3_0.3__file_name__matlab1,S_Amp_V2_iqr,0.05,0.07633236895490447,0.02633236895490447,False
P2_baseline_morph_0.3_0.3__file_name__matlab1,S_Amp_V2_count,12.0,12,0.0,True
P2_baseline_morph_0.3_0.3__file_name__matlab1,S_Amp_V3,-0.325,-0.25645637417400474,0.06854362582599527,False
P2_baseline_morph_0.3_0.3__file_name__matlab1,S_Amp_V3_iqr,0.0575,0.03720905109438108,0.020290948905618923,False
P2_baseline_morph_0.3_0.3__file_name__matlab1,S_Amp_V3_count,12.0,12,0.0,True
P2_baseline_morph_0.3_0.3__file_name__matlab1,S_Amp_V4,-0.13,-0.08021037577273375,0.04978962422726625,False
P2_baseline_morph_0.3_0.3__file_name__matlab1,S_Amp_V4_iqr,0.03,0.02636517574329353,0.0036348242567064704,False
P2_baseline_morph_0.3_0.3__file_name__matlab1,S_Amp_V4_count,12.0,12,0.0,True
P2_baseline_morph_0.3_0.3__file_name__matlab1,S_Amp_V5,-0.065,-0.007434593657651929,0.05756540634234807,False
P2_baseline_morph_0.3_0.3__file_name__matlab1,S_Amp_V5_iqr,0.04,0.017526853495314132,0.02247314650468587,False
P2_baseline_morph_0.3_0.3__file_name__matlab1,S_Amp_V5_count,12.0,12,0.0,True
P2_baseline_morph_0.3_0.3__file_name__matlab1,S_Amp_V6,-0.09,-0.025827373577031028,0.06417262642296898,False
P2_baseline_morph_0.3_0.3__file_name__matlab1,S_Amp_V6_iqr,0.0625,0.03633508370905475,0.02616491629094525,False
P2_baseline_morph_0.3_0.3__file_name__matlab1,S_Amp_V6_count,12.0,12,0.0,True
P2_baseline_morph_0.3_0.3__file_name__matlab1,S_Amp_aVF,-0.065,0.07375767980929174,0.13875767980929174,False
P2_baseline_morph_0.3_0.3__file_name__matlab1,S_Amp_aVF_iqr,0.0275,0.03864472601615293,0.01114472601615293,False
P2_baseline_morph_0.3_0.3__file_name__matlab1,S_Amp_aVF_count,12.0,12,0.0,True
P2_baseline_morph_0.3_0.3__file_name__matlab1,S_Amp_aVL,-0.07,-0.01401650216264342,0.05598349783735659,False
P2_baseline_morph_0.3_0.3__file_name__matlab1,S_Amp_aVL_iqr,0.0699999999999999,0.043788543389972616,0.02621145661002728,False
P2_baseline_morph_0.3_0.3__file_name__matlab1,S_Amp_aVL_count,12.0,12,0.0,True
P2_baseline_morph_0.3_0.3__file_name__matlab1,S_Amp_aVR,0.07,0.02687691522679639,0.04312308477320362,False
P2_baseline_morph_0.3_0.3__file_name__matlab1,S_Amp_aVR_iqr,0.035,0.03362368105018911,0.001376318949810891,False
P2_baseline_morph_0.3_0.3__file_name__matlab1,S_Amp_aVR_count,12.0,12,0.0,True
P2_baseline_morph_0.3_0.3__file_name__matlab1,T_Amp_I,0.065,0.12359143057298715,0.058591430572987144,False
P2_baseline_morph_0.3_0.3__file_name__matlab1,T_Amp_I_iqr,0.03,0.024254521282158104,0.005745478717841895,False
P2_baseline_morph_0.3_0.3__file_name__matlab1,T_Amp_I_count,12.0,12,0.0,True
P2_baseline_morph_0.3_0.3__file_name__matlab1,T_Amp_II,-0.1,-0.053388239183379683,0.04661176081662032,False
P2_baseline_morph_0.3_0.3__file_name__matlab1,T_Amp_II_iqr,0.025,0.024150059715447515,0.0008499402845524862,False
P2_baseline_morph_0.3_0.3__file_name__matlab1,T_Amp_II_count,12.0,12,0.0,True
P2_baseline_morph_0.3_0.3__file_name__matlab1,T_Amp_III,-0.15,-0.15984929354296423,0.009849293542964238,False
P2_baseline_morph_0.3_0.3__file_name__matlab1,T_Amp_III_iqr,0.055,0.02331805117397351,0.03168194882602649,False
P2_baseline_morph_0.3_0.3__file_name__matlab1,T_Amp_III_count,12.0,12,0.0,True
P2_baseline_morph_0.3_0.3__file_name__matlab1,T_Amp_V1,0.11,0.061686404829647316,0.048313595170352684,False
P2_baseline_morph_0.3_0.3__file_name__matlab1,T_Amp_V1_iqr,0.0249999999999999,0.012269128210049496,0.012730871789950405,False
P2_baseline_morph_0.3_0.3__file_name__matlab1,T_Amp_V1_count,12.0,12,0.0,True
P2_baseline_morph_0.3_0.3__file_name__matlab1,T_Amp_V2,0.29,0.282771449515637,0.007228550484362994,False
P2_baseline_morph_0.3_0.3__file_name__matlab1,T_Amp_V2_iqr,0.0399999999999999,0.020154953131903963,0.019845046868095934,False
P2_baseline_morph_0.3_0.3__file_name__matlab1,T_Amp_V2_count,12.0,12,0.0,True
P2_baseline_morph_0.3_0.3__file_name__matlab1,T_Amp_V3,0.17,0.18545382035532093,0.015453820355320919,False
P2_baseline_morph_0.3_0.3__file_name__matlab1,T_Amp_V3_iqr,0.0375,0.022304311261121673,0.015195688738878325,False
P2_baseline_morph_0.3_0.3__file_name__matlab1,T_Amp_V3_count,12.0,12,0.0,True
P2_baseline_morph_0.3_0.3__file_name__matlab1,T_Amp_V4,0.055,0.08137827022275332,0.026378270222753318,False
P2_baseline_morph_0.3_0.3__file_name__matlab1,T_Amp_V4_iqr,0.035,0.03382649211606794,0.0011735078839320637,False
P2_baseline_morph_0.3_0.3__file_name__matlab1,T_Amp_V4_count,12.0,12,0.0,True
P2_baseline_morph_0.3_0.3__file_name__matlab1,T_Amp_V5,-0.115,-0.0329837636315736,0.0820162363684264,False
P2_baseline_morph_0.3_0.3__file_name__matlab1,T_Amp_V5_iqr,0.0475,0.038548433907295496,0.008951566092704505,False
P2_baseline_morph_0.3_0.3__file_name__matlab1,T_Amp_V5_count,12.0,12,0.0,True
P2_baseline_morph_0.3_0.3__file_name__matlab1,T_Amp_V6,-0.11,-0.04495503582813701,0.06504496417186299,False
P2_baseline_morph_0.3_0.3__file_name__matlab1,T_Amp_V6_iqr,0.0575,0.0308329584000091,0.026667041599990903,False
P2_baseline_morph_0.3_0.3__file_name__matlab1,T_Amp_V6_count,12.0,12,0.0,True
P2_baseline_morph_0.3_0.3__file_name__matlab1,T_Amp_aVF,-0.1149999999999999,0.1340505846986068,0.2490505846986067,False
P2_baseline_morph_0.3_0.3__file_name__matlab1,T_Amp_aVF_iqr,0.0425,0.01658752539618949,0.025912474603810513,False
P2_baseline_morph_0.3_0.3__file_name__matlab1,T_Amp_aVF_count,12.0,12,0.0,True
P2_baseline_morph_0.3_0.3__file_name__matlab1,T_Amp_aVL,0.1,-0.0984311353700826,0.1984311353700826,False
P2_baseline_morph_0.3_0.3__file_name__matlab1,T_Amp_aVL_iqr,0.0424999999999999,0.010093887530846002,0.0324061124691539,False
P2_baseline_morph_0.3_0.3__file_name__matlab1,T_Amp_aVL_count,12.0,12,0.0,True
P2_baseline_morph_0.3_0.3__file_name__matlab1,T_Amp_aVR,-0.015,-0.04482574144399274,0.02982574144399274,False
P2_baseline_morph_0.3_0.3__file_name__matlab1,T_Amp_aVR_iqr,0.0225,0.020237449817275835,0.0022625501827241642,False
P2_baseline_morph_0.3_0.3__file_name__matlab1,T_Amp_aVR_count,12.0,12,0.0,True
P3_highlow_1_40__csv_name__wfdb0,P_Amp_I,0.075,0.10461821104607652,0.029618211046076523,False
P3_highlow_1_40__csv_name__wfdb0,P_Amp_I_iqr,0.0325,0.010452178415462435,0.022047821584537566,False
P3_highlow_1_40__csv_name__wfdb0,P_Amp_I_count,12.0,12,0.0,True
P3_highlow_1_40__csv_name__wfdb0,P_Amp_II,0.125,0.1715746273845199,0.046574627384519895,False
P3_highlow_1_40__csv_name__wfdb0,P_Amp_II_iqr,0.0325,0.010855616724290862,0.02164438327570914,False
P3_highlow_1_40__csv_name__wfdb0,P_Amp_II_count,12.0,12,0.0,True
P3_highlow_1_40__csv_name__wfdb0,P_Amp_III,0.075,0.04230952002833627,0.03269047997166373,False
P3_highlow_1_40__csv_name__wfdb0,P_Amp_III_iqr,0.0249999999999999,0.03549801208882422,0.01049801208882432,False
P3_highlow_1_40__csv_name__wfdb0,P_Amp_III_count,12.0,12,0.0,True
P3_highlow_1_40__csv_name__wfdb0,P_Amp_V1,-0.04,-0.017449857146254855,0.022550142853745146,False
P3_highlow_1_40__csv_name__wfdb0,P_Amp_V1_iqr,0.0025,0.013377692654452758,0.010877692654452757,False
P3_highlow_1_40__csv_name__wfdb0,P_Amp_V1_count,12.0,12,0.0,True
P3_highlow_1_40__csv_name__wfdb0,P_Amp_V2,-0.04,0.023990375327305448,0.06399037532730545,False
P3_highlow_1_40__csv_name__wfdb0,P_Amp_V2_iqr,0.01,0.017236195526438295,0.007236195526438295,False
P3_highlow_1_40__csv_name__wfdb0,P_Amp_V2_count,12.0,12,0.0,True
P3_highlow_1_40__csv_name__wfdb0,P_Amp_V3,-0.04,0.018959146129166767,0.058959146129166765,False
P3_highlow_1_40__csv_name__wfdb0,P_Amp_V3_iqr,0.035,0.025176853098508693,0.00982314690149131,False
P3_highlow_1_40__csv_name__wfdb0,P_Amp_V3_count,12.0,12,0.0,True
P3_highlow_1_40__csv_name__wfdb0,P_Amp_V4,0.025,0.04051850029285868,0.01551850029285868,False
P3_highlow_1_40__csv_name__wfdb0,P_Amp_V4_iqr,0.0275,0.015883514480595287,0.011616485519404713,False
P3_highlow_1_40__csv_name__wfdb0,P_Amp_V4_count,12.0,12,0.0,True
P3_highlow_1_40__csv_name__wfdb0,P_Amp_V5,0.03,0.04233527894873312,0.012335278948733118,False
P3_highlow_1_40__csv_name__wfdb0,P_Amp_V5_iqr,0.0375,0.011820839538354097,0.0256791604616459,False
P3_highlow_1_40__csv_name__wfdb0,P_Amp_V5_count,12.0,12,0.0,True
P3_highlow_1_40__csv_name__wfdb0,P_Amp_V6,0.04,0.1131723021037333,0.0731723021037333,False
P3_highlow_1_40__csv_name__wfdb0,P_Amp_V6_iqr,0.05,0.014256302018928302,0.0357436979810717,False
P3_highlow_1_40__csv_name__wfdb0,P_Amp_V6_count,12.0,12,0.0,True
P3_highlow_1_40__csv_name__wfdb0,P_Amp_aVF,0.09,0.059445764130060384,0.030554235869939612,False
P3_highlow_1_40__csv_name__wfdb0,P_Amp_aVF_iqr,0.0325,0.011233252016966164,0.021266747983033837,False
P3_highlow_1_40__csv_name__wfdb0,P_Amp_aVF_count,12.0,12,0.0,True
P3_highlow_1_40__csv_name__wfdb0,P_Amp_aVL,0.02,0.058506896917695284,0.03850689691769528,False
P3_highlow_1_40__csv_name__wfdb0,P_Amp_aVL_iqr,0.045,0.0223686442164248,0.022631355783575197,False
P3_highlow_1_40__csv_name__wfdb0,P_Amp_aVL_count,12.0,12,0.0,True
P3_highlow_1_40__csv_name__wfdb0,P_Amp_aVR,-0.095,-0.10164983696943355,0.0066498369694335535,False
P3_highlow_1_40__csv_name__wfdb0,P_Amp_aVR_iqr,0.02,0.0137077664782706,0.0062922335217294005,False
P3_highlow_1_40__csv_name__wfdb0,P_Amp_aVR_count,12.0,12,0.0,True
P3_highlow_1_40__csv_name__wfdb0,Q_Amp_I,-0.14,-0.1283035231221492,0.011696476877850803,False
P3_highlow_1_40__csv_name__wfdb0,Q_Amp_I_iqr,0.0425,0.026399156582991606,0.016100843417008397,False
P3_highlow_1_40__csv_name__wfdb0,Q_Amp_I_count,12.0,12,0.0,True
P3_highlow_1_40__csv_name__wfdb0,Q_Amp_II,-0.14,-0.09246601703398435,0.04753398296601566,False
P3_highlow_1_40__csv_name__wfdb0,Q_Amp_II_iqr,0.0325,0.007190762774912984,0.025309237225087017,False
P3_highlow_1_40__csv_name__wfdb0,Q_Amp_II_count,12.0,12,0.0,True
P3_highlow_1_40__csv_name__wfdb0,Q_Amp_III,0.06,0.026250884900599035,0.03374911509940096,False
P3_highlow_1_40__csv_name__wfdb0,Q_Amp_III_iqr,0.035,0.00996340520903767,0.025036594790962333,False
P3_highlow_1_40__csv_name__wfdb0,Q_Amp_III_count,12.0,12,0.0,True
P3_highlow_1_40__csv_name__wfdb0,Q_Amp_V1,0.2,0.23699669112494665,0.036996691124946635,False
P3_highlow_1_40__csv_name__wfdb0,Q_Amp_V1_iqr,0.0399999999999999,0.031837379990234754,0.008162620009765142,False
P3_highlow_1_40__csv_name__wfdb0,Q_Amp_V1_count,12.0,12,0.0,True
P3_highlow_1_40__csv_name__wfdb0,Q_Amp_V2,-0.0849999999999999,-0.016310248150307616,0.06868975184969228,False
P3_highlow_1_40__csv_name__wfdb0,Q_Amp_V2_iqr,0.0224999999999999,0.010190536571652229,0.01230946342834767,False
P3_highlow_1_40__csv_name__wfdb0,Q_Amp_V2_count,12.0,12,0.0,True
P3_highlow_1_40__csv_name__wfdb0,Q_Amp_V3,-0.045,-0.012686823139410528,0.032313176860589474,False
P3_highlow_1_40__csv_name__wfdb0,Q_Amp_V3_iqr,0.0325,0.012125103169222398,0.020374896830777603,False
P3_highlow_1_40__csv_name__wfdb0,Q_Amp_V3_count,12.0,12,0.0,True
P3_highlow_1_40__csv_name__wfdb0,Q_Amp_V4,-0.1,-0.09427760686595299,0.005722393134047016,False
P3_highlow_1_40__csv_name__wfdb0,Q_Amp_V4_iqr,0.0125,0.012647941439873703,0.0001479414398737021,False
P3_highlow_1_40__csv_name__wfdb0,Q_Amp_V4_count,12.0,12,0.0,True
P3_highlow_1_40__csv_name__wfdb0,Q_Amp_V5,-0.17,-0.17062809047607924,0.0006280904760792294,False
P3_highlow_1_40__csv_name__wfdb0,Q_Amp_V5_iqr,0.0375,0.00757855146609096,0.02992144853390904,False
P3_highlow_1_40__csv_name__wfdb0,Q_Amp_V5_count,12.0,12,0.0,True
P3_highlow_1_40__csv_name__wfdb0,Q_Amp_V6,-0.155,-0.0902051557882539,0.0647948442117461,False
P3_highlow_1_40__csv_name__wfdb0,Q_Amp_V6_iqr,0.0499999999999999,0.008249456495872318,0.04175054350412758,False
P3_highlow_1_40__csv_name__wfdb0,Q_Amp_V6_count,12.0,12,0.0,True
P3_highlow_1_40__csv_name__wfdb0,Q_Amp_aVF,-0.105,-0.11066267420010582,0.005662674200105827,False
P3_highlow_1_40__csv_name__wfdb0,Q_Amp_aVF_iqr,0.0375,0.027296774082630093,0.010203225917369906,False
P3_highlow_1_40__csv_name__wfdb0,Q_Amp_aVF_count,12.0,12,0.0,True
P3_highlow_1_40__csv_name__wfdb0,Q_Amp_aVL,-0.075,-0.060414063518895764,0.014585936481104234,False
P3_highlow_1_40__csv_name__wfdb0,Q_Amp_aVL_iqr,0.0424999999999999,0.023425766438385752,0.019074233561614147,False
P3_highlow_1_40__csv_name__wfdb0,Q_Amp_aVL_count,12.0,12,0.0,True
P3_highlow_1_40__csv_name__wfdb0,Q_Amp_aVR,0.145,0.13796708946213143,0.007032910537868559,False
P3_highlow_1_40__csv_name__wfdb0,Q_Amp_aVR_iqr,0.0325,0.007057276728711426,0.025442723271288575,False
P3_highlow_1_40__csv_name__wfdb0,Q_Amp_aVR_count,12.0,12,0.0,True
P3_highlow_1_40__csv_name__wfdb0,R_Amp_I,1.6,1.54389216778637,0.05610783221363014,False
P3_highlow_1_40__csv_name__wfdb0,R_Amp_I_iqr,0.1224999999999998,0.10337389033039068,0.01912610966960912,False
P3_highlow_1_40__csv_name__wfdb0,R_Amp_I_count,12.0,12,0.0,True
P3_highlow_1_40__csv_name__wfdb0,R_Amp_II,0.975,0.9705853614158189,0.004414638584181119,False
P3_highlow_1_40__csv_name__wfdb0,R_Amp_II_iqr,0.045,0.0351186967319278,0.009881303268072197,False
P3_highlow_1_40__csv_name__wfdb0,R_Amp_II_count,12.0,12,0.0,True
P3_highlow_1_40__csv_name__wfdb0,R_Amp_III,-0.71,-0.6549572847885581,0.055042715211441884,False
P3_highlow_1_40__csv_name__wfdb0,R_Amp_III_iqr,0.14,0.09500404405227547,0.04499595594772454,False
P3_highlow_1_40__csv_name__wfdb0,R_Amp_III_count,12.0,12,0.0,True
P3_highlow_1_40__csv_name__wfdb0,R_Amp_V1,-0.955,-0.9025212315888254,0.0524787684111746,False
P3_highlow_1_40__csv_name__wfdb0,R_Amp_V1_iqr,0.1149999999999999,0.14680717166300405,0.03180717166300416,False
P3_highlow_1_40__csv_name__wfdb0,R_Amp_V1_count,12.0,12,0.0,True
P3_highlow_1_40__csv_name__wfdb0,R_Amp_V2,0.885,1.0393772301588398,0.15437723015883975,False
P3_highlow_1_40__csv_name__wfdb0,R_Amp_V2_iqr,0.075,0.044241597591130555,0.030758402408869442,False
P3_highlow_1_40__csv_name__wfdb0,R_Amp_V2_count,12.0,12,0.0,True
P3_highlow_1_40__csv_name__wfdb0,R_Amp_V3,1.68,1.7054634855290864,0.025463485529086505,False
P3_highlow_1_40__csv_name__wfdb0,R_Amp_V3_iqr,0.0949999999999999,0.09221878364747549,0.0027812163525244155,False
P3_highlow_1_40__csv_name__wfdb0,R_Amp_V3_count,12.0,12,0.0,True
P3_highlow_1_40__csv_name__wfdb0,R_Amp_V4,1.835,1.8068064076189203,0.028193592381079657,False
P3_highlow_1_40__csv_name__wfdb0,R_Amp_V4_iqr,0.1624999999999998,0.1250787048985864,0.0374212951014134,False
P3_highlow_1_40__csv_name__wfdb0,R_Amp_V4_count,12.0,12,0.0,True
P3_highlow_1_40__csv_name__wfdb0,R_Amp_V5,1.6,1.507292753752413,0.09270724624758708,False
P3_highlow_1_40__csv_name__wfdb0,R_Amp_V5_iqr,0.0749999999999997,0.09288707893259618,0.017887078932596473,False
P3_highlow_1_40__csv_name__wfdb0,R_Amp_V5_count,12.0,12,0.0,True
P3_highlow_1_40__csv_name__wfdb0,R_Amp_V6,1.17,1.15369926883191,0.016300731168089833,False
P3_highlow_1_40__csv_name__wfdb0,R_Amp_V6_iqr,0.0524999999999999,0.03986698423090895,0.012633015769090948,False
P3_highlow_1_40__csv_name__wfdb0,R_Amp_V6_count,12.0,12,0.0,True
P3_highlow_1_40__csv_name__wfdb0,R_Amp_aVF,0.255,0.1879563286076718,0.0670436713923282,False
P3_highlow_1_40__csv_name__wfdb0,R_Amp_aVF_iqr,0.09,0.11815487985783821,0.02815487985783821,False
P3_highlow_1_40__csv_name__wfdb0,R_Amp_aVF_count,12.0,12,0.0,True
P3_highlow_1_40__csv_name__wfdb0,R_Amp_aVL,1.15,1.082339480207935,0.067660519792065,False
P3_highlow_1_40__csv_name__wfdb0,R_Amp_aVL_iqr,0.1549999999999998,0.10149304824090422,0.05350695175909559,False
P3_highlow_1_40__csv_name__wfdb0,R_Amp_aVL_count,12.0,12,0.0,True
P3_highlow_1_40__csv_name__wfdb0,R_Amp_aVR,-1.3,-1.2076543656414294,0.09234563435857068,False
P3_highlow_1_40__csv_name__wfdb0,R_Amp_aVR_iqr,0.09,0.021751295100161272,0.06824870489983872,False
P3_highlow_1_40__csv_name__wfdb0,R_Amp_aVR_count,12.0,12,0.0,True
P3_highlow_1_40__csv_name__wfdb0,S_Amp_I,-0.12,-0.09555795501486711,0.024442044985132888,False
P3_highlow_1_40__csv_name__wfdb0,S_Amp_I_iqr,0.0525,0.02398248608331484,0.02851751391668516,False
P3_highlow_1_40__csv_name__wfdb0,S_Amp_I_count,12.0,12,0.0,True
P3_highlow_1_40__csv_name__wfdb0,S_Amp_II,-0.0849999999999999,-0.007958933477934586,0.07704106652206531,False
P3_highlow_1_40__csv_name__wfdb0,S_Amp_II_iqr,0.0375,0.006111085103118318,0.031388914896881684,False
P3_highlow_1_40__csv_name__wfdb0,S_Amp_II_count,12.0,12,0.0,True
P3_highlow_1_40__csv_name__wfdb0,S_Amp_III,-0.02,-0.02308368829060856,0.003083688290608559,False
P3_highlow_1_40__csv_name__wfdb0,S_Amp_III_iqr,0.09,0.07667875836054833,0.01332124163945167,False
P3_highlow_1_40__csv_name__wfdb0,S_Amp_III_count,12.0,12,0.0,True
P3_highlow_1_40__csv_name__wfdb0,S_Amp_V1,0.02,0.03328179289815584,0.013281792898155838,False
P3_highlow_1_40__csv_name__wfdb0,S_Amp_V1_iqr,0.025,0.01058831385785873,0.014411686142141271,False
P3_highlow_1_40__csv_name__wfdb0,S_Amp_V1_count,12.0,12,0.0,True
P3_highlow_1_40__csv_name__wfdb0,S_Amp_V2,-0.735,-0.6267461147477931,0.10825388525220692,False
P3_highlow_1_40__csv_name__wfdb0,S_Amp_V2_iqr,0.05,0.0436483322020329,0.0063516677979671005,False
P3_highlow_1_40__csv_name__wfdb0,S_Amp_V2_count,12.0,12,0.0,True
P3_highlow_1_40__csv_name__wfdb0,S_Amp_V3,-0.325,-0.3389249486404,0.013924948640400003,False
P3_highlow_1_40__csv_name__wfdb0,S_Amp_V3_iqr,0.0575,0.019717443329257456,0.03778255667074255,False
P3_highlow_1_40__csv_name__wfdb0,S_Amp_V3_count,12.0,12,0.0,True
P3_highlow_1_40__csv_name__wfdb0,S_Amp_V4,-0.13,-0.14296233695302527,0.01296233695302526,False
P3_highlow_1_40__csv_name__wfdb0,S_Amp_V4_iqr,0.03,0.015590730409823672,0.014409269590176327,False
P3_highlow_1_40__csv_name__wfdb0,S_Amp_V4_count,12.0,12,0.0,True
P3_highlow_1_40__csv_name__wfdb0,S_Amp_V5,-0.065,-0.04249776020903126,0.022502239790968742,False
P3_highlow_1_40__csv_name__wfdb0,S_Amp_V5_iqr,0.04,0.00661282757040603,0.03338717242959397,False
P3_highlow_1_40__csv_name__wfdb0,S_Amp_V5_count,12.0,12,0.0,True
P3_highlow_1_40__csv_name__wfdb0,S_Amp_V6,-0.09,0.01909463793116074,0.10909463793116074,False
P3_highlow_1_40__csv_name__wfdb0,S_Amp_V6_iqr,0.0625,0.02803333692181268,0.03446666307818732,False
P3_highlow_1_40__csv_name__wfdb0,S_Amp_V6_count,12.0,12,0.0,True
P3_highlow_1_40__csv_name__wfdb0,S_Amp_aVF,-0.065,-0.08146978161801231,0.01646978161801231,False
P3_highlow_1_40__csv_name__wfdb0,S_Amp_aVF_iqr,0.0275,0.012245289780416183,0.015254710219583818,False
P3_highlow_1_40__csv_name__wfdb0,S_Amp_aVF_count,12.0,12,0.0,True
P3_highlow_1_40__csv_name__wfdb0,S_Amp_aVL,-0.07,-0.06064226970836142,0.00935773029163859,False
P3_highlow_1_40__csv_name__wfdb0,S_Amp_aVL_iqr,0.0699999999999999,0.04673040642590156,0.023269593574098336,False
P3_highlow_1_40__csv_name__wfdb0,S_Amp_aVL_count,12.0,12,0.0,True
P3_highlow_1_40__csv_name__wfdb0,S_Amp_aVR,0.07,0.0531591533512171,0.01684084664878291,False
P3_highlow_1_40__csv_name__wfdb0,S_Amp_aVR_iqr,0.035,0.049411719765393436,0.014411719765393433,False
P3_highlow_1_40__csv_name__wfdb0,S_Amp_aVR_count,12.0,12,0.0,True
P3_highlow_1_40__csv_name__wfdb0,T_Amp_I,0.065,0.12382941932312183,0.05882941932312183,False
P3_highlow_1_40__csv_name__wfdb0,T_Amp_I_iqr,0.03,0.012167149764935062,0.017832850235064937,False
P3_highlow_1_40__csv_name__wfdb0,T_Amp_I_count,12.0,12,0.0,True
P3_highlow_1_40__csv_name__wfdb0,T_Amp_II,-0.1,-0.0008456207743231647,0.09915437922567684,False
P3_highlow_1_40__csv_name__wfdb0,T_Amp_II_iqr,0.025,0.016544229457373275,0.008455770542626726,False
P3_highlow_1_40__csv_name__wfdb0,T_Amp_II_count,12.0,12,0.0,True
P3_highlow_1_40__csv_name__wfdb0,T_Amp_III,-0.15,-0.16770415185074353,0.017704151850743532,False
P3_highlow_1_40__csv_name__wfdb0,T_Amp_III_iqr,0.055,0.015902138330272847,0.03909786166972715,False
P3_highlow_1_40__csv_name__wfdb0,T_Amp_III_count,12.0,12,0.0,True
P3_highlow_1_40__csv_name__wfdb0,T_Amp_V1,0.11,0.09274974710977785,0.017250252890222154,False
P3_highlow_1_40__csv_name__wfdb0,T_Amp_V1_iqr,0.0249999999999999,0.012275956883788408,0.012724043116211493,False
P3_highlow_1_40__csv_name__wfdb0,T_Amp_V1_count,12.0,12,0.0,True
P3_highlow_1_40__csv_name__wfdb0,T_Amp_V2,0.29,0.3186773848195611,0.028677384819561114,False
P3_highlow_1_40__csv_name__wfdb0,T_Amp_V2_iqr,0.0399999999999999,0.019617277911900877,0.02038272208809902,False
P3_highlow_1_40__csv_name__wfdb0,T_Amp_V2_count,12.0,12,0.0,True
P3_highlow_1_40__csv_name__wfdb0,T_Amp_V3,0.17,0.2179068788253012,0.047906878825301175,False
P3_highlow_1_40__csv_name__wfdb0,T_Amp_V3_iqr,0.0375,0.010133700877146656,0.027366299122853342,False
P3_highlow_1_40__csv_name__wfdb0,T_Amp_V3_count,12.0,12,0.0,True
P3_highlow_1_40__csv_name__wfdb0,T_Amp_V4,0.055,0.0975751850557275,0.0425751850557275,False
P3_highlow_1_40__csv_name__wfdb0,T_Amp_V4_iqr,0.035,0.010417509598250524,0.02458249040174948,False
P3_highlow_1_40__csv_name__wfdb0,T_Amp_V4_count,12.0,12,0.0,True
P3_highlow_1_40__csv_name__wfdb0,T_Amp_V5,-0.115,-0.0590885704524704,0.055911429547529604,False
P3_highlow_1_40__csv_name__wfdb0,T_Amp_V5_iqr,0.0475,0.00989623198308888,0.03760376801691112,False
P3_highlow_1_40__csv_name__wfdb0,T_Amp_V5_count,12.0,12,0.0,True
P3_highlow_1_40__csv_name__wfdb0,T_Amp_V6,-0.11,0.007328369502345708,0.11732836950234571,False
P3_highlow_1_40__csv_name__wfdb0,T_Amp_V6_iqr,0.0575,0.013520004138619911,0.04397999586138009,False
P3_highlow_1_40__csv_name__wfdb0,T_Amp_V6_count,12.0,12,0.0,True
P3_highlow_1_40__csv_name__wfdb0,T_Amp_aVF,-0.1149999999999999,-0.12103025315088986,0.0060302531508899665,False
P3_highlow_1_40__csv_name__wfdb0,T_Amp_aVF_iqr,0.0425,0.009237220992969836,0.03326277900703017,False
P3_highlow_1_40__csv_name__wfdb0,T_Amp_aVF_count,12.0,12,0.0,True
P3_highlow_1_40__csv_name__wfdb0,T_Amp_aVL,0.1,0.1399876453210326,0.039987645321032605,False
P3_highlow_1_40__csv_name__wfdb0,T_Amp_aVL_iqr,0.0424999999999999,0.011733418104147741,0.030766581895852158,False
P3_highlow_1_40__csv_name__wfdb0,T_Amp_aVL_count,12.0,12,0.0,True
P3_highlow_1_40__csv_name__wfdb0,T_Amp_aVR,-0.015,-0.05895497717677854,0.04395497717677854,False
P3_highlow_1_40__csv_name__wfdb0,T_Amp_aVR_iqr,0.0225,0.008287668026570903,0.014212331973429096,False
P3_highlow_1_40__csv_name__wfdb0,T_Amp_aVR_count,12.0,12,0.0,True
P3_highlow_1_40__csv_name__matlab1,P_Amp_I,0.075,0.10304782391157323,0.028047823911573233,False
P3_highlow_1_40__csv_name__matlab1,P_Amp_I_iqr,0.0325,0.010758042573704246,0.021741957426295755,False
P3_highlow_1_40__csv_name__matlab1,P_Amp_I_count,12.0,12,0.0,True
P3_highlow_1_40__csv_name__matlab1,P_Amp_II,0.125,0.17415448970237596,0.04915448970237596,False
P3_highlow_1_40__csv_name__matlab1,P_Amp_II_iqr,0.0325,0.009885974556380406,0.022614025443619595,False
P3_highlow_1_40__csv_name__matlab1,P_Amp_II_count,12.0,12,0.0,True
P3_highlow_1_40__csv_name__matlab1,P_Amp_III,0.075,0.03862378440841374,0.036376215591586256,False
P3_highlow_1_40__csv_name__matlab1,P_Amp_III_iqr,0.0249999999999999,0.03354238039099633,0.008542380390996428,False
P3_highlow_1_40__csv_name__matlab1,P_Amp_III_count,12.0,12,0.0,True
P3_highlow_1_40__csv_name__matlab1,P_Amp_V1,-0.04,-0.018418926929648576,0.021581073070351425,False
P3_highlow_1_40__csv_name__matlab1,P_Amp_V1_iqr,0.0025,0.013962660269462298,0.011462660269462297,False
P3_highlow_1_40__csv_name__matlab1,P_Amp_V1_count,12.0,12,0.0,True
P3_highlow_1_40__csv_name__matlab1,P_Amp_V2,-0.04,0.024409987666654653,0.06440998766665465,False
P3_highlow_1_40__csv_name__matlab1,P_Amp_V2_iqr,0.01,0.017671113553251742,0.0076711135532517415,False
P3_highlow_1_40__csv_name__matlab1,P_Amp_V2_count,12.0,12,0.0,True
P3_highlow_1_40__csv_name__matlab1,P_Amp_V3,-0.04,0.019961109405034233,0.059961109405034234,False
P3_highlow_1_40__csv_name__matlab1,P_Amp_V3_iqr,0.035,0.024278189613994767,0.010721810386005236,False
P3_highlow_1_40__csv_name__matlab1,P_Amp_V3_count,12.0,12,0.0,True
P3_highlow_1_40__csv_name__matlab1,P_Amp_V4,0.025,0.04138984667290996,0.016389846672909957,False
P3_highlow_1_40__csv_name__matlab1,P_Amp_V4_iqr,0.0275,0.01662007887326982,0.01087992112673018,False
P3_highlow_1_40__csv_name__matlab1,P_Amp_V4_count,12.0,12,0.0,True
P3_highlow_1_40__csv_name__matlab1,P_Amp_V5,0.03,0.04397373391558709,0.013973733915587094,False
P3_highlow_1_40__csv_name__matlab1,P_Amp_V5_iqr,0.0375,0.010697779979234372,0.026802220020765627,False
P3_highlow_1_40__csv_name__matlab1,P_Amp_V5_count,12.0,12,0.0,True
P3_highlow_1_40__csv_name__matlab1,P_Amp_V6,0.04,0.11504359197189157,0.07504359197189156,False
P3_highlow_1_40__csv_name__matlab1,P_Amp_V6_iqr,0.05,0.01315481907749902,0.036845180922500984,False
P3_highlow_1_40__csv_name__matlab1,P_Amp_V6_count,12.0,12,0.0,True
P3_highlow_1_40__csv_name__matlab1,P_Amp_aVF,0.09,0.05914926749149165,0.030850732508508345,False
P3_highlow_1_40__csv_name__matlab1,P_Amp_aVF_iqr,0.0325,0.010170356511940787,0.022329643488059214,False
P3_highlow_1_40__csv_name__matlab1,P_Amp_aVF_count,12.0,12,0.0,True
P3_highlow_1_40__csv_name__matlab1,P_Amp_aVL,0.02,0.05817669345302394,0.038176693453023935,False
P3_highlow_1_40__csv_name__matlab1,P_Amp_aVL_iqr,0.045,0.020426949080918633,0.024573050919081366,False
P3_highlow_1_40__csv_name__matlab1,P_Amp_aVL_count,12.0,12,0.0,True
P3_highlow_1_40__csv_name__matlab1,P_Amp_aVR,-0.095,-0.10305003884131239,0.00805003884131239,False
P3_highlow_1_40__csv_name__matlab1,P_Amp_aVR_iqr,0.02,0.016005424164093812,0.003994575835906188,False
P3_highlow_1_40__csv_name__matlab1,P_Amp_aVR_count,12.0,12,0.0,True
P3_highlow_1_40__csv_name__matlab1,Q_Amp_I,-0.14,-0.124891778867843,0.015108221132157013,False
P3_highlow_1_40__csv_name__matlab1,Q_Amp_I_iqr,0.0425,0.027633593356949954,0.01486640664305005,False
P3_highlow_1_40__csv_name__matlab1,Q_Amp_I_count,12.0,12,0.0,True
P3_highlow_1_40__csv_name__matlab1,Q_Amp_II,-0.14,-0.0903678835157467,0.04963211648425331,False
P3_highlow_1_40__csv_name__matlab1,Q_Amp_II_iqr,0.0325,0.011021340764812565,0.021478659235187436,False
P3_highlow_1_40__csv_name__matlab1,Q_Amp_II_count,12.0,12,0.0,True
P3_highlow_1_40__csv_name__matlab1,Q_Amp_III,0.06,0.026763788803735963,0.033236211196264034,False
P3_highlow_1_40__csv_name__matlab1,Q_Amp_III_iqr,0.035,0.009417387176078953,0.02558261282392105,False
P3_highlow_1_40__csv_name__matlab1,Q_Amp_III_count,12.0,12,0.0,True
P3_highlow_1_40__csv_name__matlab1,Q_Amp_V1,0.2,0.23890829084256252,0.038908290842562504,False
P3_highlow_1_40__csv_name__matlab1,Q_Amp_V1_iqr,0.0399999999999999,0.033730235124786484,0.006269764875213413,False
P3_highlow_1_40__csv_name__matlab1,Q_Amp_V1_count,12.0,12,0.0,True
P3_highlow_1_40__csv_name__matlab1,Q_Amp_V2,-0.0849999999999999,-0.01630283845271507,0.06869716154728482,False
P3_highlow_1_40__csv_name__matlab1,Q_Amp_V2_iqr,0.0224999999999999,0.009663428099243785,0.012836571900756114,False
P3_highlow_1_40__csv_name__matlab1,Q_Amp_V2_count,12.0,12,0.0,True
P3_highlow_1_40__csv_name__matlab1,Q_Amp_V3,-0.045,-0.013215202110221265,0.03178479788977873,False
P3_highlow_1_40__csv_name__matlab1,Q_Amp_V3_iqr,0.0325,0.015172745562865136,0.017327254437134863,False
P3_highlow_1_40__csv_name__matlab1,Q_Amp_V3_count,12.0,12,0.0,True
P3_highlow_1_40__csv_name__matlab1,Q_Amp_V4,-0.1,-0.09237032753918709,0.00762967246081292,False
P3_highlow_1_40__csv_name__matlab1,Q_Amp_V4_iqr,0.0125,0.012152187544460125,0.0003478124555398761,False
P3_highlow_1_40__csv_name__matlab1,Q_Amp_V4_count,12.0,12,0.0,True
P3_highlow_1_40__csv_name__matlab1,Q_Amp_V5,-0.17,-0.16526197467862647,0.004738025321373546,False
P3_highlow_1_40__csv_name__matlab1,Q_Amp_V5_iqr,0.0375,0.0044864431263405,0.0330135568736595,False
P3_highlow_1_40__csv_name__matlab1,Q_Amp_V5_count,12.0,12,0.0,True
P3_highlow_1_40__csv_name__matlab1,Q_Amp_V6,-0.155,-0.08644041797430436,0.06855958202569563,False
P3_highlow_1_40__csv_name__matlab1,Q_Amp_V6_iqr,0.0499999999999999,0.011256171412487206,0.03874382858751269,False
P3_highlow_1_40__csv_name__matlab1,Q_Amp_V6_count,12.0,12,0.0,True
P3_highlow_1_40__csv_name__matlab1,Q_Amp_aVF,-0.105,-0.11417337299274907,0.009173372992749076,False
P3_highlow_1_40__csv_name__matlab1,Q_Amp_aVF_iqr,0.0375,0.02709960933311681,0.01040039066688319,False
P3_highlow_1_40__csv_name__matlab1,Q_Amp_aVF_count,12.0,12,0.0,True
P3_highlow_1_40__csv_name__matlab1,Q_Amp_aVL,-0.075,-0.06310428771195332,0.011895712288046673,False
P3_highlow_1_40__csv_name__matlab1,Q_Amp_aVL_iqr,0.0424999999999999,0.022332411470892294,0.020167588529107605,False
P3_highlow_1_40__csv_name__matlab1,Q_Amp_aVL_count,12.0,12,0.0,True
P3_highlow_1_40__csv_name__matlab1,Q_Amp_aVR,0.145,0.13526560802626475,0.00973439197373524,False
P3_highlow_1_40__csv_name__matlab1,Q_Amp_aVR_iqr,0.0325,0.010057601221825169,0.022442398778174832,False
P3_highlow_1_40__csv_name__matlab1,Q_Amp_aVR_count,12.0,12,0.0,True
P3_highlow_1_40__csv_name__matlab1,R_Amp_I,1.6,1.5556348996786338,0.04436510032136631,False
P3_highlow_1_40__csv_name__matlab1,R_Amp_I_iqr,0.1224999999999998,0.10699420529613657,0.015505794703863235,False
P3_highlow_1_40__csv_name__matlab1,R_Amp_I_count,12.0,12,0.0,True
P3_highlow_1_40__csv_name__matlab1,R_Amp_II,0.975,0.98469868971734,0.009698689717340003,False
P3_highlow_1_40__csv_name__matlab1,R_Amp_II_iqr,0.045,0.033432298951599826,0.011567701048400172,False
P3_highlow_1_40__csv_name__matlab1,R_Amp_II_count,12.0,12,0.0,True
P3_highlow_1_40__csv_name__matlab1,R_Amp_III,-0.71,-0.6648254751239311,0.04517452487606888,False
P3_highlow_1_40__csv_name__matlab1,R_Amp_III_iqr,0.14,0.12487923716451577,0.015120762835484247,False
P3_highlow_1_40__csv_name__matlab1,R_Amp_III_count,12.0,12,0.0,True
P3_highlow_1_40__csv_name__matlab1,R_Amp_V1,-0.955,-0.9127312375203316,0.042268762479668376,False
P3_highlow_1_40__csv_name__matlab1,R_Amp_V1_iqr,0.1149999999999999,0.15379810313351872,0.03879810313351882,False
P3_highlow_1_40__csv_name__matlab1,R_Amp_V1_count,12.0,12,0.0,True
P3_highlow_1_40__csv_name__matlab1,R_Amp_V2,0.885,1.0209248382901241,0.13592483829012414,False
P3_highlow_1_40__csv_name__matlab1,R_Amp_V2_iqr,0.075,0.05129430473052654,0.023705695269473456,False
P3_highlow_1_40__csv_name__matlab1,R_Amp_V2_count,12.0,12,0.0,True
P3_highlow_1_40__csv_name__matlab1,R_Amp_V3,1.68,1.7079235356567901,0.027923535656790177,False
P3_highlow_1_40__csv_name__matlab1,R_Amp_V3_iqr,0.0949999999999999,0.08064467506502782,0.014355324934972089,False
P3_highlow_1_40__csv_name__matlab1,R_Amp_V3_count,12.0,12,0.0,True
P3_highlow_1_40__csv_name__matlab1,R_Amp_V4,1.835,1.808882777587362,0.02611722241263803,False
P3_highlow_1_40__csv_name__matlab1,R_Amp_V4_iqr,0.1624999999999998,0.12414920862102763,0.03835079137897218,False
P3_highlow_1_40__csv_name__matlab1,R_Amp_V4_count,12.0,12,0.0,True
P3_highlow_1_40__csv_name__matlab1,R_Amp_V5,1.6,1.5348746446406063,0.06512535535939379,False
P3_highlow_1_40__csv_name__matlab1,R_Amp_V5_iqr,0.0749999999999997,0.08305263890056036,0.008052638900560655,False
P3_highlow_1_40__csv_name__matlab1,R_Amp_V5_count,12.0,12,0.0,True
P3_highlow_1_40__csv_name__matlab1,R_Amp_V6,1.17,1.1708004106075176,0.0008004106075176765,False
P3_highlow_1_40__csv_name__matlab1,R_Amp_V6_iqr,0.0524999999999999,0.0520477625898661,0.0004522374101338031,False
P3_highlow_1_40__csv_name__matlab1,R_Amp_V6_count,12.0,12,0.0,True
P3_highlow_1_40__csv_name__matlab1,R_Amp_aVF,0.255,0.18820394079881866,0.06679605920118134,False
P3_highlow_1_40__csv_name__matlab1,R_Amp_aVF_iqr,0.09,0.1159950023824699,0.025995002382469906,False
P3_highlow_1_40__csv_name__matlab1,R_Amp_aVF_count,12.0,12,0.0,True
P3_highlow_1_40__csv_name__matlab1,R_Amp_aVL,1.15,1.1033600196771647,0.04663998032283523,False
P3_highlow_1_40__csv_name__matlab1,R_Amp_aVL_iqr,0.1549999999999998,0.11801753630666956,0.03698246369333025,False
P3_highlow_1_40__csv_name__matlab1,R_Amp_aVL_count,12.0,12,0.0,True
P3_highlow_1_40__csv_name__matlab1,R_Amp_aVR,-1.3,-1.2312010643325952,0.0687989356674048,False
P3_highlow_1_40__csv_name__matlab1,R_Amp_aVR_iqr,0.09,0.03568585861022777,0.054314141389772225,False
P3_highlow_1_40__csv_name__matlab1,R_Amp_aVR_count,12.0,12,0.0,True
P3_highlow_1_40__csv_name__matlab1,S_Amp_I,-0.12,-0.09668557876173205,0.02331442123826795,False
P3_highlow_1_40__csv_name__matlab1,S_Amp_I_iqr,0.0525,0.025938325959846242,0.026561674040153756,False
P3_highlow_1_40__csv_name__matlab1,S_Amp_I_count,12.0,12,0.0,True
P3_highlow_1_40__csv_name__matlab1,S_Amp_II,-0.0849999999999999,-0.00847184797562167,0.07652815202437822,False
P3_highlow_1_40__csv_name__matlab1,S_Amp_II_iqr,0.0375,0.006458516970325735,0.031041483029674265,False
P3_highlow_1_40__csv_name__matlab1,S_Amp_II_count,12.0,12,0.0,True
P3_highlow_1_40__csv_name__matlab1,S_Amp_III,-0.02,0.002784251308821796,0.022784251308821796,False
P3_highlow_1_40__csv_name__matlab1,S_Amp_III_iqr,0.09,0.052629280999130515,0.03737071900086948,False
P3_highlow_1_40__csv_name__matlab1,S_Amp_III_count,12.0,12,0.0,True
P3_highlow_1_40__csv_name__matlab1,S_Amp_V1,0.02,0.03131032316679256,0.01131032316679256,False
P3_highlow_1_40__csv_name__matlab1,S_Amp_V1_iqr,0.025,0.012068772397775693,0.012931227602224309,False
P3_highlow_1_40__csv_name__matlab1,S_Amp_V1_count,12.0,12,0.0,True
P3_highlow_1_40__csv_name__matlab1,S_Amp_V2,-0.735,-0.7217637470328047,0.013236252967195328,False
P3_highlow_1_40__csv_name__matlab1,S_Amp_V2_iqr,0.05,0.027909950015758245,0.022090049984241758,False
P3_highlow_1_40__csv_name__matlab1,S_Amp_V2_count,12.0,12,0.0,True
P3_highlow_1_40__csv_name__matlab1,S_Amp_V3,-0.325,-0.41220365227678724,0.08720365227678722,False
P3_highlow_1_40__csv_name__matlab1,S_Amp_V3_iqr,0.0575,0.016975759699131898,0.040524240300868104,False
P3_highlow_1_40__csv_name__matlab1,S_Amp_V3_count,12.0,12,0.0,True
P3_highlow_1_40__csv_name__matlab1,S_Amp_V4,-0.13,-0.18015103499839016,0.05015103499839016,False
P3_highlow_1_40__csv_name__matlab1,S_Amp_V4_iqr,0.03,0.0184101488971517,0.011589851102848298,False
P3_highlow_1_40__csv_name__matlab1,S_Amp_V4_count,12.0,12,0.0,True
P3_highlow_1_40__csv_name__matlab1,S_Amp_V5,-0.065,-0.037207029098585254,0.02779297090141475,False
P3_highlow_1_40__csv_name__matlab1,S_Amp_V5_iqr,0.04,0.007719835018623396,0.032280164981376605,False
P3_highlow_1_40__csv_name__matlab1,S_Amp_V5_count,12.0,12,0.0,True
P3_highlow_1_40__csv_name__matlab1,S_Amp_V6,-0.09,0.022582448226760907,0.1125824482267609,False
P3_highlow_1_40__csv_name__matlab1,S_Amp_V6_iqr,0.0625,0.02698026485224212,0.03551973514775788,False
P3_highlow_1_40__csv_name__matlab1,S_Amp_V6_count,12.0,12,0.0,True
P3_highlow_1_40__csv_name__matlab1,S_Amp_aVF,-0.065,-0.08823424502486385,0.023234245024863848,False
P3_highlow_1_40__csv_name__matlab1,S_Amp_aVF_iqr,0.0275,0.010536967398939195,0.016963032601060805,False
P3_highlow_1_40__csv_name__matlab1,S_Amp_aVF_count,12.0,12,0.0,True
P3_highlow_1_40__csv_name__matlab1,S_Amp_aVL,-0.07,-0.061012846645286875,0.008987153354713132,False
P3_highlow_1_40__csv_name__matlab1,S_Amp_aVL_iqr,0.0699999999999999,0.048327034912878486,0.02167296508712141,False
P3_highlow_1_40__csv_name__matlab1,S_Amp_aVL_count,12.0,12,0.0,True
P3_highlow_1_40__csv_name__matlab1,S_Amp_aVR,0.07,0.04597154029333692,0.024028459706663084,False
P3_highlow_1_40__csv_name__matlab1,S_Amp_aVR_iqr,0.035,0.05457701551984676,0.01957701551984676,False
P3_highlow_1_40__csv_name__matlab1,S_Amp_aVR_count,12.0,12,0.0,True
P3_highlow_1_40__csv_name__matlab1,T_Amp_I,0.065,0.12263561288259894,0.05763561288259894,False
P3_highlow_1_40__csv_name__matlab1,T_Amp_I_iqr,0.03,0.012622808034856978,0.01737719196514302,False
P3_highlow_1_40__csv_name__matlab1,T_Amp_I_count,12.0,12,0.0,True
P3_highlow_1_40__csv_name__matlab1,T_Amp_II,-0.1,-0.001930968496585991,0.09806903150341402,False
P3_highlow_1_40__csv_name__matlab1,T_Amp_II_iqr,0.025,0.015772723656417867,0.009227276343582134,False
P3_highlow_1_40__csv_name__matlab1,T_Amp_II_count,12.0,12,0.0,True
P3_highlow_1_40__csv_name__matlab1,T_Amp_III,-0.15,-0.16910769322434166,0.019107693224341665,False
P3_highlow_1_40__csv_name__matlab1,T_Amp_III_iqr,0.055,0.0147031572662914,0.0402968427337086,False
P3_highlow_1_40__csv_name__matlab1,T_Amp_III_count,12.0,12,0.0,True
P3_highlow_1_40__csv_name__matlab1,T_Amp_V1,0.11,0.0946256470195409,0.015374352980459097,False
P3_highlow_1_40__csv_name__matlab1,T_Amp_V1_iqr,0.0249999999999999,0.011793943382290256,0.013206056617709645,False
P3_highlow_1_40__csv_name__matlab1,T_Amp_V1_count,12.0,12,0.0,True
P3_highlow_1_40__csv_name__matlab1,T_Amp_V2,0.29,0.3209872598871212,0.0309872598871212,False
P3_highlow_1_40__csv_name__matlab1,T_Amp_V2_iqr,0.0399999999999999,0.020516210142797642,0.019483789857202255,False
P3_highlow_1_40__csv_name__matlab1,T_Amp_V2_count,12.0,12,0.0,True
P3_highlow_1_40__csv_name__matlab1,T_Amp_V3,0.17,0.2185954539083445,0.048595453908344494,False
P3_highlow_1_40__csv_name__matlab1,T_Amp_V3_iqr,0.0375,0.010243006579839592,0.027256993420160407,False
P3_highlow_1_40__csv_name__matlab1,T_Amp_V3_count,12.0,12,0.0,True
P3_highlow_1_40__csv_name__matlab1,T_Amp_V4,0.055,0.0983470352837546,0.0433470352837546,False
P3_highlow_1_40__csv_name__matlab1,T_Amp_V4_iqr,0.035,0.010926863614174692,0.02407313638582531,False
P3_highlow_1_40__csv_name__matlab1,T_Amp_V4_count,12.0,12,0.0,True
P3_highlow_1_40__csv_name__matlab1,T_Amp_V5,-0.115,-0.059879623047083955,0.05512037695291605,False
P3_highlow_1_40__csv_name__matlab1,T_Amp_V5_iqr,0.0475,0.008975126540463646,0.038524873459536355,False
P3_highlow_1_40__csv_name__matlab1,T_Amp_V5_count,12.0,12,0.0,True
P3_highlow_1_40__csv_name__matlab1,T_Amp_V6,-0.11,0.00603365635401195,0.11603365635401194,False
P3_highlow_1_40__csv_name__matlab1,T_Amp_V6_iqr,0.0575,0.014182020627494267,0.043317979372505734,False
P3_highlow_1_40__csv_name__matlab1,T_Amp_V6_count,12.0,12,0.0,True
P3_highlow_1_40__csv_name__matlab1,T_Amp_aVF,-0.1149999999999999,-0.12180351889331081,0.00680351889331092,False
P3_highlow_1_40__csv_name__matlab1,T_Amp_aVF_iqr,0.0425,0.009295528070348502,0.0332044719296515,False
P3_highlow_1_40__csv_name__matlab1,T_Amp_aVF_count,12.0,12,0.0,True
P3_highlow_1_40__csv_name__matlab1,T_Amp_aVL,0.1,0.1385097222714275,0.03850972227142749,False
P3_highlow_1_40__csv_name__matlab1,T_Amp_aVL_iqr,0.0424999999999999,0.011468817291642175,0.031031182708357724,False
P3_highlow_1_40__csv_name__matlab1,T_Amp_aVL_count,12.0,12,0.0,True
P3_highlow_1_40__csv_name__matlab1,T_Amp_aVR,-0.015,-0.0578795352574709,0.0428795352574709,False
P3_highlow_1_40__csv_name__matlab1,T_Amp_aVR_iqr,0.0225,0.009800020082183593,0.012699979917816406,False
P3_highlow_1_40__csv_name__matlab1,T_Amp_aVR_count,12.0,12,0.0,True
P3_highlow_1_40__file_name__wfdb0,P_Amp_I,0.075,0.10461821104607652,0.029618211046076523,False
P3_highlow_1_40__file_name__wfdb0,P_Amp_I_iqr,0.0325,0.010452178415462435,0.022047821584537566,False
P3_highlow_1_40__file_name__wfdb0,P_Amp_I_count,12.0,12,0.0,True
P3_highlow_1_40__file_name__wfdb0,P_Amp_II,0.125,0.1715746273845199,0.046574627384519895,False
P3_highlow_1_40__file_name__wfdb0,P_Amp_II_iqr,0.0325,0.010855616724290862,0.02164438327570914,False
P3_highlow_1_40__file_name__wfdb0,P_Amp_II_count,12.0,12,0.0,True
P3_highlow_1_40__file_name__wfdb0,P_Amp_III,0.075,0.04230952002833627,0.03269047997166373,False
P3_highlow_1_40__file_name__wfdb0,P_Amp_III_iqr,0.0249999999999999,0.03549801208882422,0.01049801208882432,False
P3_highlow_1_40__file_name__wfdb0,P_Amp_III_count,12.0,12,0.0,True
P3_highlow_1_40__file_name__wfdb0,P_Amp_V1,-0.04,-0.017449857146254855,0.022550142853745146,False
P3_highlow_1_40__file_name__wfdb0,P_Amp_V1_iqr,0.0025,0.013377692654452758,0.010877692654452757,False
P3_highlow_1_40__file_name__wfdb0,P_Amp_V1_count,12.0,12,0.0,True
P3_highlow_1_40__file_name__wfdb0,P_Amp_V2,-0.04,0.023990375327305448,0.06399037532730545,False
P3_highlow_1_40__file_name__wfdb0,P_Amp_V2_iqr,0.01,0.017236195526438295,0.007236195526438295,False
P3_highlow_1_40__file_name__wfdb0,P_Amp_V2_count,12.0,12,0.0,True
P3_highlow_1_40__file_name__wfdb0,P_Amp_V3,-0.04,0.018959146129166767,0.058959146129166765,False
P3_highlow_1_40__file_name__wfdb0,P_Amp_V3_iqr,0.035,0.025176853098508693,0.00982314690149131,False
P3_highlow_1_40__file_name__wfdb0,P_Amp_V3_count,12.0,12,0.0,True
P3_highlow_1_40__file_name__wfdb0,P_Amp_V4,0.025,0.04051850029285868,0.01551850029285868,False
P3_highlow_1_40__file_name__wfdb0,P_Amp_V4_iqr,0.0275,0.015883514480595287,0.011616485519404713,False
P3_highlow_1_40__file_name__wfdb0,P_Amp_V4_count,12.0,12,0.0,True
P3_highlow_1_40__file_name__wfdb0,P_Amp_V5,0.03,0.04233527894873312,0.012335278948733118,False
P3_highlow_1_40__file_name__wfdb0,P_Amp_V5_iqr,0.0375,0.011820839538354097,0.0256791604616459,False
P3_highlow_1_40__file_name__wfdb0,P_Amp_V5_count,12.0,12,0.0,True
P3_highlow_1_40__file_name__wfdb0,P_Amp_V6,0.04,0.1131723021037333,0.0731723021037333,False
P3_highlow_1_40__file_name__wfdb0,P_Amp_V6_iqr,0.05,0.014256302018928302,0.0357436979810717,False
P3_highlow_1_40__file_name__wfdb0,P_Amp_V6_count,12.0,12,0.0,True
P3_highlow_1_40__file_name__wfdb0,P_Amp_aVF,0.09,0.016663210485067873,0.07333678951493212,False
P3_highlow_1_40__file_name__wfdb0,P_Amp_aVF_iqr,0.0325,0.03218040860286936,0.0003195913971306419,False
P3_highlow_1_40__file_name__wfdb0,P_Amp_aVF_count,12.0,12,0.0,True
P3_highlow_1_40__file_name__wfdb0,P_Amp_aVL,0.02,0.029434356338175875,0.009434356338175874,False
P3_highlow_1_40__file_name__wfdb0,P_Amp_aVL_iqr,0.045,0.020412385325074087,0.02458761467492591,False
P3_highlow_1_40__file_name__wfdb0,P_Amp_aVL_count,12.0,12,0.0,True
P3_highlow_1_40__file_name__wfdb0,P_Amp_aVR,-0.095,-0.10164983696943355,0.0066498369694335535,False
P3_highlow_1_40__file_name__wfdb0,P_Amp_aVR_iqr,0.02,0.0137077664782706,0.0062922335217294005,False
P3_highlow_1_40__file_name__wfdb0,P_Amp_aVR_count,12.0,12,0.0,True
P3_highlow_1_40__file_name__wfdb0,Q_Amp_I,-0.14,-0.1283035231221492,0.011696476877850803,False
P3_highlow_1_40__file_name__wfdb0,Q_Amp_I_iqr,0.0425,0.026399156582991606,0.016100843417008397,False
P3_highlow_1_40__file_name__wfdb0,Q_Amp_I_count,12.0,12,0.0,True
P3_highlow_1_40__file_name__wfdb0,Q_Amp_II,-0.14,-0.09246601703398435,0.04753398296601566,False
P3_highlow_1_40__file_name__wfdb0,Q_Amp_II_iqr,0.0325,0.007190762774912984,0.025309237225087017,False
P3_highlow_1_40__file_name__wfdb0,Q_Amp_II_count,12.0,12,0.0,True
P3_highlow_1_40__file_name__wfdb0,Q_Amp_III,0.06,0.026250884900599035,0.03374911509940096,False
P3_highlow_1_40__file_name__wfdb0,Q_Amp_III_iqr,0.035,0.00996340520903767,0.025036594790962333,False
P3_highlow_1_40__file_name__wfdb0,Q_Amp_III_count,12.0,12,0.0,True
P3_highlow_1_40__file_name__wfdb0,Q_Amp_V1,0.2,0.23699669112494665,0.036996691124946635,False
P3_highlow_1_40__file_name__wfdb0,Q_Amp_V1_iqr,0.0399999999999999,0.031837379990234754,0.008162620009765142,False
P3_highlow_1_40__file_name__wfdb0,Q_Amp_V1_count,12.0,12,0.0,True
P3_highlow_1_40__file_name__wfdb0,Q_Amp_V2,-0.0849999999999999,-0.016310248150307616,0.06868975184969228,False
P3_highlow_1_40__file_name__wfdb0,Q_Amp_V2_iqr,0.0224999999999999,0.010190536571652229,0.01230946342834767,False
P3_highlow_1_40__file_name__wfdb0,Q_Amp_V2_count,12.0,12,0.0,True
P3_highlow_1_40__file_name__wfdb0,Q_Amp_V3,-0.045,-0.012686823139410528,0.032313176860589474,False
P3_highlow_1_40__file_name__wfdb0,Q_Amp_V3_iqr,0.0325,0.012125103169222398,0.020374896830777603,False
P3_highlow_1_40__file_name__wfdb0,Q_Amp_V3_count,12.0,12,0.0,True
P3_highlow_1_40__file_name__wfdb0,Q_Amp_V4,-0.1,-0.09427760686595299,0.005722393134047016,False
P3_highlow_1_40__file_name__wfdb0,Q_Amp_V4_iqr,0.0125,0.012647941439873703,0.0001479414398737021,False
P3_highlow_1_40__file_name__wfdb0,Q_Amp_V4_count,12.0,12,0.0,True
P3_highlow_1_40__file_name__wfdb0,Q_Amp_V5,-0.17,-0.17062809047607924,0.0006280904760792294,False
P3_highlow_1_40__file_name__wfdb0,Q_Amp_V5_iqr,0.0375,0.00757855146609096,0.02992144853390904,False
P3_highlow_1_40__file_name__wfdb0,Q_Amp_V5_count,12.0,12,0.0,True
P3_highlow_1_40__file_name__wfdb0,Q_Amp_V6,-0.155,-0.0902051557882539,0.0647948442117461,False
P3_highlow_1_40__file_name__wfdb0,Q_Amp_V6_iqr,0.0499999999999999,0.008249456495872318,0.04175054350412758,False
P3_highlow_1_40__file_name__wfdb0,Q_Amp_V6_count,12.0,12,0.0,True
P3_highlow_1_40__file_name__wfdb0,Q_Amp_aVF,-0.105,0.07712066937008044,0.18212066937008042,False
P3_highlow_1_40__file_name__wfdb0,Q_Amp_aVF_iqr,0.0375,0.03623870575251917,0.0012612942474808306,False
P3_highlow_1_40__file_name__wfdb0,Q_Amp_aVF_count,12.0,12,0.0,True
P3_highlow_1_40__file_name__wfdb0,Q_Amp_aVL,-0.075,-0.08212477736379363,0.007124777363793633,False
P3_highlow_1_40__file_name__wfdb0,Q_Amp_aVL_iqr,0.0424999999999999,0.017211514234441727,0.025288485765558172,False
P3_highlow_1_40__file_name__wfdb0,Q_Amp_aVL_count,12.0,12,0.0,True
P3_highlow_1_40__file_name__wfdb0,Q_Amp_aVR,0.145,0.13796708946213143,0.007032910537868559,False
P3_highlow_1_40__file_name__wfdb0,Q_Amp_aVR_iqr,0.0325,0.007057276728711426,0.025442723271288575,False
P3_highlow_1_40__file_name__wfdb0,Q_Amp_aVR_count,12.0,12,0.0,True
P3_highlow_1_40__file_name__wfdb0,R_Amp_I,1.6,1.54389216778637,0.05610783221363014,False
P3_highlow_1_40__file_name__wfdb0,R_Amp_I_iqr,0.1224999999999998,0.10337389033039068,0.01912610966960912,False
P3_highlow_1_40__file_name__wfdb0,R_Amp_I_count,12.0,12,0.0,True
P3_highlow_1_40__file_name__wfdb0,R_Amp_II,0.975,0.9705853614158189,0.004414638584181119,False
P3_highlow_1_40__file_name__wfdb0,R_Amp_II_iqr,0.045,0.0351186967319278,0.009881303268072197,False
P3_highlow_1_40__file_name__wfdb0,R_Amp_II_count,12.0,12,0.0,True
P3_highlow_1_40__file_name__wfdb0,R_Amp_III,-0.71,-0.6549572847885581,0.055042715211441884,False
P3_highlow_1_40__file_name__wfdb0,R_Amp_III_iqr,0.14,0.09500404405227547,0.04499595594772454,False
P3_highlow_1_40__file_name__wfdb0,R_Amp_III_count,12.0,12,0.0,True
P3_highlow_1_40__file_name__wfdb0,R_Amp_V1,-0.955,-0.9025212315888254,0.0524787684111746,False
P3_highlow_1_40__file_name__wfdb0,R_Amp_V1_iqr,0.1149999999999999,0.14680717166300405,0.03180717166300416,False
P3_highlow_1_40__file_name__wfdb0,R_Amp_V1_count,12.0,12,0.0,True
P3_highlow_1_40__file_name__wfdb0,R_Amp_V2,0.885,1.0393772301588398,0.15437723015883975,False
P3_highlow_1_40__file_name__wfdb0,R_Amp_V2_iqr,0.075,0.044241597591130555,0.030758402408869442,False
P3_highlow_1_40__file_name__wfdb0,R_Amp_V2_count,12.0,12,0.0,True
P3_highlow_1_40__file_name__wfdb0,R_Amp_V3,1.68,1.7054634855290864,0.025463485529086505,False
P3_highlow_1_40__file_name__wfdb0,R_Amp_V3_iqr,0.0949999999999999,0.09221878364747549,0.0027812163525244155,False
P3_highlow_1_40__file_name__wfdb0,R_Amp_V3_count,12.0,12,0.0,True
P3_highlow_1_40__file_name__wfdb0,R_Amp_V4,1.835,1.8068064076189203,0.028193592381079657,False
P3_highlow_1_40__file_name__wfdb0,R_Amp_V4_iqr,0.1624999999999998,0.1250787048985864,0.0374212951014134,False
P3_highlow_1_40__file_name__wfdb0,R_Amp_V4_count,12.0,12,0.0,True
P3_highlow_1_40__file_name__wfdb0,R_Amp_V5,1.6,1.507292753752413,0.09270724624758708,False
P3_highlow_1_40__file_name__wfdb0,R_Amp_V5_iqr,0.0749999999999997,0.09288707893259618,0.017887078932596473,False
P3_highlow_1_40__file_name__wfdb0,R_Amp_V5_count,12.0,12,0.0,True
P3_highlow_1_40__file_name__wfdb0,R_Amp_V6,1.17,1.15369926883191,0.016300731168089833,False
P3_highlow_1_40__file_name__wfdb0,R_Amp_V6_iqr,0.0524999999999999,0.03986698423090895,0.012633015769090948,False
P3_highlow_1_40__file_name__wfdb0,R_Amp_V6_count,12.0,12,0.0,True
P3_highlow_1_40__file_name__wfdb0,R_Amp_aVF,0.255,0.6510129191134001,0.3960129191134001,False
P3_highlow_1_40__file_name__wfdb0,R_Amp_aVF_iqr,0.09,0.1457573958114382,0.05575739581143821,False
P3_highlow_1_40__file_name__wfdb0,R_Amp_aVF_count,12.0,12,0.0,True
P3_highlow_1_40__file_name__wfdb0,R_Amp_aVL,1.15,0.14426940296181273,1.0057305970381871,False
P3_highlow_1_40__file_name__wfdb0,R_Amp_aVL_iqr,0.1549999999999998,0.07146074801195156,0.08353925198804825,False
P3_highlow_1_40__file_name__wfdb0,R_Amp_aVL_count,12.0,12,0.0,True
P3_highlow_1_40__file_name__wfdb0,R_Amp_aVR,-1.3,-1.2076543656414294,0.09234563435857068,False
P3_highlow_1_40__file_name__wfdb0,R_Amp_aVR_iqr,0.09,0.021751295100161272,0.06824870489983872,False
P3_highlow_1_40__file_name__wfdb0,R_Amp_aVR_count,12.0,12,0.0,True
P3_highlow_1_40__file_name__wfdb0,S_Amp_I,-0.12,-0.09555795501486711,0.024442044985132888,False
P3_highlow_1_40__file_name__wfdb0,S_Amp_I_iqr,0.0525,0.02398248608331484,0.02851751391668516,False
P3_highlow_1_40__file_name__wfdb0,S_Amp_I_count,12.0,12,0.0,True
P3_highlow_1_40__file_name__wfdb0,S_Amp_II,-0.0849999999999999,-0.007958933477934586,0.07704106652206531,False
P3_highlow_1_40__file_name__wfdb0,S_Amp_II_iqr,0.0375,0.006111085103118318,0.031388914896881684,False
P3_highlow_1_40__file_name__wfdb0,S_Amp_II_count,12.0,12,0.0,True
P3_highlow_1_40__file_name__wfdb0,S_Amp_III,-0.02,-0.02308368829060856,0.003083688290608559,False
P3_highlow_1_40__file_name__wfdb0,S_Amp_III_iqr,0.09,0.07667875836054833,0.01332124163945167,False
P3_highlow_1_40__file_name__wfdb0,S_Amp_III_count,12.0,12,0.0,True
P3_highlow_1_40__file_name__wfdb0,S_Amp_V1,0.02,0.03328179289815584,0.013281792898155838,False
P3_highlow_1_40__file_name__wfdb0,S_Amp_V1_iqr,0.025,0.01058831385785873,0.014411686142141271,False
P3_highlow_1_40__file_name__wfdb0,S_Amp_V1_count,12.0,12,0.0,True
P3_highlow_1_40__file_name__wfdb0,S_Amp_V2,-0.735,-0.6267461147477931,0.10825388525220692,False
P3_highlow_1_40__file_name__wfdb0,S_Amp_V2_iqr,0.05,0.0436483322020329,0.0063516677979671005,False
P3_highlow_1_40__file_name__wfdb0,S_Amp_V2_count,12.0,12,0.0,True
P3_highlow_1_40__file_name__wfdb0,S_Amp_V3,-0.325,-0.3389249486404,0.013924948640400003,False
P3_highlow_1_40__file_name__wfdb0,S_Amp_V3_iqr,0.0575,0.019717443329257456,0.03778255667074255,False
P3_highlow_1_40__file_name__wfdb0,S_Amp_V3_count,12.0,12,0.0,True
P3_highlow_1_40__file_name__wfdb0,S_Amp_V4,-0.13,-0.14296233695302527,0.01296233695302526,False
P3_highlow_1_40__file_name__wfdb0,S_Amp_V4_iqr,0.03,0.015590730409823672,0.014409269590176327,False
P3_highlow_1_40__file_name__wfdb0,S_Amp_V4_count,12.0,12,0.0,True
P3_highlow_1_40__file_name__wfdb0,S_Amp_V5,-0.065,-0.04249776020903126,0.022502239790968742,False
P3_highlow_1_40__file_name__wfdb0,S_Amp_V5_iqr,0.04,0.00661282757040603,0.03338717242959397,False
P3_highlow_1_40__file_name__wfdb0,S_Amp_V5_count,12.0,12,0.0,True
P3_highlow_1_40__file_name__wfdb0,S_Amp_V6,-0.09,0.01909463793116074,0.10909463793116074,False
P3_highlow_1_40__file_name__wfdb0,S_Amp_V6_iqr,0.0625,0.02803333692181268,0.03446666307818732,False
P3_highlow_1_40__file_name__wfdb0,S_Amp_V6_count,12.0,12,0.0,True
P3_highlow_1_40__file_name__wfdb0,S_Amp_aVF,-0.065,0.04123586851544443,0.10623586851544443,False
P3_highlow_1_40__file_name__wfdb0,S_Amp_aVF_iqr,0.0275,0.022016508381517988,0.005483491618482012,False
P3_highlow_1_40__file_name__wfdb0,S_Amp_aVF_count,12.0,12,0.0,True
P3_highlow_1_40__file_name__wfdb0,S_Amp_aVL,-0.07,-0.03427546346496556,0.03572453653503445,False
P3_highlow_1_40__file_name__wfdb0,S_Amp_aVL_iqr,0.0699999999999999,0.03063739530110641,0.03936260469889349,False
P3_highlow_1_40__file_name__wfdb0,S_Amp_aVL_count,12.0,12,0.0,True
P3_highlow_1_40__file_name__wfdb0,S_Amp_aVR,0.07,0.0531591533512171,0.01684084664878291,False
P3_highlow_1_40__file_name__wfdb0,S_Amp_aVR_iqr,0.035,0.049411719765393436,0.014411719765393433,False
P3_highlow_1_40__file_name__wfdb0,S_Amp_aVR_count,12.0,12,0.0,True
P3_highlow_1_40__file_name__wfdb0,T_Amp_I,0.065,0.12382941932312183,0.05882941932312183,False
P3_highlow_1_40__file_name__wfdb0,T_Amp_I_iqr,0.03,0.012167149764935062,0.017832850235064937,False
P3_highlow_1_40__file_name__wfdb0,T_Amp_I_count,12.0,12,0.0,True
P3_highlow_1_40__file_name__wfdb0,T_Amp_II,-0.1,-0.0008456207743231647,0.09915437922567684,False
P3_highlow_1_40__file_name__wfdb0,T_Amp_II_iqr,0.025,0.016544229457373275,0.008455770542626726,False
P3_highlow_1_40__file_name__wfdb0,T_Amp_II_count,12.0,12,0.0,True
P3_highlow_1_40__file_name__wfdb0,T_Amp_III,-0.15,-0.16770415185074353,0.017704151850743532,False
P3_highlow_1_40__file_name__wfdb0,T_Amp_III_iqr,0.055,0.015902138330272847,0.03909786166972715,False
P3_highlow_1_40__file_name__wfdb0,T_Amp_III_count,12.0,12,0.0,True
P3_highlow_1_40__file_name__wfdb0,T_Amp_V1,0.11,0.09274974710977785,0.017250252890222154,False
P3_highlow_1_40__file_name__wfdb0,T_Amp_V1_iqr,0.0249999999999999,0.012275956883788408,0.012724043116211493,False
P3_highlow_1_40__file_name__wfdb0,T_Amp_V1_count,12.0,12,0.0,True
P3_highlow_1_40__file_name__wfdb0,T_Amp_V2,0.29,0.3186773848195611,0.028677384819561114,False
P3_highlow_1_40__file_name__wfdb0,T_Amp_V2_iqr,0.0399999999999999,0.019617277911900877,0.02038272208809902,False
P3_highlow_1_40__file_name__wfdb0,T_Amp_V2_count,12.0,12,0.0,True
P3_highlow_1_40__file_name__wfdb0,T_Amp_V3,0.17,0.2179068788253012,0.047906878825301175,False
P3_highlow_1_40__file_name__wfdb0,T_Amp_V3_iqr,0.0375,0.010133700877146656,0.027366299122853342,False
P3_highlow_1_40__file_name__wfdb0,T_Amp_V3_count,12.0,12,0.0,True
P3_highlow_1_40__file_name__wfdb0,T_Amp_V4,0.055,0.0975751850557275,0.0425751850557275,False
P3_highlow_1_40__file_name__wfdb0,T_Amp_V4_iqr,0.035,0.010417509598250524,0.02458249040174948,False
P3_highlow_1_40__file_name__wfdb0,T_Amp_V4_count,12.0,12,0.0,True
P3_highlow_1_40__file_name__wfdb0,T_Amp_V5,-0.115,-0.0590885704524704,0.055911429547529604,False
P3_highlow_1_40__file_name__wfdb0,T_Amp_V5_iqr,0.0475,0.00989623198308888,0.03760376801691112,False
P3_highlow_1_40__file_name__wfdb0,T_Amp_V5_count,12.0,12,0.0,True
P3_highlow_1_40__file_name__wfdb0,T_Amp_V6,-0.11,0.007328369502345708,0.11732836950234571,False
P3_highlow_1_40__file_name__wfdb0,T_Amp_V6_iqr,0.0575,0.013520004138619911,0.04397999586138009,False
P3_highlow_1_40__file_name__wfdb0,T_Amp_V6_count,12.0,12,0.0,True
P3_highlow_1_40__file_name__wfdb0,T_Amp_aVF,-0.1149999999999999,0.13576130909897033,0.2507613090989702,False
P3_highlow_1_40__file_name__wfdb0,T_Amp_aVF_iqr,0.0425,0.012376572876136943,0.03012342712386306,False
P3_highlow_1_40__file_name__wfdb0,T_Amp_aVF_count,12.0,12,0.0,True
P3_highlow_1_40__file_name__wfdb0,T_Amp_aVL,0.1,-0.1088754599328825,0.2088754599328825,False
P3_highlow_1_40__file_name__wfdb0,T_Amp_aVL_iqr,0.0424999999999999,0.013590367762017386,0.028909632237982513,False
P3_highlow_1_40__file_name__wfdb0,T_Amp_aVL_count,12.0,12,0.0,True
P3_highlow_1_40__file_name__wfdb0,T_Amp_aVR,-0.015,-0.05895497717677854,0.04395497717677854,False
P3_highlow_1_40__file_name__wfdb0,T_Amp_aVR_iqr,0.0225,0.008287668026570903,0.014212331973429096,False
P3_highlow_1_40__file_name__wfdb0,T_Amp_aVR_count,12.0,12,0.0,True
P3_highlow_1_40__file_name__matlab1,P_Amp_I,0.075,0.10304782391157323,0.028047823911573233,False
P3_highlow_1_40__file_name__matlab1,P_Amp_I_iqr,0.0325,0.010758042573704246,0.021741957426295755,False
P3_highlow_1_40__file_name__matlab1,P_Amp_I_count,12.0,12,0.0,True
P3_highlow_1_40__file_name__matlab1,P_Amp_II,0.125,0.17415448970237596,0.04915448970237596,False
P3_highlow_1_40__file_name__matlab1,P_Amp_II_iqr,0.0325,0.009885974556380406,0.022614025443619595,False
P3_highlow_1_40__file_name__matlab1,P_Amp_II_count,12.0,12,0.0,True
P3_highlow_1_40__file_name__matlab1,P_Amp_III,0.075,0.03862378440841374,0.036376215591586256,False
P3_highlow_1_40__file_name__matlab1,P_Amp_III_iqr,0.0249999999999999,0.03354238039099633,0.008542380390996428,False
P3_highlow_1_40__file_name__matlab1,P_Amp_III_count,12.0,12,0.0,True
P3_highlow_1_40__file_name__matlab1,P_Amp_V1,-0.04,-0.018418926929648576,0.021581073070351425,False
P3_highlow_1_40__file_name__matlab1,P_Amp_V1_iqr,0.0025,0.013962660269462298,0.011462660269462297,False
P3_highlow_1_40__file_name__matlab1,P_Amp_V1_count,12.0,12,0.0,True
P3_highlow_1_40__file_name__matlab1,P_Amp_V2,-0.04,0.024409987666654653,0.06440998766665465,False
P3_highlow_1_40__file_name__matlab1,P_Amp_V2_iqr,0.01,0.017671113553251742,0.0076711135532517415,False
P3_highlow_1_40__file_name__matlab1,P_Amp_V2_count,12.0,12,0.0,True
P3_highlow_1_40__file_name__matlab1,P_Amp_V3,-0.04,0.019961109405034233,0.059961109405034234,False
P3_highlow_1_40__file_name__matlab1,P_Amp_V3_iqr,0.035,0.024278189613994767,0.010721810386005236,False
P3_highlow_1_40__file_name__matlab1,P_Amp_V3_count,12.0,12,0.0,True
P3_highlow_1_40__file_name__matlab1,P_Amp_V4,0.025,0.04138984667290996,0.016389846672909957,False
P3_highlow_1_40__file_name__matlab1,P_Amp_V4_iqr,0.0275,0.01662007887326982,0.01087992112673018,False
P3_highlow_1_40__file_name__matlab1,P_Amp_V4_count,12.0,12,0.0,True
P3_highlow_1_40__file_name__matlab1,P_Amp_V5,0.03,0.04397373391558709,0.013973733915587094,False
P3_highlow_1_40__file_name__matlab1,P_Amp_V5_iqr,0.0375,0.010697779979234372,0.026802220020765627,False
P3_highlow_1_40__file_name__matlab1,P_Amp_V5_count,12.0,12,0.0,True
P3_highlow_1_40__file_name__matlab1,P_Amp_V6,0.04,0.11504359197189157,0.07504359197189156,False
P3_highlow_1_40__file_name__matlab1,P_Amp_V6_iqr,0.05,0.01315481907749902,0.036845180922500984,False
P3_highlow_1_40__file_name__matlab1,P_Amp_V6_count,12.0,12,0.0,True
P3_highlow_1_40__file_name__matlab1,P_Amp_aVF,0.09,0.008163376420348986,0.081836623579651,False
P3_highlow_1_40__file_name__matlab1,P_Amp_aVF_iqr,0.0325,0.03391302438536918,0.0014130243853691798,False
P3_highlow_1_40__file_name__matlab1,P_Amp_aVF_count,12.0,12,0.0,True
P3_highlow_1_40__file_name__matlab1,P_Amp_aVL,0.02,0.03444608602347278,0.01444608602347278,False
P3_highlow_1_40__file_name__matlab1,P_Amp_aVL_iqr,0.045,0.01969551545634496,0.02530448454365504,False
P3_highlow_1_40__file_name__matlab1,P_Amp_aVL_count,12.0,12,0.0,True
P3_highlow_1_40__file_name__matlab1,P_Amp_aVR,-0.095,-0.10305003884131239,0.00805003884131239,False
P3_highlow_1_40__file_name__matlab1,P_Amp_aVR_iqr,0.02,0.016005424164093812,0.003994575835906188,False
P3_highlow_1_40__file_name__matlab1,P_Amp_aVR_count,12.0,12,0.0,True
P3_highlow_1_40__file_name__matlab1,Q_Amp_I,-0.14,-0.124891778867843,0.015108221132157013,False
P3_highlow_1_40__file_name__matlab1,Q_Amp_I_iqr,0.0425,0.027633593356949954,0.01486640664305005,False
P3_highlow_1_40__file_name__matlab1,Q_Amp_I_count,12.0,12,0.0,True
P3_highlow_1_40__file_name__matlab1,Q_Amp_II,-0.14,-0.0903678835157467,0.04963211648425331,False
P3_highlow_1_40__file_name__matlab1,Q_Amp_II_iqr,0.0325,0.011021340764812565,0.021478659235187436,False
P3_highlow_1_40__file_name__matlab1,Q_Amp_II_count,12.0,12,0.0,True
P3_highlow_1_40__file_name__matlab1,Q_Amp_III,0.06,0.026763788803735963,0.033236211196264034,False
P3_highlow_1_40__file_name__matlab1,Q_Amp_III_iqr,0.035,0.009417387176078953,0.02558261282392105,False
P3_highlow_1_40__file_name__matlab1,Q_Amp_III_count,12.0,12,0.0,True
P3_highlow_1_40__file_name__matlab1,Q_Amp_V1,0.2,0.23890829084256252,0.038908290842562504,False
P3_highlow_1_40__file_name__matlab1,Q_Amp_V1_iqr,0.0399999999999999,0.033730235124786484,0.006269764875213413,False
P3_highlow_1_40__file_name__matlab1,Q_Amp_V1_count,12.0,12,0.0,True
P3_highlow_1_40__file_name__matlab1,Q_Amp_V2,-0.0849999999999999,-0.01630283845271507,0.06869716154728482,False
P3_highlow_1_40__file_name__matlab1,Q_Amp_V2_iqr,0.0224999999999999,0.009663428099243785,0.012836571900756114,False
P3_highlow_1_40__file_name__matlab1,Q_Amp_V2_count,12.0,12,0.0,True
P3_highlow_1_40__file_name__matlab1,Q_Amp_V3,-0.045,-0.013215202110221265,0.03178479788977873,False
P3_highlow_1_40__file_name__matlab1,Q_Amp_V3_iqr,0.0325,0.015172745562865136,0.017327254437134863,False
P3_highlow_1_40__file_name__matlab1,Q_Amp_V3_count,12.0,12,0.0,True
P3_highlow_1_40__file_name__matlab1,Q_Amp_V4,-0.1,-0.09237032753918709,0.00762967246081292,False
P3_highlow_1_40__file_name__matlab1,Q_Amp_V4_iqr,0.0125,0.012152187544460125,0.0003478124555398761,False
P3_highlow_1_40__file_name__matlab1,Q_Amp_V4_count,12.0,12,0.0,True
P3_highlow_1_40__file_name__matlab1,Q_Amp_V5,-0.17,-0.16526197467862647,0.004738025321373546,False
P3_highlow_1_40__file_name__matlab1,Q_Amp_V5_iqr,0.0375,0.0044864431263405,0.0330135568736595,False
P3_highlow_1_40__file_name__matlab1,Q_Amp_V5_count,12.0,12,0.0,True
P3_highlow_1_40__file_name__matlab1,Q_Amp_V6,-0.155,-0.08644041797430436,0.06855958202569563,False
P3_highlow_1_40__file_name__matlab1,Q_Amp_V6_iqr,0.0499999999999999,0.011256171412487206,0.03874382858751269,False
P3_highlow_1_40__file_name__matlab1,Q_Amp_V6_count,12.0,12,0.0,True
P3_highlow_1_40__file_name__matlab1,Q_Amp_aVF,-0.105,0.023651934210193848,0.12865193421019383,False
P3_highlow_1_40__file_name__matlab1,Q_Amp_aVF_iqr,0.0375,0.03438996735289655,0.003110032647103446,False
P3_highlow_1_40__file_name__matlab1,Q_Amp_aVF_count,12.0,12,0.0,True
P3_highlow_1_40__file_name__matlab1,Q_Amp_aVL,-0.075,-0.06729875735783233,0.007701242642167663,False
P3_highlow_1_40__file_name__matlab1,Q_Amp_aVL_iqr,0.0424999999999999,0.01166891433795738,0.03083108566204252,False
P3_highlow_1_40__file_name__matlab1,Q_Amp_aVL_count,12.0,12,0.0,True
P3_highlow_1_40__file_name__matlab1,Q_Amp_aVR,0.145,0.13526560802626475,0.00973439197373524,False
P3_highlow_1_40__file_name__matlab1,Q_Amp_aVR_iqr,0.0325,0.010057601221825169,0.022442398778174832,False
P3_highlow_1_40__file_name__matlab1,Q_Amp_aVR_count,12.0,12,0.0,True
P3_highlow_1_40__file_name__matlab1,R_Amp_I,1.6,1.5556348996786338,0.04436510032136631,False
P3_highlow_1_40__file_name__matlab1,R_Amp_I_iqr,0.1224999999999998,0.10699420529613657,0.015505794703863235,False
P3_highlow_1_40__file_name__matlab1,R_Amp_I_count,12.0,12,0.0,True
P3_highlow_1_40__file_name__matlab1,R_Amp_II,0.975,0.98469868971734,0.009698689717340003,False
P3_highlow_1_40__file_name__matlab1,R_Amp_II_iqr,0.045,0.033432298951599826,0.011567701048400172,False
P3_highlow_1_40__file_name__matlab1,R_Amp_II_count,12.0,12,0.0,True
P3_highlow_1_40__file_name__matlab1,R_Amp_III,-0.71,-0.6648254751239311,0.04517452487606888,False
P3_highlow_1_40__file_name__matlab1,R_Amp_III_iqr,0.14,0.12487923716451577,0.015120762835484247,False
P3_highlow_1_40__file_name__matlab1,R_Amp_III_count,12.0,12,0.0,True
P3_highlow_1_40__file_name__matlab1,R_Amp_V1,-0.955,-0.9127312375203316,0.042268762479668376,False
P3_highlow_1_40__file_name__matlab1,R_Amp_V1_iqr,0.1149999999999999,0.15379810313351872,0.03879810313351882,False
P3_highlow_1_40__file_name__matlab1,R_Amp_V1_count,12.0,12,0.0,True
P3_highlow_1_40__file_name__matlab1,R_Amp_V2,0.885,1.0209248382901241,0.13592483829012414,False
P3_highlow_1_40__file_name__matlab1,R_Amp_V2_iqr,0.075,0.05129430473052654,0.023705695269473456,False
P3_highlow_1_40__file_name__matlab1,R_Amp_V2_count,12.0,12,0.0,True
P3_highlow_1_40__file_name__matlab1,R_Amp_V3,1.68,1.7079235356567901,0.027923535656790177,False
P3_highlow_1_40__file_name__matlab1,R_Amp_V3_iqr,0.0949999999999999,0.08064467506502782,0.014355324934972089,False
P3_highlow_1_40__file_name__matlab1,R_Amp_V3_count,12.0,12,0.0,True
P3_highlow_1_40__file_name__matlab1,R_Amp_V4,1.835,1.808882777587362,0.02611722241263803,False
P3_highlow_1_40__file_name__matlab1,R_Amp_V4_iqr,0.1624999999999998,0.12414920862102763,0.03835079137897218,False
P3_highlow_1_40__file_name__matlab1,R_Amp_V4_count,12.0,12,0.0,True
P3_highlow_1_40__file_name__matlab1,R_Amp_V5,1.6,1.5348746446406063,0.06512535535939379,False
P3_highlow_1_40__file_name__matlab1,R_Amp_V5_iqr,0.0749999999999997,0.08305263890056036,0.008052638900560655,False
P3_highlow_1_40__file_name__matlab1,R_Amp_V5_count,12.0,12,0.0,True
P3_highlow_1_40__file_name__matlab1,R_Amp_V6,1.17,1.1708004106075176,0.0008004106075176765,False
P3_highlow_1_40__file_name__matlab1,R_Amp_V6_iqr,0.0524999999999999,0.0520477625898661,0.0004522374101338031,False
P3_highlow_1_40__file_name__matlab1,R_Amp_V6_count,12.0,12,0.0,True
P3_highlow_1_40__file_name__matlab1,R_Amp_aVF,0.255,0.7960388424598664,0.5410388424598664,False
P3_highlow_1_40__file_name__matlab1,R_Amp_aVF_iqr,0.09,0.14801079849298016,0.05801079849298016,False
P3_highlow_1_40__file_name__matlab1,R_Amp_aVF_count,12.0,12,0.0,True
P3_highlow_1_40__file_name__matlab1,R_Amp_aVL,1.15,0.11434148236405471,1.0356585176359452,False
P3_highlow_1_40__file_name__matlab1,R_Amp_aVL_iqr,0.1549999999999998,0.0554841691294915,0.0995158308705083,False
P3_highlow_1_40__file_name__matlab1,R_Amp_aVL_count,12.0,12,0.0,True
P3_highlow_1_40__file_name__matlab1,R_Amp_aVR,-1.3,-1.2312010643325952,0.0687989356674048,False
P3_highlow_1_40__file_name__matlab1,R_Amp_aVR_iqr,0.09,0.03568585861022777,0.054314141389772225,False
P3_highlow_1_40__file_name__matlab1,R_Amp_aVR_count,12.0,12,0.0,True
P3_highlow_1_40__file_name__matlab1,S_Amp_I,-0.12,-0.09668557876173205,0.02331442123826795,False
P3_highlow_1_40__file_name__matlab1,S_Amp_I_iqr,0.0525,0.025938325959846242,0.026561674040153756,False
P3_highlow_1_40__file_name__matlab1,S_Amp_I_count,12.0,12,0.0,True
P3_highlow_1_40__file_name__matlab1,S_Amp_II,-0.0849999999999999,-0.00847184797562167,0.07652815202437822,False
P3_highlow_1_40__file_name__matlab1,S_Amp_II_iqr,0.0375,0.006458516970325735,0.031041483029674265,False
P3_highlow_1_40__file_name__matlab1,S_Amp_II_count,12.0,12,0.0,True
P3_highlow_1_40__file_name__matlab1,S_Amp_III,-0.02,0.002784251308821796,0.022784251308821796,False
P3_highlow_1_40__file_name__matlab1,S_Amp_III_iqr,0.09,0.052629280999130515,0.03737071900086948,False
P3_highlow_1_40__file_name__matlab1,S_Amp_III_count,12.0,12,0.0,True
P3_highlow_1_40__file_name__matlab1,S_Amp_V1,0.02,0.03131032316679256,0.01131032316679256,False
P3_highlow_1_40__file_name__matlab1,S_Amp_V1_iqr,0.025,0.012068772397775693,0.012931227602224309,False
P3_highlow_1_40__file_name__matlab1,S_Amp_V1_count,12.0,12,0.0,True
P3_highlow_1_40__file_name__matlab1,S_Amp_V2,-0.735,-0.7217637470328047,0.013236252967195328,False
P3_highlow_1_40__file_name__matlab1,S_Amp_V2_iqr,0.05,0.027909950015758245,0.022090049984241758,False
P3_highlow_1_40__file_name__matlab1,S_Amp_V2_count,12.0,12,0.0,True
P3_highlow_1_40__file_name__matlab1,S_Amp_V3,-0.325,-0.41220365227678724,0.08720365227678722,False
P3_highlow_1_40__file_name__matlab1,S_Amp_V3_iqr,0.0575,0.016975759699131898,0.040524240300868104,False
P3_highlow_1_40__file_name__matlab1,S_Amp_V3_count,12.0,12,0.0,True
P3_highlow_1_40__file_name__matlab1,S_Amp_V4,-0.13,-0.18015103499839016,0.05015103499839016,False
P3_highlow_1_40__file_name__matlab1,S_Amp_V4_iqr,0.03,0.0184101488971517,0.011589851102848298,False
P3_highlow_1_40__file_name__matlab1,S_Amp_V4_count,12.0,12,0.0,True
P3_highlow_1_40__file_name__matlab1,S_Amp_V5,-0.065,-0.037207029098585254,0.02779297090141475,False
P3_highlow_1_40__file_name__matlab1,S_Amp_V5_iqr,0.04,0.007719835018623396,0.032280164981376605,False
P3_highlow_1_40__file_name__matlab1,S_Amp_V5_count,12.0,12,0.0,True
P3_highlow_1_40__file_name__matlab1,S_Amp_V6,-0.09,0.022582448226760907,0.1125824482267609,False
P3_highlow_1_40__file_name__matlab1,S_Amp_V6_iqr,0.0625,0.02698026485224212,0.03551973514775788,False
P3_highlow_1_40__file_name__matlab1,S_Amp_V6_count,12.0,12,0.0,True
P3_highlow_1_40__file_name__matlab1,S_Amp_aVF,-0.065,0.054019377272414376,0.11901937727241438,False
P3_highlow_1_40__file_name__matlab1,S_Amp_aVF_iqr,0.0275,0.022749729280100606,0.0047502707198993945,False
P3_highlow_1_40__file_name__matlab1,S_Amp_aVF_count,12.0,12,0.0,True
P3_highlow_1_40__file_name__matlab1,S_Amp_aVL,-0.07,-0.03447299038741022,0.03552700961258979,False
P3_highlow_1_40__file_name__matlab1,S_Amp_aVL_iqr,0.0699999999999999,0.03215402877756708,0.037845971222432814,False
P3_highlow_1_40__file_name__matlab1,S_Amp_aVL_count,12.0,12,0.0,True
P3_highlow_1_40__file_name__matlab1,S_Amp_aVR,0.07,0.04597154029333692,0.024028459706663084,False
P3_highlow_1_40__file_name__matlab1,S_Amp_aVR_iqr,0.035,0.05457701551984676,0.01957701551984676,False
P3_highlow_1_40__file_name__matlab1,S_Amp_aVR_count,12.0,12,0.0,True
P3_highlow_1_40__file_name__matlab1,T_Amp_I,0.065,0.12263561288259894,0.05763561288259894,False
P3_highlow_1_40__file_name__matlab1,T_Amp_I_iqr,0.03,0.012622808034856978,0.01737719196514302,False
P3_highlow_1_40__file_name__matlab1,T_Amp_I_count,12.0,12,0.0,True
P3_highlow_1_40__file_name__matlab1,T_Amp_II,-0.1,-0.001930968496585991,0.09806903150341402,False
P3_highlow_1_40__file_name__matlab1,T_Amp_II_iqr,0.025,0.015772723656417867,0.009227276343582134,False
P3_highlow_1_40__file_name__matlab1,T_Amp_II_count,12.0,12,0.0,True
P3_highlow_1_40__file_name__matlab1,T_Amp_III,-0.15,-0.16910769322434166,0.019107693224341665,False
P3_highlow_1_40__file_name__matlab1,T_Amp_III_iqr,0.055,0.0147031572662914,0.0402968427337086,False
P3_highlow_1_40__file_name__matlab1,T_Amp_III_count,12.0,12,0.0,True
P3_highlow_1_40__file_name__matlab1,T_Amp_V1,0.11,0.0946256470195409,0.015374352980459097,False
P3_highlow_1_40__file_name__matlab1,T_Amp_V1_iqr,0.0249999999999999,0.011793943382290256,0.013206056617709645,False
P3_highlow_1_40__file_name__matlab1,T_Amp_V1_count,12.0,12,0.0,True
P3_highlow_1_40__file_name__matlab1,T_Amp_V2,0.29,0.3209872598871212,0.0309872598871212,False
P3_highlow_1_40__file_name__matlab1,T_Amp_V2_iqr,0.0399999999999999,0.020516210142797642,0.019483789857202255,False
P3_highlow_1_40__file_name__matlab1,T_Amp_V2_count,12.0,12,0.0,True
P3_highlow_1_40__file_name__matlab1,T_Amp_V3,0.17,0.2185954539083445,0.048595453908344494,False
P3_highlow_1_40__file_name__matlab1,T_Amp_V3_iqr,0.0375,0.010243006579839592,0.027256993420160407,False
P3_highlow_1_40__file_name__matlab1,T_Amp_V3_count,12.0,12,0.0,True
P3_highlow_1_40__file_name__matlab1,T_Amp_V4,0.055,0.0983470352837546,0.0433470352837546,False
P3_highlow_1_40__file_name__matlab1,T_Amp_V4_iqr,0.035,0.010926863614174692,0.02407313638582531,False
P3_highlow_1_40__file_name__matlab1,T_Amp_V4_count,12.0,12,0.0,True
P3_highlow_1_40__file_name__matlab1,T_Amp_V5,-0.115,-0.059879623047083955,0.05512037695291605,False
P3_highlow_1_40__file_name__matlab1,T_Amp_V5_iqr,0.0475,0.008975126540463646,0.038524873459536355,False
P3_highlow_1_40__file_name__matlab1,T_Amp_V5_count,12.0,12,0.0,True
P3_highlow_1_40__file_name__matlab1,T_Amp_V6,-0.11,0.00603365635401195,0.11603365635401194,False
P3_highlow_1_40__file_name__matlab1,T_Amp_V6_iqr,0.0575,0.014182020627494267,0.043317979372505734,False
P3_highlow_1_40__file_name__matlab1,T_Amp_V6_count,12.0,12,0.0,True
P3_highlow_1_40__file_name__matlab1,T_Amp_aVF,-0.1149999999999999,0.13463871754968507,0.24963871754968497,False
P3_highlow_1_40__file_name__matlab1,T_Amp_aVF_iqr,0.0425,0.01279164261905577,0.029708357380944232,False
P3_highlow_1_40__file_name__matlab1,T_Amp_aVF_count,12.0,12,0.0,True
P3_highlow_1_40__file_name__matlab1,T_Amp_aVL,0.1,-0.11262763178192153,0.21262763178192154,False
P3_highlow_1_40__file_name__matlab1,T_Amp_aVL_iqr,0.0424999999999999,0.011108356856402476,0.03139164314359742,False
P3_highlow_1_40__file_name__matlab1,T_Amp_aVL_count,12.0,12,0.0,True
P3_highlow_1_40__file_name__matlab1,T_Amp_aVR,-0.015,-0.0578795352574709,0.0428795352574709,False
P3_highlow_1_40__file_name__matlab1,T_Amp_aVR_iqr,0.0225,0.009800020082183593,0.012699979917816406,False
P3_highlow_1_40__file_name__matlab1,T_Amp_aVR_count,12.0,12,0.0,True
P3_qrs_0.5_30__csv_name__wfdb0,P_Amp_I,0.075,0.12253965166976191,0.047539651669761915,False
P3_qrs_0.5_30__csv_name__wfdb0,P_Amp_I_iqr,0.0325,0.017134234901614767,0.015365765098385234,False
P3_qrs_0.5_30__csv_name__wfdb0,P_Amp_I_count,12.0,12,0.0,True
P3_qrs_0.5_30__csv_name__wfdb0,P_Amp_II,0.125,0.11219588258895011,0.012804117411049892,False
P3_qrs_0.5_30__csv_name__wfdb0,P_Amp_II_iqr,0.0325,0.016074261768870765,0.016425738231129236,False
P3_qrs_0.5_30__csv_name__wfdb0,P_Amp_II_count,12.0,12,0.0,True
P3_qrs_0.5_30__csv_name__wfdb0,P_Amp_III,0.075,0.030977462687027547,0.044022537312972454,False
P3_qrs_0.5_30__csv_name__wfdb0,P_Amp_III_iqr,0.0249999999999999,0.03735850448142782,0.012358504481427921,False
P3_qrs_0.5_30__csv_name__wfdb0,P_Amp_III_count,12.0,12,0.0,True
P3_qrs_0.5_30__csv_name__wfdb0,P_Amp_V1,-0.04,-0.040104040372408875,0.00010404037240887426,False
P3_qrs_0.5_30__csv_name__wfdb0,P_Amp_V1_iqr,0.0025,0.016785104142500066,0.014285104142500065,False
P3_qrs_0.5_30__csv_name__wfdb0,P_Amp_V1_count,12.0,12,0.0,True
P3_qrs_0.5_30__csv_name__wfdb0,P_Amp_V2,-0.04,0.036795485356232935,0.07679548535623293,False
P3_qrs_0.5_30__csv_name__wfdb0,P_Amp_V2_iqr,0.01,0.018444751516577772,0.008444751516577772,False
P3_qrs_0.5_30__csv_name__wfdb0,P_Amp_V2_count,12.0,12,0.0,True
P3_qrs_0.5_30__csv_name__wfdb0,P_Amp_V3,-0.04,0.039861624773587956,0.07986162477358796,False
P3_qrs_0.5_30__csv_name__wfdb0,P_Amp_V3_iqr,0.035,0.022340349399954343,0.01265965060004566,False
P3_qrs_0.5_30__csv_name__wfdb0,P_Amp_V3_count,12.0,12,0.0,True
P3_qrs_0.5_30__csv_name__wfdb0,P_Amp_V4,0.025,0.05222354652999417,0.027223546529994168,False
P3_qrs_0.5_30__csv_name__wfdb0,P_Amp_V4_iqr,0.0275,0.00904494416843589,0.01845505583156411,False
P3_qrs_0.5_30__csv_name__wfdb0,P_Amp_V4_count,12.0,12,0.0,True
P3_qrs_0.5_30__csv_name__wfdb0,P_Amp_V5,0.03,0.045034539239856786,0.015034539239856787,False
P3_qrs_0.5_30__csv_name__wfdb0,P_Amp_V5_iqr,0.0375,0.012941144603821876,0.024558855396178123,False
P3_qrs_0.5_30__csv_name__wfdb0,P_Amp_V5_count,12.0,12,0.0,True
P3_qrs_0.5_30__csv_name__wfdb0,P_Amp_V6,0.04,0.047849531916520346,0.007849531916520346,False
P3_qrs_0.5_30__csv_name__wfdb0,P_Amp_V6_iqr,0.05,0.018364674541973103,0.0316353254580269,False
P3_qrs_0.5_30__csv_name__wfdb0,P_Amp_V6_count,12.0,12,0.0,True
P3_qrs_0.5_30__csv_name__wfdb0,P_Amp_aVF,0.09,0.060188185493988675,0.029811814506011322,False
P3_qrs_0.5_30__csv_name__wfdb0,P_Amp_aVF_iqr,0.0325,0.008059160381005348,0.024440839618994653,False
P3_qrs_0.5_30__csv_name__wfdb0,P_Amp_aVF_count,12.0,12,0.0,True
P3_qrs_0.5_30__csv_name__wfdb0,P_Amp_aVL,0.02,0.07789398359020161,0.057893983590201606,False
P3_qrs_0.5_30__csv_name__wfdb0,P_Amp_aVL_iqr,0.045,0.02493777063665227,0.020062229363347728,False
P3_qrs_0.5_30__csv_name__wfdb0,P_Amp_aVL_count,12.0,12,0.0,True
P3_qrs_0.5_30__csv_name__wfdb0,P_Amp_aVR,-0.095,-0.11526730004875499,0.020267300048754988,False
P3_qrs_0.5_30__csv_name__wfdb0,P_Amp_aVR_iqr,0.02,0.014184467837680306,0.005815532162319694,False
P3_qrs_0.5_30__csv_name__wfdb0,P_Amp_aVR_count,12.0,12,0.0,True
P3_qrs_0.5_30__csv_name__wfdb0,Q_Amp_I,-0.14,-0.1202977428822346,0.01970225711776541,False
P3_qrs_0.5_30__csv_name__wfdb0,Q_Amp_I_iqr,0.0425,0.024103481766538398,0.018396518233461605,False
P3_qrs_0.5_30__csv_name__wfdb0,Q_Amp_I_count,12.0,12,0.0,True
P3_qrs_0.5_30__csv_name__wfdb0,Q_Amp_II,-0.14,-0.1546237990034753,0.014623799003475296,False
P3_qrs_0.5_30__csv_name__wfdb0,Q_Amp_II_iqr,0.0325,0.01799686200980305,0.014503137990196951,False
P3_qrs_0.5_30__csv_name__wfdb0,Q_Amp_II_count,12.0,12,0.0,True
P3_qrs_0.5_30__csv_name__wfdb0,Q_Amp_III,0.06,0.006656922831269462,0.05334307716873053,False
P3_qrs_0.5_30__csv_name__wfdb0,Q_Amp_III_iqr,0.035,0.016412212340254015,0.01858778765974599,False
P3_qrs_0.5_30__csv_name__wfdb0,Q_Amp_III_count,12.0,12,0.0,True
P3_qrs_0.5_30__csv_name__wfdb0,Q_Amp_V1,0.2,0.21207741939803165,0.012077419398031641,False
P3_qrs_0.5_30__csv_name__wfdb0,Q_Amp_V1_iqr,0.0399999999999999,0.033551791636222295,0.006448208363777602,False
P3_qrs_0.5_30__csv_name__wfdb0,Q_Amp_V1_count,12.0,12,0.0,True
P3_qrs_0.5_30__csv_name__wfdb0,Q_Amp_V2,-0.0849999999999999,-0.005480681210868728,0.07951931878913117,False
P3_qrs_0.5_30__csv_name__wfdb0,Q_Amp_V2_iqr,0.0224999999999999,0.012166557850238506,0.010333442149761392,False
P3_qrs_0.5_30__csv_name__wfdb0,Q_Amp_V2_count,12.0,12,0.0,True
P3_qrs_0.5_30__csv_name__wfdb0,Q_Amp_V3,-0.045,-0.02476448723486067,0.020235512765139328,False
P3_qrs_0.5_30__csv_name__wfdb0,Q_Amp_V3_iqr,0.0325,0.015482646373930636,0.017017353626069365,False
P3_qrs_0.5_30__csv_name__wfdb0,Q_Amp_V3_count,12.0,12,0.0,True
P3_qrs_0.5_30__csv_name__wfdb0,Q_Amp_V4,-0.1,-0.10337126537545797,0.0033712653754579686,False
P3_qrs_0.5_30__csv_name__wfdb0,Q_Amp_V4_iqr,0.0125,0.017718169239881135,0.005218169239881134,False
P3_qrs_0.5_30__csv_name__wfdb0,Q_Amp_V4_count,12.0,12,0.0,True
P3_qrs_0.5_30__csv_name__wfdb0,Q_Amp_V5,-0.17,-0.16873990776045755,0.0012600922395424596,False
P3_qrs_0.5_30__csv_name__wfdb0,Q_Amp_V5_iqr,0.0375,0.01337675304140537,0.024123246958594628,False
P3_qrs_0.5_30__csv_name__wfdb0,Q_Amp_V5_count,12.0,12,0.0,True
P3_qrs_0.5_30__csv_name__wfdb0,Q_Amp_V6,-0.155,-0.15282651324615937,0.002173486753840631,False
P3_qrs_0.5_30__csv_name__wfdb0,Q_Amp_V6_iqr,0.0499999999999999,0.01427166026994195,0.03572833973005795,False
P3_qrs_0.5_30__csv_name__wfdb0,Q_Amp_V6_count,12.0,12,0.0,True
P3_qrs_0.5_30__csv_name__wfdb0,Q_Amp_aVF,-0.105,-0.1169969282415107,0.011996928241510704,False
P3_qrs_0.5_30__csv_name__wfdb0,Q_Amp_aVF_iqr,0.0375,0.02174172765265764,0.01575827234734236,False
P3_qrs_0.5_30__csv_name__wfdb0,Q_Amp_aVF_count,12.0,12,0.0,True
P3_qrs_0.5_30__csv_name__wfdb0,Q_Amp_aVL,-0.075,-0.046948207998564334,0.028051792001435663,False
P3_qrs_0.5_30__csv_name__wfdb0,Q_Amp_aVL_iqr,0.0424999999999999,0.022576248639528028,0.01992375136047187,False
P3_qrs_0.5_30__csv_name__wfdb0,Q_Amp_aVL_count,12.0,12,0.0,True
P3_qrs_0.5_30__csv_name__wfdb0,Q_Amp_aVR,0.145,0.1341964815060278,0.01080351849397218,False
P3_qrs_0.5_30__csv_name__wfdb0,Q_Amp_aVR_iqr,0.0325,0.015973004811132202,0.0165269951888678,False
P3_qrs_0.5_30__csv_name__wfdb0,Q_Amp_aVR_count,12.0,12,0.0,True
P3_qrs_0.5_30__csv_name__wfdb0,R_Amp_I,1.6,1.4469690732089757,0.15303092679102437,False
P3_qrs_0.5_30__csv_name__wfdb0,R_Amp_I_iqr,0.1224999999999998,0.10458930924018084,0.017910690759818965,False
P3_qrs_0.5_30__csv_name__wfdb0,R_Amp_I_count,12.0,12,0.0,True
P3_qrs_0.5_30__csv_name__wfdb0,R_Amp_II,0.975,0.8487325533370784,0.12626744666292156,False
P3_qrs_0.5_30__csv_name__wfdb0,R_Amp_II_iqr,0.045,0.03163822213879319,0.013361777861206806,False
P3_qrs_0.5_30__csv_name__wfdb0,R_Amp_II_count,12.0,12,0.0,True
P3_qrs_0.5_30__csv_name__wfdb0,R_Amp_III,-0.71,-0.6098307973939681,0.1001692026060319,False
P3_qrs_0.5_30__csv_name__wfdb0,R_Amp_III_iqr,0.14,0.10087413419477609,0.039125865805223925,False
P3_qrs_0.5_30__csv_name__wfdb0,R_Amp_III_count,12.0,12,0.0,True
P3_qrs_0.5_30__csv_name__wfdb0,R_Amp_V1,-0.955,-0.8998565136512306,0.05514348634876931,False
P3_qrs_0.5_30__csv_name__wfdb0,R_Amp_V1_iqr,0.1149999999999999,0.13755846278085082,0.022558462780850927,False
P3_qrs_0.5_30__csv_name__wfdb0,R_Amp_V1_count,12.0,12,0.0,True
P3_qrs_0.5_30__csv_name__wfdb0,R_Amp_V2,0.885,0.9806717013573472,0.09567170135734715,False
P3_qrs_0.5_30__csv_name__wfdb0,R_Amp_V2_iqr,0.075,0.04195139176008378,0.03304860823991622,False
P3_qrs_0.5_30__csv_name__wfdb0,R_Amp_V2_count,12.0,12,0.0,True
P3_qrs_0.5_30__csv_name__wfdb0,R_Amp_V3,1.68,1.560491123986317,0.11950887601368287,False
P3_qrs_0.5_30__csv_name__wfdb0,R_Amp_V3_iqr,0.0949999999999999,0.09251052256079584,0.002489477439204066,False
P3_qrs_0.5_30__csv_name__wfdb0,R_Amp_V3_count,12.0,12,0.0,True
P3_qrs_0.5_30__csv_name__wfdb0,R_Amp_V4,1.835,1.6478114426330273,0.1871885573669727,False
P3_qrs_0.5_30__csv_name__wfdb0,R_Amp_V4_iqr,0.1624999999999998,0.1144808485698614,0.04801915143013841,False
P3_qrs_0.5_30__csv_name__wfdb0,R_Amp_V4_count,12.0,12,0.0,True
P3_qrs_0.5_30__csv_name__wfdb0,R_Amp_V5,1.6,1.401447372461661,0.19855262753833913,False
P3_qrs_0.5_30__csv_name__wfdb0,R_Amp_V5_iqr,0.0749999999999997,0.08516008021373334,0.01016008021373363,False
P3_qrs_0.5_30__csv_name__wfdb0,R_Amp_V5_count,12.0,12,0.0,True
P3_qrs_0.5_30__csv_name__wfdb0,R_Amp_V6,1.17,1.0267579713847348,0.14324202861526514,False
P3_qrs_0.5_30__csv_name__wfdb0,R_Amp_V6_iqr,0.0524999999999999,0.04539658698775939,0.00710341301224051,False
P3_qrs_0.5_30__csv_name__wfdb0,R_Amp_V6_count,12.0,12,0.0,True
P3_qrs_0.5_30__csv_name__wfdb0,R_Amp_aVF,0.255,0.15365261399638303,0.10134738600361698,False
P3_qrs_0.5_30__csv_name__wfdb0,R_Amp_aVF_iqr,0.09,0.10944452398102748,0.019444523981027487,False
P3_qrs_0.5_30__csv_name__wfdb0,R_Amp_aVF_count,12.0,12,0.0,True
P3_qrs_0.5_30__csv_name__wfdb0,R_Amp_aVL,1.15,1.0208402457000734,0.12915975429992654,False
P3_qrs_0.5_30__csv_name__wfdb0,R_Amp_aVL_iqr,0.1549999999999998,0.11372415163532523,0.04127584836467457,False
P3_qrs_0.5_30__csv_name__wfdb0,R_Amp_aVL_count,12.0,12,0.0,True
P3_qrs_0.5_30__csv_name__wfdb0,R_Amp_aVR,-1.3,-1.1409454614818615,0.15905453851813856,False
P3_qrs_0.5_30__csv_name__wfdb0,R_Amp_aVR_iqr,0.09,0.02277981850319355,0.06722018149680645,False
P3_qrs_0.5_30__csv_name__wfdb0,R_Amp_aVR_count,12.0,12,0.0,True
P3_qrs_0.5_30__csv_name__wfdb0,S_Amp_I,-0.12,-0.07277069945290845,0.04722930054709154,False
P3_qrs_0.5_30__csv_name__wfdb0,S_Amp_I_iqr,0.0525,0.02360544359020631,0.028894556409793687,False
P3_qrs_0.5_30__csv_name__wfdb0,S_Amp_I_count,12.0,12,0.0,True
P3_qrs_0.5_30__csv_name__wfdb0,S_Amp_II,-0.0849999999999999,-0.10668156196620679,0.021681561966206894,False
P3_qrs_0.5_30__csv_name__wfdb0,S_Amp_II_iqr,0.0375,0.012826306852938132,0.024673693147061866,False
P3_qrs_0.5_30__csv_name__wfdb0,S_Amp_II_count,12.0,12,0.0,True
P3_qrs_0.5_30__csv_name__wfdb0,S_Amp_III,-0.02,-0.04758179889851739,0.027581798898517387,False
P3_qrs_0.5_30__csv_name__wfdb0,S_Amp_III_iqr,0.09,0.051974296923661276,0.03802570307633872,False
P3_qrs_0.5_30__csv_name__wfdb0,S_Amp_III_count,12.0,12,0.0,True
P3_qrs_0.5_30__csv_name__wfdb0,S_Amp_V1,0.02,0.01414746114644272,0.0058525388535572796,False
P3_qrs_0.5_30__csv_name__wfdb0,S_Amp_V1_iqr,0.025,0.011826937554469648,0.013173062445530353,False
P3_qrs_0.5_30__csv_name__wfdb0,S_Amp_V1_count,12.0,12,0.0,True
P3_qrs_0.5_30__csv_name__wfdb0,S_Amp_V2,-0.735,-0.5684770685620559,0.16652293143794406,False
P3_qrs_0.5_30__csv_name__wfdb0,S_Amp_V2_iqr,0.05,0.0320970246964708,0.017902975303529203,False
P3_qrs_0.5_30__csv_name__wfdb0,S_Amp_V2_count,12.0,12,0.0,True
P3_qrs_0.5_30__csv_name__wfdb0,S_Amp_V3,-0.325,-0.3424968094672132,0.017496809467213215,False
P3_qrs_0.5_30__csv_name__wfdb0,S_Amp_V3_iqr,0.0575,0.030054390893614114,0.02744560910638589,False
P3_qrs_0.5_30__csv_name__wfdb0,S_Amp_V3_count,12.0,12,0.0,True
P3_qrs_0.5_30__csv_name__wfdb0,S_Amp_V4,-0.13,-0.20752982303888906,0.07752982303888906,False
P3_qrs_0.5_30__csv_name__wfdb0,S_Amp_V4_iqr,0.03,0.008534273873388898,0.0214657261266111,False
P3_qrs_0.5_30__csv_name__wfdb0,S_Amp_V4_count,12.0,12,0.0,True
P3_qrs_0.5_30__csv_name__wfdb0,S_Amp_V5,-0.065,-0.06844312368949297,0.003443123689492969,False
P3_qrs_0.5_30__csv_name__wfdb0,S_Amp_V5_iqr,0.04,0.013522123262640393,0.02647787673735961,False
P3_qrs_0.5_30__csv_name__wfdb0,S_Amp_V5_count,12.0,12,0.0,True
P3_qrs_0.5_30__csv_name__wfdb0,S_Amp_V6,-0.09,-0.060571655675049386,0.02942834432495061,False
P3_qrs_0.5_30__csv_name__wfdb0,S_Amp_V6_iqr,0.0625,0.026403200098131956,0.036096799901868044,False
P3_qrs_0.5_30__csv_name__wfdb0,S_Amp_V6_count,12.0,12,0.0,True
P3_qrs_0.5_30__csv_name__wfdb0,S_Amp_aVF,-0.065,-0.10169343146219109,0.03669343146219109,False
P3_qrs_0.5_30__csv_name__wfdb0,S_Amp_aVF_iqr,0.0275,0.014125585069063237,0.013374414930936763,False
P3_qrs_0.5_30__csv_name__wfdb0,S_Amp_aVF_count,12.0,12,0.0,True
P3_qrs_0.5_30__csv_name__wfdb0,S_Amp_aVL,-0.07,-0.030630726215668,0.039369273784332005,False
P3_qrs_0.5_30__csv_name__wfdb0,S_Amp_aVL_iqr,0.0699999999999999,0.03929951193749377,0.030700488062506123,False
P3_qrs_0.5_30__csv_name__wfdb0,S_Amp_aVL_count,12.0,12,0.0,True
P3_qrs_0.5_30__csv_name__wfdb0,S_Amp_aVR,0.07,0.06787026837924573,0.002129731620754277,False
P3_qrs_0.5_30__csv_name__wfdb0,S_Amp_aVR_iqr,0.035,0.031222814252838745,0.003777185747161259,False
P3_qrs_0.5_30__csv_name__wfdb0,S_Amp_aVR_count,12.0,12,0.0,True
P3_qrs_0.5_30__csv_name__wfdb0,T_Amp_I,0.065,0.11472403283551304,0.049724032835513035,False
P3_qrs_0.5_30__csv_name__wfdb0,T_Amp_I_iqr,0.03,0.009190374328185646,0.020809625671814352,False
P3_qrs_0.5_30__csv_name__wfdb0,T_Amp_I_count,12.0,12,0.0,True
P3_qrs_0.5_30__csv_name__wfdb0,T_Amp_II,-0.1,-0.10226393393177532,0.0022639339317753193,False
P3_qrs_0.5_30__csv_name__wfdb0,T_Amp_II_iqr,0.025,0.02217639550299126,0.00282360449700874,False
P3_qrs_0.5_30__csv_name__wfdb0,T_Amp_II_count,12.0,12,0.0,True
P3_qrs_0.5_30__csv_name__wfdb0,T_Amp_III,-0.15,-0.2001574458644072,0.05015744586440721,False
P3_qrs_0.5_30__csv_name__wfdb0,T_Amp_III_iqr,0.055,0.019784407125639558,0.03521559287436044,False
P3_qrs_0.5_30__csv_name__wfdb0,T_Amp_III_count,12.0,12,0.0,True
P3_qrs_0.5_30__csv_name__wfdb0,T_Amp_V1,0.11,0.10751823216649968,0.00248176783350032,False
P3_qrs_0.5_30__csv_name__wfdb0,T_Amp_V1_iqr,0.0249999999999999,0.014597792224764122,0.010402207775235778,False
P3_qrs_0.5_30__csv_name__wfdb0,T_Amp_V1_count,12.0,12,0.0,True
P3_qrs_0.5_30__csv_name__wfdb0,T_Amp_V2,0.29,0.3711186872330702,0.0811186872330702,False
P3_qrs_0.5_30__csv_name__wfdb0,T_Amp_V2_iqr,0.0399999999999999,0.02629148070878612,0.013708519291213778,False
P3_qrs_0.5_30__csv_name__wfdb0,T_Amp_V2_count,12.0,12,0.0,True
P3_qrs_0.5_30__csv_name__wfdb0,T_Amp_V3,0.17,0.2417432343885465,0.07174323438854649,False
P3_qrs_0.5_30__csv_name__wfdb0,T_Amp_V3_iqr,0.0375,0.007148065570353218,0.03035193442964678,False
P3_qrs_0.5_30__csv_name__wfdb0,T_Amp_V3_count,12.0,12,0.0,True
P3_qrs_0.5_30__csv_name__wfdb0,T_Amp_V4,0.055,0.08564988577061286,0.03064988577061286,False
P3_qrs_0.5_30__csv_name__wfdb0,T_Amp_V4_iqr,0.035,0.011141431557869175,0.02385856844213083,False
P3_qrs_0.5_30__csv_name__wfdb0,T_Amp_V4_count,12.0,12,0.0,True
P3_qrs_0.5_30__csv_name__wfdb0,T_Amp_V5,-0.115,-0.08968884626581822,0.025311153734181788,False
P3_qrs_0.5_30__csv_name__wfdb0,T_Amp_V5_iqr,0.0475,0.016762106438424018,0.030737893561575982,False
P3_qrs_0.5_30__csv_name__wfdb0,T_Amp_V5_count,12.0,12,0.0,True
P3_qrs_0.5_30__csv_name__wfdb0,T_Amp_V6,-0.11,-0.09415384572220664,0.01584615427779336,False
P3_qrs_0.5_30__csv_name__wfdb0,T_Amp_V6_iqr,0.0575,0.022352455505610616,0.035147544494389386,False
P3_qrs_0.5_30__csv_name__wfdb0,T_Amp_V6_count,12.0,12,0.0,True
P3_qrs_0.5_30__csv_name__wfdb0,T_Amp_aVF,-0.1149999999999999,-0.14554748828156397,0.030547488281564075,False
P3_qrs_0.5_30__csv_name__wfdb0,T_Amp_aVF_iqr,0.0425,0.007935243488231686,0.03456475651176832,False
P3_qrs_0.5_30__csv_name__wfdb0,T_Amp_aVF_count,12.0,12,0.0,True
P3_qrs_0.5_30__csv_name__wfdb0,T_Amp_aVL,0.1,0.15687955372289705,0.05687955372289705,False
P3_qrs_0.5_30__csv_name__wfdb0,T_Amp_aVL_iqr,0.0424999999999999,0.01390956649795927,0.02859043350204063,False
P3_qrs_0.5_30__csv_name__wfdb0,T_Amp_aVL_count,12.0,12,0.0,True
P3_qrs_0.5_30__csv_name__wfdb0,T_Amp_aVR,-0.015,-0.03749146057504121,0.022491460575041214,False
P3_qrs_0.5_30__csv_name__wfdb0,T_Amp_aVR_iqr,0.0225,0.006463708056768436,0.016036291943231563,False
P3_qrs_0.5_30__csv_name__wfdb0,T_Amp_aVR_count,12.0,12,0.0,True
P3_qrs_0.5_30__csv_name__matlab1,P_Amp_I,0.075,0.12264873954626607,0.04764873954626607,False
P3_qrs_0.5_30__csv_name__matlab1,P_Amp_I_iqr,0.0325,0.017049386544274597,0.015450613455725404,False
P3_qrs_0.5_30__csv_name__matlab1,P_Amp_I_count,12.0,12,0.0,True
P3_qrs_0.5_30__csv_name__matlab1,P_Amp_II,0.125,0.11267867754516364,0.012321322454836359,False
P3_qrs_0.5_30__csv_name__matlab1,P_Amp_II_iqr,0.0325,0.013113443834807434,0.019386556165192567,False
P3_qrs_0.5_30__csv_name__matlab1,P_Amp_II_count,12.0,12,0.0,True
P3_qrs_0.5_30__csv_name__matlab1,P_Amp_III,0.075,0.02831799751045948,0.04668200248954052,False
P3_qrs_0.5_30__csv_name__matlab1,P_Amp_III_iqr,0.0249999999999999,0.03462207161304931,0.00962207161304941,False
P3_qrs_0.5_30__csv_name__matlab1,P_Amp_III_count,12.0,12,0.0,True
P3_qrs_0.5_30__csv_name__matlab1,P_Amp_V1,-0.04,-0.04296746779196131,0.0029674677919613104,False
P3_qrs_0.5_30__csv_name__matlab1,P_Amp_V1_iqr,0.0025,0.017958255543141323,0.015458255543141322,False
P3_qrs_0.5_30__csv_name__matlab1,P_Amp_V1_count,12.0,12,0.0,True
P3_qrs_0.5_30__csv_name__matlab1,P_Amp_V2,-0.04,0.035264280627472264,0.07526428062747226,False
P3_qrs_0.5_30__csv_name__matlab1,P_Amp_V2_iqr,0.01,0.017258164478562845,0.007258164478562845,False
P3_qrs_0.5_30__csv_name__matlab1,P_Amp_V2_count,12.0,12,0.0,True
P3_qrs_0.5_30__csv_name__matlab1,P_Amp_V3,-0.04,0.040118701092700146,0.08011870109270014,False
P3_qrs_0.5_30__csv_name__matlab1,P_Amp_V3_iqr,0.035,0.022725524186368688,0.012274475813631315,False
P3_qrs_0.5_30__csv_name__matlab1,P_Amp_V3_count,12.0,12,0.0,True
P3_qrs_0.5_30__csv_name__matlab1,P_Amp_V4,0.025,0.052456931065322954,0.027456931065322952,False
P3_qrs_0.5_30__csv_name__matlab1,P_Amp_V4_iqr,0.0275,0.010074800841096916,0.017425199158903084,False
P3_qrs_0.5_30__csv_name__matlab1,P_Amp_V4_count,12.0,12,0.0,True
P3_qrs_0.5_30__csv_name__matlab1,P_Amp_V5,0.03,0.04580998114537395,0.01580998114537395,False
P3_qrs_0.5_30__csv_name__matlab1,P_Amp_V5_iqr,0.0375,0.013643717345076196,0.023856282654923802,False
P3_qrs_0.5_30__csv_name__matlab1,P_Amp_V5_count,12.0,12,0.0,True
P3_qrs_0.5_30__csv_name__matlab1,P_Amp_V6,0.04,0.04935768373395961,0.009357683733959607,False
P3_qrs_0.5_30__csv_name__matlab1,P_Amp_V6_iqr,0.05,0.017740725783501242,0.03225927421649876,False
P3_qrs_0.5_30__csv_name__matlab1,P_Amp_V6_count,12.0,12,0.0,True
P3_qrs_0.5_30__csv_name__matlab1,P_Amp_aVF,0.09,0.05928379844913614,0.03071620155086386,False
P3_qrs_0.5_30__csv_name__matlab1,P_Amp_aVF_iqr,0.0325,0.007913708084347978,0.024586291915652023,False
P3_qrs_0.5_30__csv_name__matlab1,P_Amp_aVF_count,12.0,12,0.0,True
P3_qrs_0.5_30__csv_name__matlab1,P_Amp_aVL,0.02,0.07740067075457144,0.057400670754571434,False
P3_qrs_0.5_30__csv_name__matlab1,P_Amp_aVL_iqr,0.045,0.023591988703297123,0.021408011296702875,False
P3_qrs_0.5_30__csv_name__matlab1,P_Amp_aVL_count,12.0,12,0.0,True
P3_qrs_0.5_30__csv_name__matlab1,P_Amp_aVR,-0.095,-0.11410603620059138,0.019106036200591384,False
P3_qrs_0.5_30__csv_name__matlab1,P_Amp_aVR_iqr,0.02,0.014441867948059003,0.005558132051940997,False
P3_qrs_0.5_30__csv_name__matlab1,P_Amp_aVR_count,12.0,12,0.0,True
P3_qrs_0.5_30__csv_name__matlab1,Q_Amp_I,-0.14,-0.12908202974029956,0.010917970259700455,False
P3_qrs_0.5_30__csv_name__matlab1,Q_Amp_I_iqr,0.0425,0.01911693765485964,0.023383062345140364,False
P3_qrs_0.5_30__csv_name__matlab1,Q_Amp_I_count,12.0,12,0.0,True
P3_qrs_0.5_30__csv_name__matlab1,Q_Amp_II,-0.14,-0.16131696477430502,0.021316964774305003,False
P3_qrs_0.5_30__csv_name__matlab1,Q_Amp_II_iqr,0.0325,0.015382566630234407,0.017117433369765594,False
P3_qrs_0.5_30__csv_name__matlab1,Q_Amp_II_count,12.0,12,0.0,True
P3_qrs_0.5_30__csv_name__matlab1,Q_Amp_III,0.06,0.007031119954315278,0.05296888004568472,False
P3_qrs_0.5_30__csv_name__matlab1,Q_Amp_III_iqr,0.035,0.016443083796775112,0.01855691620322489,False
P3_qrs_0.5_30__csv_name__matlab1,Q_Amp_III_count,12.0,12,0.0,True
P3_qrs_0.5_30__csv_name__matlab1,Q_Amp_V1,0.2,0.21649618346164662,0.016496183461646607,False
P3_qrs_0.5_30__csv_name__matlab1,Q_Amp_V1_iqr,0.0399999999999999,0.03265427131193285,0.007345728688067044,False
P3_qrs_0.5_30__csv_name__matlab1,Q_Amp_V1_count,12.0,12,0.0,True
P3_qrs_0.5_30__csv_name__matlab1,Q_Amp_V2,-0.0849999999999999,-0.005605079901584029,0.07939492009841587,False
P3_qrs_0.5_30__csv_name__matlab1,Q_Amp_V2_iqr,0.0224999999999999,0.012367860079878243,0.010132139920121656,False
P3_qrs_0.5_30__csv_name__matlab1,Q_Amp_V2_count,12.0,12,0.0,True
P3_qrs_0.5_30__csv_name__matlab1,Q_Amp_V3,-0.045,-0.03477015070186971,0.01022984929813029,False
P3_qrs_0.5_30__csv_name__matlab1,Q_Amp_V3_iqr,0.0325,0.013839180786792325,0.018660819213207676,False
P3_qrs_0.5_30__csv_name__matlab1,Q_Amp_V3_count,12.0,12,0.0,True
P3_qrs_0.5_30__csv_name__matlab1,Q_Amp_V4,-0.1,-0.10888696710222537,0.008886967102225363,False
P3_qrs_0.5_30__csv_name__matlab1,Q_Amp_V4_iqr,0.0125,0.019008760685820456,0.006508760685820455,False
P3_qrs_0.5_30__csv_name__matlab1,Q_Amp_V4_count,12.0,12,0.0,True
P3_qrs_0.5_30__csv_name__matlab1,Q_Amp_V5,-0.17,-0.17629151798031553,0.00629151798031552,False
P3_qrs_0.5_30__csv_name__matlab1,Q_Amp_V5_iqr,0.0375,0.00967686365570089,0.02782313634429911,False
P3_qrs_0.5_30__csv_name__matlab1,Q_Amp_V5_count,12.0,12,0.0,True
P3_qrs_0.5_30__csv_name__matlab1,Q_Amp_V6,-0.155,-0.1600840538378518,0.005084053837851793,False
P3_qrs_0.5_30__csv_name__matlab1,Q_Amp_V6_iqr,0.0499999999999999,0.010178761854847479,0.03982123814515242,False
P3_qrs_0.5_30__csv_name__matlab1,Q_Amp_V6_count,12.0,12,0.0,True
P3_qrs_0.5_30__csv_name__matlab1,Q_Amp_aVF,-0.105,-0.11922643660265311,0.014226436602653117,False
P3_qrs_0.5_30__csv_name__matlab1,Q_Amp_aVF_iqr,0.0375,0.021561399843746082,0.015938600156253917,False
P3_qrs_0.5_30__csv_name__matlab1,Q_Amp_aVF_count,12.0,12,0.0,True
P3_qrs_0.5_30__csv_name__matlab1,Q_Amp_aVL,-0.075,-0.053174774237573504,0.021825225762426494,False
P3_qrs_0.5_30__csv_name__matlab1,Q_Amp_aVL_iqr,0.0424999999999999,0.02011343208016795,0.02238656791983195,False
P3_qrs_0.5_30__csv_name__matlab1,Q_Amp_aVL_count,12.0,12,0.0,True
P3_qrs_0.5_30__csv_name__matlab1,Q_Amp_aVR,0.145,0.13996333455378346,0.005036665446216532,False
P3_qrs_0.5_30__csv_name__matlab1,Q_Amp_aVR_iqr,0.0325,0.013332699701680079,0.019167300298319923,False
P3_qrs_0.5_30__csv_name__matlab1,Q_Amp_aVR_count,12.0,12,0.0,True
P3_qrs_0.5_30__csv_name__matlab1,R_Amp_I,1.6,1.460646615582214,0.1393533844177861,False
P3_qrs_0.5_30__csv_name__matlab1,R_Amp_I_iqr,0.1224999999999998,0.1051262366512431,0.017373763348756704,False
P3_qrs_0.5_30__csv_name__matlab1,R_Amp_I_count,12.0,12,0.0,True
P3_qrs_0.5_30__csv_name__matlab1,R_Amp_II,0.975,0.8642551681380916,0.11074483186190842,False
P3_qrs_0.5_30__csv_name__matlab1,R_Amp_II_iqr,0.045,0.03451222299089596,0.01048777700910404,False
P3_qrs_0.5_30__csv_name__matlab1,R_Amp_II_count,12.0,12,0.0,True
P3_qrs_0.5_30__csv_name__matlab1,R_Amp_III,-0.71,-0.6247620985910927,0.0852379014089073,False
P3_qrs_0.5_30__csv_name__matlab1,R_Amp_III_iqr,0.14,0.11113942776627028,0.02886057223372973,False
P3_qrs_0.5_30__csv_name__matlab1,R_Amp_III_count,12.0,12,0.0,True
P3_qrs_0.5_30__csv_name__matlab1,R_Amp_V1,-0.955,-0.9110806774397762,0.043919322560223795,False
P3_qrs_0.5_30__csv_name__matlab1,R_Amp_V1_iqr,0.1149999999999999,0.14155843051762518,0.026558430517625284,False
P3_qrs_0.5_30__csv_name__matlab1,R_Amp_V1_count,12.0,12,0.0,True
P3_qrs_0.5_30__csv_name__matlab1,R_Amp_V2,0.885,0.9928865041167817,0.10788650411678169,False
P3_qrs_0.5_30__csv_name__matlab1,R_Amp_V2_iqr,0.075,0.038144905707040655,0.03685509429295934,False
P3_qrs_0.5_30__csv_name__matlab1,R_Amp_V2_count,12.0,12,0.0,True
P3_qrs_0.5_30__csv_name__matlab1,R_Amp_V3,1.68,1.590035000669844,0.08996499933015589,False
P3_qrs_0.5_30__csv_name__matlab1,R_Amp_V3_iqr,0.0949999999999999,0.09127211591886408,0.003727884081135821,False
P3_qrs_0.5_30__csv_name__matlab1,R_Amp_V3_count,12.0,12,0.0,True
P3_qrs_0.5_30__csv_name__matlab1,R_Amp_V4,1.835,1.6636262126901271,0.17137378730987285,False
P3_qrs_0.5_30__csv_name__matlab1,R_Amp_V4_iqr,0.1624999999999998,0.10918991308443116,0.053310086915568655,False
P3_qrs_0.5_30__csv_name__matlab1,R_Amp_V4_count,12.0,12,0.0,True
P3_qrs_0.5_30__csv_name__matlab1,R_Amp_V5,1.6,1.4289674880948358,0.17103251190516433,False
P3_qrs_0.5_30__csv_name__matlab1,R_Amp_V5_iqr,0.0749999999999997,0.08760946791100355,0.012609467911003841,False
P3_qrs_0.5_30__csv_name__matlab1,R_Amp_V5_count,12.0,12,0.0,True
P3_qrs_0.5_30__csv_name__matlab1,R_Amp_V6,1.17,1.038832687496325,0.13116731250367497,False
P3_qrs_0.5_30__csv_name__matlab1,R_Amp_V6_iqr,0.0524999999999999,0.053146226361037385,0.0006462263610374844,False
P3_qrs_0.5_30__csv_name__matlab1,R_Amp_V6_count,12.0,12,0.0,True
P3_qrs_0.5_30__csv_name__matlab1,R_Amp_aVF,0.255,0.1555281590631935,0.0994718409368065,False
P3_qrs_0.5_30__csv_name__matlab1,R_Amp_aVF_iqr,0.09,0.11049149064390279,0.020491490643902793,False
P3_qrs_0.5_30__csv_name__matlab1,R_Amp_aVF_count,12.0,12,0.0,True
P3_qrs_0.5_30__csv_name__matlab1,R_Amp_aVL,1.15,1.0402906347805643,0.10970936521943564,False
P3_qrs_0.5_30__csv_name__matlab1,R_Amp_aVL_iqr,0.1549999999999998,0.11825095131755203,0.03674904868244777,False
P3_qrs_0.5_30__csv_name__matlab1,R_Amp_aVL_count,12.0,12,0.0,True
P3_qrs_0.5_30__csv_name__matlab1,R_Amp_aVR,-1.3,-1.153410721489909,0.14658927851009107,False
P3_qrs_0.5_30__csv_name__matlab1,R_Amp_aVR_iqr,0.09,0.028016617923701137,0.06198338207629886,False
P3_qrs_0.5_30__csv_name__matlab1,R_Amp_aVR_count,12.0,12,0.0,True
P3_qrs_0.5_30__csv_name__matlab1,S_Amp_I,-0.12,-0.07299628562110556,0.04700371437889443,False
P3_qrs_0.5_30__csv_name__matlab1,S_Amp_I_iqr,0.0525,0.025115870576786936,0.027384129423213062,False
P3_qrs_0.5_30__csv_name__matlab1,S_Amp_I_count,12.0,12,0.0,True
P3_qrs_0.5_30__csv_name__matlab1,S_Amp_II,-0.0849999999999999,-0.10712193553954273,0.022121935539542836,False
P3_qrs_0.5_30__csv_name__matlab1,S_Amp_II_iqr,0.0375,0.01269842654123124,0.02480157345876876,False
P3_qrs_0.5_30__csv_name__matlab1,S_Amp_II_count,12.0,12,0.0,True
P3_qrs_0.5_30__csv_name__matlab1,S_Amp_III,-0.02,-0.04307258003525158,0.023072580035251578,False
P3_qrs_0.5_30__csv_name__matlab1,S_Amp_III_iqr,0.09,0.050335346433170995,0.039664653566829,False
P3_qrs_0.5_30__csv_name__matlab1,S_Amp_III_count,12.0,12,0.0,True
P3_qrs_0.5_30__csv_name__matlab1,S_Amp_V1,0.02,0.011699231724106108,0.008300768275893893,False
P3_qrs_0.5_30__csv_name__matlab1,S_Amp_V1_iqr,0.025,0.012194579902764053,0.012805420097235948,False
P3_qrs_0.5_30__csv_name__matlab1,S_Amp_V1_count,12.0,12,0.0,True
P3_qrs_0.5_30__csv_name__matlab1,S_Amp_V2,-0.735,-0.5917288442545654,0.1432711557454346,False
P3_qrs_0.5_30__csv_name__matlab1,S_Amp_V2_iqr,0.05,0.024242409782731955,0.025757590217268048,False
P3_qrs_0.5_30__csv_name__matlab1,S_Amp_V2_count,12.0,12,0.0,True
P3_qrs_0.5_30__csv_name__matlab1,S_Amp_V3,-0.325,-0.3513584071429011,0.026358407142901108,False
P3_qrs_0.5_30__csv_name__matlab1,S_Amp_V3_iqr,0.0575,0.02681034525450221,0.030689654745497792,False
P3_qrs_0.5_30__csv_name__matlab1,S_Amp_V3_count,12.0,12,0.0,True
P3_qrs_0.5_30__csv_name__matlab1,S_Amp_V4,-0.13,-0.21957717508724767,0.08957717508724766,False
P3_qrs_0.5_30__csv_name__matlab1,S_Amp_V4_iqr,0.03,0.004286088338958188,0.02571391166104181,False
P3_qrs_0.5_30__csv_name__matlab1,S_Amp_V4_count,12.0,12,0.0,True
P3_qrs_0.5_30__csv_name__matlab1,S_Amp_V5,-0.065,-0.06877413184406686,0.003774131844066858,False
P3_qrs_0.5_30__csv_name__matlab1,S_Amp_V5_iqr,0.04,0.01407187902335584,0.02592812097664416,False
P3_qrs_0.5_30__csv_name__matlab1,S_Amp_V5_count,12.0,12,0.0,True
P3_qrs_0.5_30__csv_name__matlab1,S_Amp_V6,-0.09,-0.06131790786378641,0.02868209213621359,False
P3_qrs_0.5_30__csv_name__matlab1,S_Amp_V6_iqr,0.0625,0.02644539189327643,0.03605460810672357,False
P3_qrs_0.5_30__csv_name__matlab1,S_Amp_V6_count,12.0,12,0.0,True
P3_qrs_0.5_30__csv_name__matlab1,S_Amp_aVF,-0.065,-0.10397108733998761,0.03897108733998761,False
P3_qrs_0.5_30__csv_name__matlab1,S_Amp_aVF_iqr,0.0275,0.012859064983884394,0.014640935016115606,False
P3_qrs_0.5_30__csv_name__matlab1,S_Amp_aVF_count,12.0,12,0.0,True
P3_qrs_0.5_30__csv_name__matlab1,S_Amp_aVL,-0.07,-0.03088434582524645,0.03911565417475356,False
P3_qrs_0.5_30__csv_name__matlab1,S_Amp_aVL_iqr,0.0699999999999999,0.039026563308193915,0.03097343669180598,False
P3_qrs_0.5_30__csv_name__matlab1,S_Amp_aVL_count,12.0,12,0.0,True
P3_qrs_0.5_30__csv_name__matlab1,S_Amp_aVR,0.07,0.0681138913852882,0.0018861086147118067,False
P3_qrs_0.5_30__csv_name__matlab1,S_Amp_aVR_iqr,0.035,0.030616251337373813,0.00438374866262619,False
P3_qrs_0.5_30__csv_name__matlab1,S_Amp_aVR_count,12.0,12,0.0,True
P3_qrs_0.5_30__csv_name__matlab1,T_Amp_I,0.065,0.11417841350638304,0.04917841350638304,False
P3_qrs_0.5_30__csv_name__matlab1,T_Amp_I_iqr,0.03,0.009804940131699025,0.020195059868300974,False
P3_qrs_0.5_30__csv_name__matlab1,T_Amp_I_count,12.0,12,0.0,True
P3_qrs_0.5_30__csv_name__matlab1,T_Amp_II,-0.1,-0.1033608777666604,0.0033608777666604,False
P3_qrs_0.5_30__csv_name__matlab1,T_Amp_II_iqr,0.025,0.021305735682668442,0.0036942643173315595,False
P3_qrs_0.5_30__csv_name__matlab1,T_Amp_II_count,12.0,12,0.0,True
P3_qrs_0.5_30__csv_name__matlab1,T_Amp_III,-0.15,-0.2005831423999606,0.05058314239996062,False
P3_qrs_0.5_30__csv_name__matlab1,T_Amp_III_iqr,0.055,0.0186476358788438,0.0363523641211562,False
P3_qrs_0.5_30__csv_name__matlab1,T_Amp_III_count,12.0,12,0.0,True
P3_qrs_0.5_30__csv_name__matlab1,T_Amp_V1,0.11,0.10911275161378331,0.0008872483862166908,False
P3_qrs_0.5_30__csv_name__matlab1,T_Amp_V1_iqr,0.0249999999999999,0.015235512990211045,0.009764487009788856,False
P3_qrs_0.5_30__csv_name__matlab1,T_Amp_V1_count,12.0,12,0.0,True
P3_qrs_0.5_30__csv_name__matlab1,T_Amp_V2,0.29,0.3734460402312887,0.08344604023128871,False
P3_qrs_0.5_30__csv_name__matlab1,T_Amp_V2_iqr,0.0399999999999999,0.025319921035328485,0.014680078964671411,False
P3_qrs_0.5_30__csv_name__matlab1,T_Amp_V2_count,12.0,12,0.0,True
P3_qrs_0.5_30__csv_name__matlab1,T_Amp_V3,0.17,0.24219615135906503,0.07219615135906501,False
P3_qrs_0.5_30__csv_name__matlab1,T_Amp_V3_iqr,0.0375,0.006827241922616134,0.030672758077383865,False
P3_qrs_0.5_30__csv_name__matlab1,T_Amp_V3_count,12.0,12,0.0,True
P3_qrs_0.5_30__csv_name__matlab1,T_Amp_V4,0.055,0.08703319911006625,0.03203319911006625,False
P3_qrs_0.5_30__csv_name__matlab1,T_Amp_V4_iqr,0.035,0.011389995738878,0.023610004261122003,False
P3_qrs_0.5_30__csv_name__matlab1,T_Amp_V4_count,12.0,12,0.0,True
P3_qrs_0.5_30__csv_name__matlab1,T_Amp_V5,-0.115,-0.09041823887223371,0.02458176112776629,False
P3_qrs_0.5_30__csv_name__matlab1,T_Amp_V5_iqr,0.0475,0.016661372295848173,0.030838627704151828,False
P3_qrs_0.5_30__csv_name__matlab1,T_Amp_V5_count,12.0,12,0.0,True
P3_qrs_0.5_30__csv_name__matlab1,T_Amp_V6,-0.11,-0.09502669256952513,0.01497330743047487,False
P3_qrs_0.5_30__csv_name__matlab1,T_Amp_V6_iqr,0.0575,0.023492775244494682,0.03400722475550532,False
P3_qrs_0.5_30__csv_name__matlab1,T_Amp_V6_count,12.0,12,0.0,True
P3_qrs_0.5_30__csv_name__matlab1,T_Amp_aVF,-0.1149999999999999,-0.1464514397279047,0.031451439727904804,False
P3_qrs_0.5_30__csv_name__matlab1,T_Amp_aVF_iqr,0.0425,0.008560270835578282,0.03393972916442172,False
P3_qrs_0.5_30__csv_name__matlab1,T_Amp_aVF_count,12.0,12,0.0,True
P3_qrs_0.5_30__csv_name__matlab1,T_Amp_aVL,0.1,0.15664799696001877,0.056647996960018765,False
P3_qrs_0.5_30__csv_name__matlab1,T_Amp_aVL_iqr,0.0424999999999999,0.012979297038197585,0.029520702961802314,False
P3_qrs_0.5_30__csv_name__matlab1,T_Amp_aVL_count,12.0,12,0.0,True
P3_qrs_0.5_30__csv_name__matlab1,T_Amp_aVR,-0.015,-0.036238518456958684,0.021238518456958684,False
P3_qrs_0.5_30__csv_name__matlab1,T_Amp_aVR_iqr,0.0225,0.00775282782886455,0.014747172171135449,False
P3_qrs_0.5_30__csv_name__matlab1,T_Amp_aVR_count,12.0,12,0.0,True
P3_qrs_0.5_30__file_name__wfdb0,P_Amp_I,0.075,0.12253965166976191,0.047539651669761915,False
P3_qrs_0.5_30__file_name__wfdb0,P_Amp_I_iqr,0.0325,0.017134234901614767,0.015365765098385234,False
P3_qrs_0.5_30__file_name__wfdb0,P_Amp_I_count,12.0,12,0.0,True
P3_qrs_0.5_30__file_name__wfdb0,P_Amp_II,0.125,0.11219588258895011,0.012804117411049892,False
P3_qrs_0.5_30__file_name__wfdb0,P_Amp_II_iqr,0.0325,0.016074261768870765,0.016425738231129236,False
P3_qrs_0.5_30__file_name__wfdb0,P_Amp_II_count,12.0,12,0.0,True
P3_qrs_0.5_30__file_name__wfdb0,P_Amp_III,0.075,0.030977462687027547,0.044022537312972454,False
P3_qrs_0.5_30__file_name__wfdb0,P_Amp_III_iqr,0.0249999999999999,0.03735850448142782,0.012358504481427921,False
P3_qrs_0.5_30__file_name__wfdb0,P_Amp_III_count,12.0,12,0.0,True
P3_qrs_0.5_30__file_name__wfdb0,P_Amp_V1,-0.04,-0.040104040372408875,0.00010404037240887426,False
P3_qrs_0.5_30__file_name__wfdb0,P_Amp_V1_iqr,0.0025,0.016785104142500066,0.014285104142500065,False
P3_qrs_0.5_30__file_name__wfdb0,P_Amp_V1_count,12.0,12,0.0,True
P3_qrs_0.5_30__file_name__wfdb0,P_Amp_V2,-0.04,0.036795485356232935,0.07679548535623293,False
P3_qrs_0.5_30__file_name__wfdb0,P_Amp_V2_iqr,0.01,0.018444751516577772,0.008444751516577772,False
P3_qrs_0.5_30__file_name__wfdb0,P_Amp_V2_count,12.0,12,0.0,True
P3_qrs_0.5_30__file_name__wfdb0,P_Amp_V3,-0.04,0.039861624773587956,0.07986162477358796,False
P3_qrs_0.5_30__file_name__wfdb0,P_Amp_V3_iqr,0.035,0.022340349399954343,0.01265965060004566,False
P3_qrs_0.5_30__file_name__wfdb0,P_Amp_V3_count,12.0,12,0.0,True
P3_qrs_0.5_30__file_name__wfdb0,P_Amp_V4,0.025,0.05222354652999417,0.027223546529994168,False
P3_qrs_0.5_30__file_name__wfdb0,P_Amp_V4_iqr,0.0275,0.00904494416843589,0.01845505583156411,False
P3_qrs_0.5_30__file_name__wfdb0,P_Amp_V4_count,12.0,12,0.0,True
P3_qrs_0.5_30__file_name__wfdb0,P_Amp_V5,0.03,0.045034539239856786,0.015034539239856787,False
P3_qrs_0.5_30__file_name__wfdb0,P_Amp_V5_iqr,0.0375,0.012941144603821876,0.024558855396178123,False
P3_qrs_0.5_30__file_name__wfdb0,P_Amp_V5_count,12.0,12,0.0,True
P3_qrs_0.5_30__file_name__wfdb0,P_Amp_V6,0.04,0.047849531916520346,0.007849531916520346,False
P3_qrs_0.5_30__file_name__wfdb0,P_Amp_V6_iqr,0.05,0.018364674541973103,0.0316353254580269,False
P3_qrs_0.5_30__file_name__wfdb0,P_Amp_V6_count,12.0,12,0.0,True
P3_qrs_0.5_30__file_name__wfdb0,P_Amp_aVF,0.09,0.040940083735900426,0.04905991626409957,False
P3_qrs_0.5_30__file_name__wfdb0,P_Amp_aVF_iqr,0.0325,0.03099612280421242,0.0015038771957875813,False
P3_qrs_0.5_30__file_name__wfdb0,P_Amp_aVF_count,12.0,12,0.0,True
P3_qrs_0.5_30__file_name__wfdb0,P_Amp_aVL,0.02,0.0320434354879517,0.012043435487951702,False
P3_qrs_0.5_30__file_name__wfdb0,P_Amp_aVL_iqr,0.045,0.028081970190487533,0.016918029809512465,False
P3_qrs_0.5_30__file_name__wfdb0,P_Amp_aVL_count,12.0,12,0.0,True
P3_qrs_0.5_30__file_name__wfdb0,P_Amp_aVR,-0.095,-0.11526730004875499,0.020267300048754988,False
P3_qrs_0.5_30__file_name__wfdb0,P_Amp_aVR_iqr,0.02,0.014184467837680306,0.005815532162319694,False
P3_qrs_0.5_30__file_name__wfdb0,P_Amp_aVR_count,12.0,12,0.0,True
P3_qrs_0.5_30__file_name__wfdb0,Q_Amp_I,-0.14,-0.1202977428822346,0.01970225711776541,False
P3_qrs_0.5_30__file_name__wfdb0,Q_Amp_I_iqr,0.0425,0.024103481766538398,0.018396518233461605,False
P3_qrs_0.5_30__file_name__wfdb0,Q_Amp_I_count,12.0,12,0.0,True
P3_qrs_0.5_30__file_name__wfdb0,Q_Amp_II,-0.14,-0.1546237990034753,0.014623799003475296,False
P3_qrs_0.5_30__file_name__wfdb0,Q_Amp_II_iqr,0.0325,0.01799686200980305,0.014503137990196951,False
P3_qrs_0.5_30__file_name__wfdb0,Q_Amp_II_count,12.0,12,0.0,True
P3_qrs_0.5_30__file_name__wfdb0,Q_Amp_III,0.06,0.006656922831269462,0.05334307716873053,False
P3_qrs_0.5_30__file_name__wfdb0,Q_Amp_III_iqr,0.035,0.016412212340254015,0.01858778765974599,False
P3_qrs_0.5_30__file_name__wfdb0,Q_Amp_III_count,12.0,12,0.0,True
P3_qrs_0.5_30__file_name__wfdb0,Q_Amp_V1,0.2,0.21207741939803165,0.012077419398031641,False
P3_qrs_0.5_30__file_name__wfdb0,Q_Amp_V1_iqr,0.0399999999999999,0.033551791636222295,0.006448208363777602,False
P3_qrs_0.5_30__file_name__wfdb0,Q_Amp_V1_count,12.0,12,0.0,True
P3_qrs_0.5_30__file_name__wfdb0,Q_Amp_V2,-0.0849999999999999,-0.005480681210868728,0.07951931878913117,False
P3_qrs_0.5_30__file_name__wfdb0,Q_Amp_V2_iqr,0.0224999999999999,0.012166557850238506,0.010333442149761392,False
P3_qrs_0.5_30__file_name__wfdb0,Q_Amp_V2_count,12.0,12,0.0,True
P3_qrs_0.5_30__file_name__wfdb0,Q_Amp_V3,-0.045,-0.02476448723486067,0.020235512765139328,False
P3_qrs_0.5_30__file_name__wfdb0,Q_Amp_V3_iqr,0.0325,0.015482646373930636,0.017017353626069365,False
P3_qrs_0.5_30__file_name__wfdb0,Q_Amp_V3_count,12.0,12,0.0,True
P3_qrs_0.5_30__file_name__wfdb0,Q_Amp_V4,-0.1,-0.10337126537545797,0.0033712653754579686,False
P3_qrs_0.5_30__file_name__wfdb0,Q_Amp_V4_iqr,0.0125,0.017718169239881135,0.005218169239881134,False
P3_qrs_0.5_30__file_name__wfdb0,Q_Amp_V4_count,12.0,12,0.0,True
P3_qrs_0.5_30__file_name__wfdb0,Q_Amp_V5,-0.17,-0.16873990776045755,0.0012600922395424596,False
P3_qrs_0.5_30__file_name__wfdb0,Q_Amp_V5_iqr,0.0375,0.01337675304140537,0.024123246958594628,False
P3_qrs_0.5_30__file_name__wfdb0,Q_Amp_V5_count,12.0,12,0.0,True
P3_qrs_0.5_30__file_name__wfdb0,Q_Amp_V6,-0.155,-0.15282651324615937,0.002173486753840631,False
P3_qrs_0.5_30__file_name__wfdb0,Q_Amp_V6_iqr,0.0499999999999999,0.01427166026994195,0.03572833973005795,False
P3_qrs_0.5_30__file_name__wfdb0,Q_Amp_V6_count,12.0,12,0.0,True
P3_qrs_0.5_30__file_name__wfdb0,Q_Amp_aVF,-0.105,0.1391358512165009,0.2441358512165009,False
P3_qrs_0.5_30__file_name__wfdb0,Q_Amp_aVF_iqr,0.0375,0.04656618945877425,0.00906618945877425,False
P3_qrs_0.5_30__file_name__wfdb0,Q_Amp_aVF_count,12.0,12,0.0,True
P3_qrs_0.5_30__file_name__wfdb0,Q_Amp_aVL,-0.075,-0.09216482242022676,0.017164822420226766,False
P3_qrs_0.5_30__file_name__wfdb0,Q_Amp_aVL_iqr,0.0424999999999999,0.013931453784909203,0.028568546215090695,False
P3_qrs_0.5_30__file_name__wfdb0,Q_Amp_aVL_count,12.0,12,0.0,True
P3_qrs_0.5_30__file_name__wfdb0,Q_Amp_aVR,0.145,0.1341964815060278,0.01080351849397218,False
P3_qrs_0.5_30__file_name__wfdb0,Q_Amp_aVR_iqr,0.0325,0.015973004811132202,0.0165269951888678,False
P3_qrs_0.5_30__file_name__wfdb0,Q_Amp_aVR_count,12.0,12,0.0,True
P3_qrs_0.5_30__file_name__wfdb0,R_Amp_I,1.6,1.4469690732089757,0.15303092679102437,False
P3_qrs_0.5_30__file_name__wfdb0,R_Amp_I_iqr,0.1224999999999998,0.10458930924018084,0.017910690759818965,False
P3_qrs_0.5_30__file_name__wfdb0,R_Amp_I_count,12.0,12,0.0,True
P3_qrs_0.5_30__file_name__wfdb0,R_Amp_II,0.975,0.8487325533370784,0.12626744666292156,False
P3_qrs_0.5_30__file_name__wfdb0,R_Amp_II_iqr,0.045,0.03163822213879319,0.013361777861206806,False
P3_qrs_0.5_30__file_name__wfdb0,R_Amp_II_count,12.0,12,0.0,True
P3_qrs_0.5_30__file_name__wfdb0,R_Amp_III,-0.71,-0.6098307973939681,0.1001692026060319,False
P3_qrs_0.5_30__file_name__wfdb0,R_Amp_III_iqr,0.14,0.10087413419477609,0.039125865805223925,False
P3_qrs_0.5_30__file_name__wfdb0,R_Amp_III_count,12.0,12,0.0,True
P3_qrs_0.5_30__file_name__wfdb0,R_Amp_V1,-0.955,-0.8998565136512306,0.05514348634876931,False
P3_qrs_0.5_30__file_name__wfdb0,R_Amp_V1_iqr,0.1149999999999999,0.13755846278085082,0.022558462780850927,False
P3_qrs_0.5_30__file_name__wfdb0,R_Amp_V1_count,12.0,12,0.0,True
P3_qrs_0.5_30__file_name__wfdb0,R_Amp_V2,0.885,0.9806717013573472,0.09567170135734715,False
P3_qrs_0.5_30__file_name__wfdb0,R_Amp_V2_iqr,0.075,0.04195139176008378,0.03304860823991622,False
P3_qrs_0.5_30__file_name__wfdb0,R_Amp_V2_count,12.0,12,0.0,True
P3_qrs_0.5_30__file_name__wfdb0,R_Amp_V3,1.68,1.560491123986317,0.11950887601368287,False
P3_qrs_0.5_30__file_name__wfdb0,R_Amp_V3_iqr,0.0949999999999999,0.09251052256079584,0.002489477439204066,False
P3_qrs_0.5_30__file_name__wfdb0,R_Amp_V3_count,12.0,12,0.0,True
P3_qrs_0.5_30__file_name__wfdb0,R_Amp_V4,1.835,1.6478114426330273,0.1871885573669727,False
P3_qrs_0.5_30__file_name__wfdb0,R_Amp_V4_iqr,0.1624999999999998,0.1144808485698614,0.04801915143013841,False
P3_qrs_0.5_30__file_name__wfdb0,R_Amp_V4_count,12.0,12,0.0,True
P3_qrs_0.5_30__file_name__wfdb0,R_Amp_V5,1.6,1.401447372461661,0.19855262753833913,False
P3_qrs_0.5_30__file_name__wfdb0,R_Amp_V5_iqr,0.0749999999999997,0.08516008021373334,0.01016008021373363,False
P3_qrs_0.5_30__file_name__wfdb0,R_Amp_V5_count,12.0,12,0.0,True
P3_qrs_0.5_30__file_name__wfdb0,R_Amp_V6,1.17,1.0267579713847348,0.14324202861526514,False
P3_qrs_0.5_30__file_name__wfdb0,R_Amp_V6_iqr,0.0524999999999999,0.04539658698775939,0.00710341301224051,False
P3_qrs_0.5_30__file_name__wfdb0,R_Amp_V6_count,12.0,12,0.0,True
P3_qrs_0.5_30__file_name__wfdb0,R_Amp_aVF,0.255,0.7097225954987658,0.4547225954987658,False
P3_qrs_0.5_30__file_name__wfdb0,R_Amp_aVF_iqr,0.09,0.15862655906894318,0.06862655906894319,False
P3_qrs_0.5_30__file_name__wfdb0,R_Amp_aVF_count,12.0,12,0.0,True
P3_qrs_0.5_30__file_name__wfdb0,R_Amp_aVL,1.15,0.13567570387415268,1.0143242961258472,False
P3_qrs_0.5_30__file_name__wfdb0,R_Amp_aVL_iqr,0.1549999999999998,0.08770153572632271,0.0672984642736771,False
P3_qrs_0.5_30__file_name__wfdb0,R_Amp_aVL_count,12.0,12,0.0,True
P3_qrs_0.5_30__file_name__wfdb0,R_Amp_aVR,-1.3,-1.1409454614818615,0.15905453851813856,False
P3_qrs_0.5_30__file_name__wfdb0,R_Amp_aVR_iqr,0.09,0.02277981850319355,0.06722018149680645,False
P3_qrs_0.5_30__file_name__wfdb0,R_Amp_aVR_count,12.0,12,0.0,True
P3_qrs_0.5_30__file_name__wfdb0,S_Amp_I,-0.12,-0.07277069945290845,0.04722930054709154,False
P3_qrs_0.5_30__file_name__wfdb0,S_Amp_I_iqr,0.0525,0.02360544359020631,0.028894556409793687,False
P3_qrs_0.5_30__file_name__wfdb0,S_Amp_I_count,12.0,12,0.0,True
P3_qrs_0.5_30__file_name__wfdb0,S_Amp_II,-0.0849999999999999,-0.10668156196620679,0.021681561966206894,False
P3_qrs_0.5_30__file_name__wfdb0,S_Amp_II_iqr,0.0375,0.012826306852938132,0.024673693147061866,False
P3_qrs_0.5_30__file_name__wfdb0,S_Amp_II_count,12.0,12,0.0,True
P3_qrs_0.5_30__file_name__wfdb0,S_Amp_III,-0.02,-0.04758179889851739,0.027581798898517387,False
P3_qrs_0.5_30__file_name__wfdb0,S_Amp_III_iqr,0.09,0.051974296923661276,0.03802570307633872,False
P3_qrs_0.5_30__file_name__wfdb0,S_Amp_III_count,12.0,12,0.0,True
P3_qrs_0.5_30__file_name__wfdb0,S_Amp_V1,0.02,0.01414746114644272,0.0058525388535572796,False
P3_qrs_0.5_30__file_name__wfdb0,S_Amp_V1_iqr,0.025,0.011826937554469648,0.013173062445530353,False
P3_qrs_0.5_30__file_name__wfdb0,S_Amp_V1_count,12.0,12,0.0,True
P3_qrs_0.5_30__file_name__wfdb0,S_Amp_V2,-0.735,-0.5684770685620559,0.16652293143794406,False
P3_qrs_0.5_30__file_name__wfdb0,S_Amp_V2_iqr,0.05,0.0320970246964708,0.017902975303529203,False
P3_qrs_0.5_30__file_name__wfdb0,S_Amp_V2_count,12.0,12,0.0,True
P3_qrs_0.5_30__file_name__wfdb0,S_Amp_V3,-0.325,-0.3424968094672132,0.017496809467213215,False
P3_qrs_0.5_30__file_name__wfdb0,S_Amp_V3_iqr,0.0575,0.030054390893614114,0.02744560910638589,False
P3_qrs_0.5_30__file_name__wfdb0,S_Amp_V3_count,12.0,12,0.0,True
P3_qrs_0.5_30__file_name__wfdb0,S_Amp_V4,-0.13,-0.20752982303888906,0.07752982303888906,False
P3_qrs_0.5_30__file_name__wfdb0,S_Amp_V4_iqr,0.03,0.008534273873388898,0.0214657261266111,False
P3_qrs_0.5_30__file_name__wfdb0,S_Amp_V4_count,12.0,12,0.0,True
P3_qrs_0.5_30__file_name__wfdb0,S_Amp_V5,-0.065,-0.06844312368949297,0.003443123689492969,False
P3_qrs_0.5_30__file_name__wfdb0,S_Amp_V5_iqr,0.04,0.013522123262640393,0.02647787673735961,False
P3_qrs_0.5_30__file_name__wfdb0,S_Amp_V5_count,12.0,12,0.0,True
P3_qrs_0.5_30__file_name__wfdb0,S_Amp_V6,-0.09,-0.060571655675049386,0.02942834432495061,False
P3_qrs_0.5_30__file_name__wfdb0,S_Amp_V6_iqr,0.0625,0.026403200098131956,0.036096799901868044,False
P3_qrs_0.5_30__file_name__wfdb0,S_Amp_V6_count,12.0,12,0.0,True
P3_qrs_0.5_30__file_name__wfdb0,S_Amp_aVF,-0.065,0.050354733407546676,0.11535473340754668,False
P3_qrs_0.5_30__file_name__wfdb0,S_Amp_aVF_iqr,0.0275,0.018848490440618287,0.008651509559381713,False
P3_qrs_0.5_30__file_name__wfdb0,S_Amp_aVF_count,12.0,12,0.0,True
P3_qrs_0.5_30__file_name__wfdb0,S_Amp_aVL,-0.07,-0.052437258456171726,0.01756274154382828,False
P3_qrs_0.5_30__file_name__wfdb0,S_Amp_aVL_iqr,0.0699999999999999,0.026858265255451923,0.04314173474454797,False
P3_qrs_0.5_30__file_name__wfdb0,S_Amp_aVL_count,12.0,12,0.0,True
P3_qrs_0.5_30__file_name__wfdb0,S_Amp_aVR,0.07,0.06787026837924573,0.002129731620754277,False
P3_qrs_0.5_30__file_name__wfdb0,S_Amp_aVR_iqr,0.035,0.031222814252838745,0.003777185747161259,False
P3_qrs_0.5_30__file_name__wfdb0,S_Amp_aVR_count,12.0,12,0.0,True
P3_qrs_0.5_30__file_name__wfdb0,T_Amp_I,0.065,0.11472403283551304,0.049724032835513035,False
P3_qrs_0.5_30__file_name__wfdb0,T_Amp_I_iqr,0.03,0.009190374328185646,0.020809625671814352,False
P3_qrs_0.5_30__file_name__wfdb0,T_Amp_I_count,12.0,12,0.0,True
P3_qrs_0.5_30__file_name__wfdb0,T_Amp_II,-0.1,-0.10226393393177532,0.0022639339317753193,False
P3_qrs_0.5_30__file_name__wfdb0,T_Amp_II_iqr,0.025,0.02217639550299126,0.00282360449700874,False
P3_qrs_0.5_30__file_name__wfdb0,T_Amp_II_count,12.0,12,0.0,True
P3_qrs_0.5_30__file_name__wfdb0,T_Amp_III,-0.15,-0.2001574458644072,0.05015744586440721,False
P3_qrs_0.5_30__file_name__wfdb0,T_Amp_III_iqr,0.055,0.019784407125639558,0.03521559287436044,False
P3_qrs_0.5_30__file_name__wfdb0,T_Amp_III_count,12.0,12,0.0,True
P3_qrs_0.5_30__file_name__wfdb0,T_Amp_V1,0.11,0.10751823216649968,0.00248176783350032,False
P3_qrs_0.5_30__file_name__wfdb0,T_Amp_V1_iqr,0.0249999999999999,0.014597792224764122,0.010402207775235778,False
P3_qrs_0.5_30__file_name__wfdb0,T_Amp_V1_count,12.0,12,0.0,True
P3_qrs_0.5_30__file_name__wfdb0,T_Amp_V2,0.29,0.3711186872330702,0.0811186872330702,False
P3_qrs_0.5_30__file_name__wfdb0,T_Amp_V2_iqr,0.0399999999999999,0.02629148070878612,0.013708519291213778,False
P3_qrs_0.5_30__file_name__wfdb0,T_Amp_V2_count,12.0,12,0.0,True
P3_qrs_0.5_30__file_name__wfdb0,T_Amp_V3,0.17,0.2417432343885465,0.07174323438854649,False
P3_qrs_0.5_30__file_name__wfdb0,T_Amp_V3_iqr,0.0375,0.007148065570353218,0.03035193442964678,False
P3_qrs_0.5_30__file_name__wfdb0,T_Amp_V3_count,12.0,12,0.0,True
P3_qrs_0.5_30__file_name__wfdb0,T_Amp_V4,0.055,0.08564988577061286,0.03064988577061286,False
P3_qrs_0.5_30__file_name__wfdb0,T_Amp_V4_iqr,0.035,0.011141431557869175,0.02385856844213083,False
P3_qrs_0.5_30__file_name__wfdb0,T_Amp_V4_count,12.0,12,0.0,True
P3_qrs_0.5_30__file_name__wfdb0,T_Amp_V5,-0.115,-0.08968884626581822,0.025311153734181788,False
P3_qrs_0.5_30__file_name__wfdb0,T_Amp_V5_iqr,0.0475,0.016762106438424018,0.030737893561575982,False
P3_qrs_0.5_30__file_name__wfdb0,T_Amp_V5_count,12.0,12,0.0,True
P3_qrs_0.5_30__file_name__wfdb0,T_Amp_V6,-0.11,-0.09415384572220664,0.01584615427779336,False
P3_qrs_0.5_30__file_name__wfdb0,T_Amp_V6_iqr,0.0575,0.022352455505610616,0.035147544494389386,False
P3_qrs_0.5_30__file_name__wfdb0,T_Amp_V6_count,12.0,12,0.0,True
P3_qrs_0.5_30__file_name__wfdb0,T_Amp_aVF,-0.1149999999999999,0.15180897911451063,0.2668089791145105,False
P3_qrs_0.5_30__file_name__wfdb0,T_Amp_aVF_iqr,0.0425,0.013466325785228023,0.02903367421477198,False
P3_qrs_0.5_30__file_name__wfdb0,T_Amp_aVF_count,12.0,12,0.0,True
P3_qrs_0.5_30__file_name__wfdb0,T_Amp_aVL,0.1,-0.13737441207484374,0.23737441207484375,False
P3_qrs_0.5_30__file_name__wfdb0,T_Amp_aVL_iqr,0.0424999999999999,0.01289056744780781,0.02960943255219209,False
P3_qrs_0.5_30__file_name__wfdb0,T_Amp_aVL_count,12.0,12,0.0,True
P3_qrs_0.5_30__file_name__wfdb0,T_Amp_aVR,-0.015,-0.03749146057504121,0.022491460575041214,False
P3_qrs_0.5_30__file_name__wfdb0,T_Amp_aVR_iqr,0.0225,0.006463708056768436,0.016036291943231563,False
P3_qrs_0.5_30__file_name__wfdb0,T_Amp_aVR_count,12.0,12,0.0,True
P3_qrs_0.5_30__file_name__matlab1,P_Amp_I,0.075,0.12264873954626607,0.04764873954626607,False
P3_qrs_0.5_30__file_name__matlab1,P_Amp_I_iqr,0.0325,0.017049386544274597,0.015450613455725404,False
P3_qrs_0.5_30__file_name__matlab1,P_Amp_I_count,12.0,12,0.0,True
P3_qrs_0.5_30__file_name__matlab1,P_Amp_II,0.125,0.11267867754516364,0.012321322454836359,False
P3_qrs_0.5_30__file_name__matlab1,P_Amp_II_iqr,0.0325,0.013113443834807434,0.019386556165192567,False
P3_qrs_0.5_30__file_name__matlab1,P_Amp_II_count,12.0,12,0.0,True
P3_qrs_0.5_30__file_name__matlab1,P_Amp_III,0.075,0.02831799751045948,0.04668200248954052,False
P3_qrs_0.5_30__file_name__matlab1,P_Amp_III_iqr,0.0249999999999999,0.03462207161304931,0.00962207161304941,False
P3_qrs_0.5_30__file_name__matlab1,P_Amp_III_count,12.0,12,0.0,True
P3_qrs_0.5_30__file_name__matlab1,P_Amp_V1,-0.04,-0.04296746779196131,0.0029674677919613104,False
P3_qrs_0.5_30__file_name__matlab1,P_Amp_V1_iqr,0.0025,0.017958255543141323,0.015458255543141322,False
P3_qrs_0.5_30__file_name__matlab1,P_Amp_V1_count,12.0,12,0.0,True
P3_qrs_0.5_30__file_name__matlab1,P_Amp_V2,-0.04,0.035264280627472264,0.07526428062747226,False
P3_qrs_0.5_30__file_name__matlab1,P_Amp_V2_iqr,0.01,0.017258164478562845,0.007258164478562845,False
P3_qrs_0.5_30__file_name__matlab1,P_Amp_V2_count,12.0,12,0.0,True
P3_qrs_0.5_30__file_name__matlab1,P_Amp_V3,-0.04,0.040118701092700146,0.08011870109270014,False
P3_qrs_0.5_30__file_name__matlab1,P_Amp_V3_iqr,0.035,0.022725524186368688,0.012274475813631315,False
P3_qrs_0.5_30__file_name__matlab1,P_Amp_V3_count,12.0,12,0.0,True
P3_qrs_0.5_30__file_name__matlab1,P_Amp_V4,0.025,0.052456931065322954,0.027456931065322952,False
P3_qrs_0.5_30__file_name__matlab1,P_Amp_V4_iqr,0.0275,0.010074800841096916,0.017425199158903084,False
P3_qrs_0.5_30__file_name__matlab1,P_Amp_V4_count,12.0,12,0.0,True
P3_qrs_0.5_30__file_name__matlab1,P_Amp_V5,0.03,0.04580998114537395,0.01580998114537395,False
P3_qrs_0.5_30__file_name__matlab1,P_Amp_V5_iqr,0.0375,0.013643717345076196,0.023856282654923802,False
P3_qrs_0.5_30__file_name__matlab1,P_Amp_V5_count,12.0,12,0.0,True
P3_qrs_0.5_30__file_name__matlab1,P_Amp_V6,0.04,0.04935768373395961,0.009357683733959607,False
P3_qrs_0.5_30__file_name__matlab1,P_Amp_V6_iqr,0.05,0.017740725783501242,0.03225927421649876,False
P3_qrs_0.5_30__file_name__matlab1,P_Amp_V6_count,12.0,12,0.0,True
P3_qrs_0.5_30__file_name__matlab1,P_Amp_aVF,0.09,0.03519341529595073,0.05480658470404927,False
P3_qrs_0.5_30__file_name__matlab1,P_Amp_aVF_iqr,0.0325,0.031836657552578224,0.0006633424474217775,False
P3_qrs_0.5_30__file_name__matlab1,P_Amp_aVF_count,12.0,12,0.0,True
P3_qrs_0.5_30__file_name__matlab1,P_Amp_aVL,0.02,0.035869501289080806,0.015869501289080806,False
P3_qrs_0.5_30__file_name__matlab1,P_Amp_aVL_iqr,0.045,0.026656166392424487,0.01834383360757551,False
P3_qrs_0.5_30__file_name__matlab1,P_Amp_aVL_count,12.0,12,0.0,True
P3_qrs_0.5_30__file_name__matlab1,P_Amp_aVR,-0.095,-0.11410603620059138,0.019106036200591384,False
P3_qrs_0.5_30__file_name__matlab1,P_Amp_aVR_iqr,0.02,0.014441867948059003,0.005558132051940997,False
P3_qrs_0.5_30__file_name__matlab1,P_Amp_aVR_count,12.0,12,0.0,True
P3_qrs_0.5_30__file_name__matlab1,Q_Amp_I,-0.14,-0.12908202974029956,0.010917970259700455,False
P3_qrs_0.5_30__file_name__matlab1,Q_Amp_I_iqr,0.0425,0.01911693765485964,0.023383062345140364,False
P3_qrs_0.5_30__file_name__matlab1,Q_Amp_I_count,12.0,12,0.0,True
P3_qrs_0.5_30__file_name__matlab1,Q_Amp_II,-0.14,-0.16131696477430502,0.021316964774305003,False
P3_qrs_0.5_30__file_name__matlab1,Q_Amp_II_iqr,0.0325,0.015382566630234407,0.017117433369765594,False
P3_qrs_0.5_30__file_name__matlab1,Q_Amp_II_count,12.0,12,0.0,True
P3_qrs_0.5_30__file_name__matlab1,Q_Amp_III,0.06,0.007031119954315278,0.05296888004568472,False
P3_qrs_0.5_30__file_name__matlab1,Q_Amp_III_iqr,0.035,0.016443083796775112,0.01855691620322489,False
P3_qrs_0.5_30__file_name__matlab1,Q_Amp_III_count,12.0,12,0.0,True
P3_qrs_0.5_30__file_name__matlab1,Q_Amp_V1,0.2,0.21649618346164662,0.016496183461646607,False
P3_qrs_0.5_30__file_name__matlab1,Q_Amp_V1_iqr,0.0399999999999999,0.03265427131193285,0.007345728688067044,False
P3_qrs_0.5_30__file_name__matlab1,Q_Amp_V1_count,12.0,12,0.0,True
P3_qrs_0.5_30__file_name__matlab1,Q_Amp_V2,-0.0849999999999999,-0.005605079901584029,0.07939492009841587,False
P3_qrs_0.5_30__file_name__matlab1,Q_Amp_V2_iqr,0.0224999999999999,0.012367860079878243,0.010132139920121656,False
P3_qrs_0.5_30__file_name__matlab1,Q_Amp_V2_count,12.0,12,0.0,True
P3_qrs_0.5_30__file_name__matlab1,Q_Amp_V3,-0.045,-0.03477015070186971,0.01022984929813029,False
P3_qrs_0.5_30__file_name__matlab1,Q_Amp_V3_iqr,0.0325,0.013839180786792325,0.018660819213207676,False
P3_qrs_0.5_30__file_name__matlab1,Q_Amp_V3_count,12.0,12,0.0,True
P3_qrs_0.5_30__file_name__matlab1,Q_Amp_V4,-0.1,-0.10888696710222537,0.008886967102225363,False
P3_qrs_0.5_30__file_name__matlab1,Q_Amp_V4_iqr,0.0125,0.019008760685820456,0.006508760685820455,False
P3_qrs_0.5_30__file_name__matlab1,Q_Amp_V4_count,12.0,12,0.0,True
P3_qrs_0.5_30__file_name__matlab1,Q_Amp_V5,-0.17,-0.17629151798031553,0.00629151798031552,False
P3_qrs_0.5_30__file_name__matlab1,Q_Amp_V5_iqr,0.0375,0.00967686365570089,0.02782313634429911,False
P3_qrs_0.5_30__file_name__matlab1,Q_Amp_V5_count,12.0,12,0.0,True
P3_qrs_0.5_30__file_name__matlab1,Q_Amp_V6,-0.155,-0.1600840538378518,0.005084053837851793,False
P3_qrs_0.5_30__file_name__matlab1,Q_Amp_V6_iqr,0.0499999999999999,0.010178761854847479,0.03982123814515242,False
P3_qrs_0.5_30__file_name__matlab1,Q_Amp_V6_count,12.0,12,0.0,True
P3_qrs_0.5_30__file_name__matlab1,Q_Amp_aVF,-0.105,0.07294216633806655,0.17794216633806653,False
P3_qrs_0.5_30__file_name__matlab1,Q_Amp_aVF_iqr,0.0375,0.029533413534850873,0.007966586465149125,False
P3_qrs_0.5_30__file_name__matlab1,Q_Amp_aVF_count,12.0,12,0.0,True
P3_qrs_0.5_30__file_name__matlab1,Q_Amp_aVL,-0.075,-0.079222555843665,0.004222555843665002,False
P3_qrs_0.5_30__file_name__matlab1,Q_Amp_aVL_iqr,0.0424999999999999,0.012439062495007897,0.030060937504992002,False
P3_qrs_0.5_30__file_name__matlab1,Q_Amp_aVL_count,12.0,12,0.0,True
P3_qrs_0.5_30__file_name__matlab1,Q_Amp_aVR,0.145,0.13996333455378346,0.005036665446216532,False
P3_qrs_0.5_30__file_name__matlab1,Q_Amp_aVR_iqr,0.0325,0.013332699701680079,0.019167300298319923,False
P3_qrs_0.5_30__file_name__matlab1,Q_Amp_aVR_count,12.0,12,0.0,True
P3_qrs_0.5_30__file_name__matlab1,R_Amp_I,1.6,1.460646615582214,0.1393533844177861,False
P3_qrs_0.5_30__file_name__matlab1,R_Amp_I_iqr,0.1224999999999998,0.1051262366512431,0.017373763348756704,False
P3_qrs_0.5_30__file_name__matlab1,R_Amp_I_count,12.0,12,0.0,True
P3_qrs_0.5_30__file_name__matlab1,R_Amp_II,0.975,0.8642551681380916,0.11074483186190842,False
P3_qrs_0.5_30__file_name__matlab1,R_Amp_II_iqr,0.045,0.03451222299089596,0.01048777700910404,False
P3_qrs_0.5_30__file_name__matlab1,R_Amp_II_count,12.0,12,0.0,True
P3_qrs_0.5_30__file_name__matlab1,R_Amp_III,-0.71,-0.6247620985910927,0.0852379014089073,False
P3_qrs_0.5_30__file_name__matlab1,R_Amp_III_iqr,0.14,0.11113942776627028,0.02886057223372973,False
P3_qrs_0.5_30__file_name__matlab1,R_Amp_III_count,12.0,12,0.0,True
P3_qrs_0.5_30__file_name__matlab1,R_Amp_V1,-0.955,-0.9110806774397762,0.043919322560223795,False
P3_qrs_0.5_30__file_name__matlab1,R_Amp_V1_iqr,0.1149999999999999,0.14155843051762518,0.026558430517625284,False
P3_qrs_0.5_30__file_name__matlab1,R_Amp_V1_count,12.0,12,0.0,True
P3_qrs_0.5_30__file_name__matlab1,R_Amp_V2,0.885,0.9928865041167817,0.10788650411678169,False
P3_qrs_0.5_30__file_name__matlab1,R_Amp_V2_iqr,0.075,0.038144905707040655,0.03685509429295934,False
P3_qrs_0.5_30__file_name__matlab1,R_Amp_V2_count,12.0,12,0.0,True
P3_qrs_0.5_30__file_name__matlab1,R_Amp_V3,1.68,1.590035000669844,0.08996499933015589,False
P3_qrs_0.5_30__file_name__matlab1,R_Amp_V3_iqr,0.0949999999999999,0.09127211591886408,0.003727884081135821,False
P3_qrs_0.5_30__file_name__matlab1,R_Amp_V3_count,12.0,12,0.0,True
P3_qrs_0.5_30__file_name__matlab1,R_Amp_V4,1.835,1.6636262126901271,0.17137378730987285,False
P3_qrs_0.5_30__file_name__matlab1,R_Amp_V4_iqr,0.1624999999999998,0.10918991308443116,0.053310086915568655,False
P3_qrs_0.5_30__file_name__matlab1,R_Amp_V4_count,12.0,12,0.0,True
P3_qrs_0.5_30__file_name__matlab1,R_Amp_V5,1.6,1.4289674880948358,0.17103251190516433,False
P3_qrs_0.5_30__file_name__matlab1,R_Amp_V5_iqr,0.0749999999999997,0.08760946791100355,0.012609467911003841,False
P3_qrs_0.5_30__file_name__matlab1,R_Amp_V5_count,12.0,12,0.0,True
P3_qrs_0.5_30__file_name__matlab1,R_Amp_V6,1.17,1.038832687496325,0.13116731250367497,False
P3_qrs_0.5_30__file_name__matlab1,R_Amp_V6_iqr,0.0524999999999999,0.053146226361037385,0.0006462263610374844,False
P3_qrs_0.5_30__file_name__matlab1,R_Amp_V6_count,12.0,12,0.0,True
P3_qrs_0.5_30__file_name__matlab1,R_Amp_aVF,0.255,0.822959061160651,0.567959061160651,False
P3_qrs_0.5_30__file_name__matlab1,R_Amp_aVF_iqr,0.09,0.14778814762864512,0.05778814762864512,False
P3_qrs_0.5_30__file_name__matlab1,R_Amp_aVF_count,12.0,12,0.0,True
P3_qrs_0.5_30__file_name__matlab1,R_Amp_aVL,1.15,0.11651777062811508,1.0334822293718848,False
P3_qrs_0.5_30__file_name__matlab1,R_Amp_aVL_iqr,0.1549999999999998,0.07086340837228236,0.08413659162771744,False
P3_qrs_0.5_30__file_name__matlab1,R_Amp_aVL_count,12.0,12,0.0,True
P3_qrs_0.5_30__file_name__matlab1,R_Amp_aVR,-1.3,-1.153410721489909,0.14658927851009107,False
P3_qrs_0.5_30__file_name__matlab1,R_Amp_aVR_iqr,0.09,0.028016617923701137,0.06198338207629886,False
P3_qrs_0.5_30__file_name__matlab1,R_Amp_aVR_count,12.0,12,0.0,True
P3_qrs_0.5_30__file_name__matlab1,S_Amp_I,-0.12,-0.07299628562110556,0.04700371437889443,False
P3_qrs_0.5_30__file_name__matlab1,S_Amp_I_iqr,0.0525,0.025115870576786936,0.027384129423213062,False
P3_qrs_0.5_30__file_name__matlab1,S_Amp_I_count,12.0,12,0.0,True
P3_qrs_0.5_30__file_name__matlab1,S_Amp_II,-0.0849999999999999,-0.10712193553954273,0.022121935539542836,False
P3_qrs_0.5_30__file_name__matlab1,S_Amp_II_iqr,0.0375,0.01269842654123124,0.02480157345876876,False
P3_qrs_0.5_30__file_name__matlab1,S_Amp_II_count,12.0,12,0.0,True
P3_qrs_0.5_30__file_name__matlab1,S_Amp_III,-0.02,-0.04307258003525158,0.023072580035251578,False
P3_qrs_0.5_30__file_name__matlab1,S_Amp_III_iqr,0.09,0.050335346433170995,0.039664653566829,False
P3_qrs_0.5_30__file_name__matlab1,S_Amp_III_count,12.0,12,0.0,True
P3_qrs_0.5_30__file_name__matlab1,S_Amp_V1,0.02,0.011699231724106108,0.008300768275893893,False
P3_qrs_0.5_30__file_name__matlab1,S_Amp_V1_iqr,0.025,0.012194579902764053,0.012805420097235948,False
P3_qrs_0.5_30__file_name__matlab1,S_Amp_V1_count,12.0,12,0.0,True
P3_qrs_0.5_30__file_name__matlab1,S_Amp_V2,-0.735,-0.5917288442545654,0.1432711557454346,False
P3_qrs_0.5_30__file_name__matlab1,S_Amp_V2_iqr,0.05,0.024242409782731955,0.025757590217268048,False
P3_qrs_0.5_30__file_name__matlab1,S_Amp_V2_count,12.0,12,0.0,True
P3_qrs_0.5_30__file_name__matlab1,S_Amp_V3,-0.325,-0.3513584071429011,0.026358407142901108,False
P3_qrs_0.5_30__file_name__matlab1,S_Amp_V3_iqr,0.0575,0.02681034525450221,0.030689654745497792,False
P3_qrs_0.5_30__file_name__matlab1,S_Amp_V3_count,12.0,12,0.0,True
P3_qrs_0.5_30__file_name__matlab1,S_Amp_V4,-0.13,-0.21957717508724767,0.08957717508724766,False
P3_qrs_0.5_30__file_name__matlab1,S_Amp_V4_iqr,0.03,0.004286088338958188,0.02571391166104181,False
P3_qrs_0.5_30__file_name__matlab1,S_Amp_V4_count,12.0,12,0.0,True
P3_qrs_0.5_30__file_name__matlab1,S_Amp_V5,-0.065,-0.06877413184406686,0.003774131844066858,False
P3_qrs_0.5_30__file_name__matlab1,S_Amp_V5_iqr,0.04,0.01407187902335584,0.02592812097664416,False
P3_qrs_0.5_30__file_name__matlab1,S_Amp_V5_count,12.0,12,0.0,True
P3_qrs_0.5_30__file_name__matlab1,S_Amp_V6,-0.09,-0.06131790786378641,0.02868209213621359,False
P3_qrs_0.5_30__file_name__matlab1,S_Amp_V6_iqr,0.0625,0.02644539189327643,0.03605460810672357,False
P3_qrs_0.5_30__file_name__matlab1,S_Amp_V6_count,12.0,12,0.0,True
P3_qrs_0.5_30__file_name__matlab1,S_Amp_aVF,-0.065,0.05689132135024533,0.12189132135024533,False
P3_qrs_0.5_30__file_name__matlab1,S_Amp_aVF_iqr,0.0275,0.02242612535748828,0.00507387464251172,False
P3_qrs_0.5_30__file_name__matlab1,S_Amp_aVF_count,12.0,12,0.0,True
P3_qrs_0.5_30__file_name__matlab1,S_Amp_aVL,-0.07,-0.052031803086361614,0.017968196913638393,False
P3_qrs_0.5_30__file_name__matlab1,S_Amp_aVL_iqr,0.0699999999999999,0.023444269854587987,0.04655573014541191,False
P3_qrs_0.5_30__file_name__matlab1,S_Amp_aVL_count,12.0,12,0.0,True
P3_qrs_0.5_30__file_name__matlab1,S_Amp_aVR,0.07,0.0681138913852882,0.0018861086147118067,False
P3_qrs_0.5_30__file_name__matlab1,S_Amp_aVR_iqr,0.035,0.030616251337373813,0.00438374866262619,False
P3_qrs_0.5_30__file_name__matlab1,S_Amp_aVR_count,12.0,12,0.0,True
P3_qrs_0.5_30__file_name__matlab1,T_Amp_I,0.065,0.11417841350638304,0.04917841350638304,False
P3_qrs_0.5_30__file_name__matlab1,T_Amp_I_iqr,0.03,0.009804940131699025,0.020195059868300974,False
P3_qrs_0.5_30__file_name__matlab1,T_Amp_I_count,12.0,12,0.0,True
P3_qrs_0.5_30__file_name__matlab1,T_Amp_II,-0.1,-0.1033608777666604,0.0033608777666604,False
P3_qrs_0.5_30__file_name__matlab1,T_Amp_II_iqr,0.025,0.021305735682668442,0.0036942643173315595,False
P3_qrs_0.5_30__file_name__matlab1,T_Amp_II_count,12.0,12,0.0,True
P3_qrs_0.5_30__file_name__matlab1,T_Amp_III,-0.15,-0.2005831423999606,0.05058314239996062,False
P3_qrs_0.5_30__file_name__matlab1,T_Amp_III_iqr,0.055,0.0186476358788438,0.0363523641211562,False
P3_qrs_0.5_30__file_name__matlab1,T_Amp_III_count,12.0,12,0.0,True
P3_qrs_0.5_30__file_name__matlab1,T_Amp_V1,0.11,0.10911275161378331,0.0008872483862166908,False
P3_qrs_0.5_30__file_name__matlab1,T_Amp_V1_iqr,0.0249999999999999,0.015235512990211045,0.009764487009788856,False
P3_qrs_0.5_30__file_name__matlab1,T_Amp_V1_count,12.0,12,0.0,True
P3_qrs_0.5_30__file_name__matlab1,T_Amp_V2,0.29,0.3734460402312887,0.08344604023128871,False
P3_qrs_0.5_30__file_name__matlab1,T_Amp_V2_iqr,0.0399999999999999,0.025319921035328485,0.014680078964671411,False
P3_qrs_0.5_30__file_name__matlab1,T_Amp_V2_count,12.0,12,0.0,True
P3_qrs_0.5_30__file_name__matlab1,T_Amp_V3,0.17,0.24219615135906503,0.07219615135906501,False
P3_qrs_0.5_30__file_name__matlab1,T_Amp_V3_iqr,0.0375,0.006827241922616134,0.030672758077383865,False
P3_qrs_0.5_30__file_name__matlab1,T_Amp_V3_count,12.0,12,0.0,True
P3_qrs_0.5_30__file_name__matlab1,T_Amp_V4,0.055,0.08703319911006625,0.03203319911006625,False
P3_qrs_0.5_30__file_name__matlab1,T_Amp_V4_iqr,0.035,0.011389995738878,0.023610004261122003,False
P3_qrs_0.5_30__file_name__matlab1,T_Amp_V4_count,12.0,12,0.0,True
P3_qrs_0.5_30__file_name__matlab1,T_Amp_V5,-0.115,-0.09041823887223371,0.02458176112776629,False
P3_qrs_0.5_30__file_name__matlab1,T_Amp_V5_iqr,0.0475,0.016661372295848173,0.030838627704151828,False
P3_qrs_0.5_30__file_name__matlab1,T_Amp_V5_count,12.0,12,0.0,True
P3_qrs_0.5_30__file_name__matlab1,T_Amp_V6,-0.11,-0.09502669256952513,0.01497330743047487,False
P3_qrs_0.5_30__file_name__matlab1,T_Amp_V6_iqr,0.0575,0.023492775244494682,0.03400722475550532,False
P3_qrs_0.5_30__file_name__matlab1,T_Amp_V6_count,12.0,12,0.0,True
P3_qrs_0.5_30__file_name__matlab1,T_Amp_aVF,-0.1149999999999999,0.15119585705601452,0.2661958570560144,False
P3_qrs_0.5_30__file_name__matlab1,T_Amp_aVF_iqr,0.0425,0.012818686990521438,0.029681313009478565,False
P3_qrs_0.5_30__file_name__matlab1,T_Amp_aVF_count,12.0,12,0.0,True
P3_qrs_0.5_30__file_name__matlab1,T_Amp_aVL,0.1,-0.1400678238178651,0.2400678238178651,False
P3_qrs_0.5_30__file_name__matlab1,T_Amp_aVL_iqr,0.0424999999999999,0.011971411791162012,0.030528588208837887,False
P3_qrs_0.5_30__file_name__matlab1,T_Amp_aVL_count,12.0,12,0.0,True
P3_qrs_0.5_30__file_name__matlab1,T_Amp_aVR,-0.015,-0.036238518456958684,0.021238518456958684,False
P3_qrs_0.5_30__file_name__matlab1,T_Amp_aVR_iqr,0.0225,0.00775282782886455,0.014747172171135449,False
P3_qrs_0.5_30__file_name__matlab1,T_Amp_aVR_count,12.0,12,0.0,True
P3_t_0.3_20__csv_name__wfdb0,P_Amp_I,0.075,0.12039378235513615,0.04539378235513615,False
P3_t_0.3_20__csv_name__wfdb0,P_Amp_I_iqr,0.0325,0.015820337814041685,0.016679662185958316,False
P3_t_0.3_20__csv_name__wfdb0,P_Amp_I_count,12.0,12,0.0,True
P3_t_0.3_20__csv_name__wfdb0,P_Amp_II,0.125,0.10572605563247912,0.019273944367520876,False
P3_t_0.3_20__csv_name__wfdb0,P_Amp_II_iqr,0.0325,0.016907848166078487,0.015592151833921514,False
P3_t_0.3_20__csv_name__wfdb0,P_Amp_II_count,12.0,12,0.0,True
P3_t_0.3_20__csv_name__wfdb0,P_Amp_III,0.075,0.02906479863880496,0.04593520136119504,False
P3_t_0.3_20__csv_name__wfdb0,P_Amp_III_iqr,0.0249999999999999,0.030081082055767254,0.005081082055767353,False
P3_t_0.3_20__csv_name__wfdb0,P_Amp_III_count,12.0,12,0.0,True
P3_t_0.3_20__csv_name__wfdb0,P_Amp_V1,-0.04,-0.06522303878630702,0.025223038786307016,False
P3_t_0.3_20__csv_name__wfdb0,P_Amp_V1_iqr,0.0025,0.0147610304441214,0.0122610304441214,False
P3_t_0.3_20__csv_name__wfdb0,P_Amp_V1_count,12.0,12,0.0,True
P3_t_0.3_20__csv_name__wfdb0,P_Amp_V2,-0.04,0.034765102487156474,0.07476510248715648,False
P3_t_0.3_20__csv_name__wfdb0,P_Amp_V2_iqr,0.01,0.018587522117892212,0.008587522117892212,False
P3_t_0.3_20__csv_name__wfdb0,P_Amp_V2_count,12.0,12,0.0,True
P3_t_0.3_20__csv_name__wfdb0,P_Amp_V3,-0.04,0.04738397838334566,0.08738397838334566,False
P3_t_0.3_20__csv_name__wfdb0,P_Amp_V3_iqr,0.035,0.03055182870439368,0.004448171295606325,False
P3_t_0.3_20__csv_name__wfdb0,P_Amp_V3_count,12.0,12,0.0,True
P3_t_0.3_20__csv_name__wfdb0,P_Amp_V4,0.025,0.05204069817290305,0.027040698172903048,False
P3_t_0.3_20__csv_name__wfdb0,P_Amp_V4_iqr,0.0275,0.009077628565181496,0.018422371434818504,False
P3_t_0.3_20__csv_name__wfdb0,P_Amp_V4_count,12.0,12,0.0,True
P3_t_0.3_20__csv_name__wfdb0,P_Amp_V5,0.03,0.048349923334324196,0.018349923334324197,False
P3_t_0.3_20__csv_name__wfdb0,P_Amp_V5_iqr,0.0375,0.012800875897415305,0.024699124102584694,False
P3_t_0.3_20__csv_name__wfdb0,P_Amp_V5_count,12.0,12,0.0,True
P3_t_0.3_20__csv_name__wfdb0,P_Amp_V6,0.04,0.05339283970116242,0.013392839701162416,False
P3_t_0.3_20__csv_name__wfdb0,P_Amp_V6_iqr,0.05,0.023713462450078063,0.02628653754992194,False
P3_t_0.3_20__csv_name__wfdb0,P_Amp_V6_count,12.0,12,0.0,True
P3_t_0.3_20__csv_name__wfdb0,P_Amp_aVF,0.09,0.06357678505102142,0.026423214948978577,False
P3_t_0.3_20__csv_name__wfdb0,P_Amp_aVF_iqr,0.0325,0.01261480306570039,0.01988519693429961,False
P3_t_0.3_20__csv_name__wfdb0,P_Amp_aVF_count,12.0,12,0.0,True
P3_t_0.3_20__csv_name__wfdb0,P_Amp_aVL,0.02,0.07234857185506807,0.05234857185506807,False
P3_t_0.3_20__csv_name__wfdb0,P_Amp_aVL_iqr,0.045,0.013667335294851812,0.031332664705148186,False
P3_t_0.3_20__csv_name__wfdb0,P_Amp_aVL_count,12.0,12,0.0,True
P3_t_0.3_20__csv_name__wfdb0,P_Amp_aVR,-0.095,-0.11449412301818938,0.019494123018189383,False
P3_t_0.3_20__csv_name__wfdb0,P_Amp_aVR_iqr,0.02,0.018932424136574505,0.0010675758634254955,False
P3_t_0.3_20__csv_name__wfdb0,P_Amp_aVR_count,12.0,12,0.0,True
P3_t_0.3_20__csv_name__wfdb0,Q_Amp_I,-0.14,-0.028241831280440576,0.11175816871955943,False
P3_t_0.3_20__csv_name__wfdb0,Q_Amp_I_iqr,0.0425,0.038685625270656145,0.0038143747293438585,False
P3_t_0.3_20__csv_name__wfdb0,Q_Amp_I_count,12.0,12,0.0,True
P3_t_0.3_20__csv_name__wfdb0,Q_Amp_II,-0.14,-0.07843616455265445,0.06156383544734556,False
P3_t_0.3_20__csv_name__wfdb0,Q_Amp_II_iqr,0.0325,0.030733170237391895,0.0017668297626081061,False
P3_t_0.3_20__csv_name__wfdb0,Q_Amp_II_count,12.0,12,0.0,True
P3_t_0.3_20__csv_name__wfdb0,Q_Amp_III,0.06,0.008441924418077316,0.051558075581922685,False
P3_t_0.3_20__csv_name__wfdb0,Q_Amp_III_iqr,0.035,0.00907853735603146,0.025921462643968544,False
P3_t_0.3_20__csv_name__wfdb0,Q_Amp_III_count,12.0,12,0.0,True
P3_t_0.3_20__csv_name__wfdb0,Q_Amp_V1,0.2,0.11294916096536613,0.08705083903463388,False
P3_t_0.3_20__csv_name__wfdb0,Q_Amp_V1_iqr,0.0399999999999999,0.019971314799475642,0.020028685200524254,False
P3_t_0.3_20__csv_name__wfdb0,Q_Amp_V1_count,12.0,12,0.0,True
P3_t_0.3_20__csv_name__wfdb0,Q_Amp_V2,-0.0849999999999999,-0.0015387332178657632,0.08346126678213413,False
P3_t_0.3_20__csv_name__wfdb0,Q_Amp_V2_iqr,0.0224999999999999,0.010109314377200017,0.012390685622799881,False
P3_t_0.3_20__csv_name__wfdb0,Q_Amp_V2_count,12.0,12,0.0,True
P3_t_0.3_20__csv_name__wfdb0,Q_Amp_V3,-0.045,0.05722118899466296,0.10222118899466295,False
P3_t_0.3_20__csv_name__wfdb0,Q_Amp_V3_iqr,0.0325,0.042927176240762116,0.010427176240762115,False
P3_t_0.3_20__csv_name__wfdb0,Q_Amp_V3_count,12.0,12,0.0,True
P3_t_0.3_20__csv_name__wfdb0,Q_Amp_V4,-0.1,0.03664413296764158,0.13664413296764158,False
P3_t_0.3_20__csv_name__wfdb0,Q_Amp_V4_iqr,0.0125,0.045881805596971845,0.03338180559697185,False
P3_t_0.3_20__csv_name__wfdb0,Q_Amp_V4_count,12.0,12,0.0,True
P3_t_0.3_20__csv_name__wfdb0,Q_Amp_V5,-0.17,-0.04212210232282404,0.12787789767717597,False
P3_t_0.3_20__csv_name__wfdb0,Q_Amp_V5_iqr,0.0375,0.042121380821684415,0.004621380821684416,False
P3_t_0.3_20__csv_name__wfdb0,Q_Amp_V5_count,12.0,12,0.0,True
P3_t_0.3_20__csv_name__wfdb0,Q_Amp_V6,-0.155,-0.054161916206278235,0.10083808379372176,False
P3_t_0.3_20__csv_name__wfdb0,Q_Amp_V6_iqr,0.0499999999999999,0.019266017211434727,0.03073398278856517,False
P3_t_0.3_20__csv_name__wfdb0,Q_Amp_V6_count,12.0,12,0.0,True
P3_t_0.3_20__csv_name__wfdb0,Q_Amp_aVF,-0.105,-0.08185115852025418,0.023148841479745816,False
P3_t_0.3_20__csv_name__wfdb0,Q_Amp_aVF_iqr,0.0375,0.01751629521700794,0.019983704782992058,False
P3_t_0.3_20__csv_name__wfdb0,Q_Amp_aVF_count,12.0,12,0.0,True
P3_t_0.3_20__csv_name__wfdb0,Q_Amp_aVL,-0.075,0.003800314350004894,0.0788003143500049,False
P3_t_0.3_20__csv_name__wfdb0,Q_Amp_aVL_iqr,0.0424999999999999,0.020502768776279545,0.021997231223720354,False
P3_t_0.3_20__csv_name__wfdb0,Q_Amp_aVL_count,12.0,12,0.0,True
P3_t_0.3_20__csv_name__wfdb0,Q_Amp_aVR,0.145,0.050018767379730225,0.09498123262026976,False
P3_t_0.3_20__csv_name__wfdb0,Q_Amp_aVR_iqr,0.0325,0.020592960596105686,0.011907039403894315,False
P3_t_0.3_20__csv_name__wfdb0,Q_Amp_aVR_count,12.0,12,0.0,True
P3_t_0.3_20__csv_name__wfdb0,R_Amp_I,1.6,1.2091254956773498,0.39087450432265025,False
P3_t_0.3_20__csv_name__wfdb0,R_Amp_I_iqr,0.1224999999999998,0.08911770367667904,0.033382296323320765,False
P3_t_0.3_20__csv_name__wfdb0,R_Amp_I_count,12.0,12,0.0,True
P3_t_0.3_20__csv_name__wfdb0,R_Amp_II,0.975,0.7008929085752327,0.2741070914247673,False
P3_t_0.3_20__csv_name__wfdb0,R_Amp_II_iqr,0.045,0.02988944997552101,0.015110550024478989,False
P3_t_0.3_20__csv_name__wfdb0,R_Amp_II_count,12.0,12,0.0,True
P3_t_0.3_20__csv_name__wfdb0,R_Amp_III,-0.71,-0.5132497218291349,0.1967502781708651,False
P3_t_0.3_20__csv_name__wfdb0,R_Amp_III_iqr,0.14,0.09610355982897273,0.043896440171027284,False
P3_t_0.3_20__csv_name__wfdb0,R_Amp_III_count,12.0,12,0.0,True
P3_t_0.3_20__csv_name__wfdb0,R_Amp_V1,-0.955,-0.8133120528046485,0.1416879471953515,False
P3_t_0.3_20__csv_name__wfdb0,R_Amp_V1_iqr,0.1149999999999999,0.10821197618464828,0.00678802381535161,False
P3_t_0.3_20__csv_name__wfdb0,R_Amp_V1_count,12.0,12,0.0,True
P3_t_0.3_20__csv_name__wfdb0,R_Amp_V2,0.885,0.7185783523849146,0.16642164761508538,False
P3_t_0.3_20__csv_name__wfdb0,R_Amp_V2_iqr,0.075,0.044806868512569764,0.030193131487430233,False
P3_t_0.3_20__csv_name__wfdb0,R_Amp_V2_count,12.0,12,0.0,True
P3_t_0.3_20__csv_name__wfdb0,R_Amp_V3,1.68,1.2057939276244607,0.47420607237553924,False
P3_t_0.3_20__csv_name__wfdb0,R_Amp_V3_iqr,0.0949999999999999,0.08243449934733849,0.012565500652661418,False
P3_t_0.3_20__csv_name__wfdb0,R_Amp_V3_count,12.0,12,0.0,True
P3_t_0.3_20__csv_name__wfdb0,R_Amp_V4,1.835,1.3003544021668731,0.5346455978331268,False
P3_t_0.3_20__csv_name__wfdb0,R_Amp_V4_iqr,0.1624999999999998,0.09786976370193612,0.06463023629806369,False
P3_t_0.3_20__csv_name__wfdb0,R_Amp_V4_count,12.0,12,0.0,True
P3_t_0.3_20__csv_name__wfdb0,R_Amp_V5,1.6,1.1583631592013781,0.441636840798622,False
P3_t_0.3_20__csv_name__wfdb0,R_Amp_V5_iqr,0.0749999999999997,0.07163377413432936,0.0033662258656703414,False
P3_t_0.3_20__csv_name__wfdb0,R_Amp_V5_count,12.0,12,0.0,True
P3_t_0.3_20__csv_name__wfdb0,R_Amp_V6,1.17,0.8656710361669654,0.30432896383303454,False
P3_t_0.3_20__csv_name__wfdb0,R_Amp_V6_iqr,0.0524999999999999,0.03897511584846425,0.013524884151535653,False
P3_t_0.3_20__csv_name__wfdb0,R_Amp_V6_count,12.0,12,0.0,True
P3_t_0.3_20__csv_name__wfdb0,R_Amp_aVF,0.255,0.11220972916297231,0.1427902708370277,False
P3_t_0.3_20__csv_name__wfdb0,R_Amp_aVF_iqr,0.09,0.08441628364953441,0.0055837163504655896,False
P3_t_0.3_20__csv_name__wfdb0,R_Amp_aVF_count,12.0,12,0.0,True
P3_t_0.3_20__csv_name__wfdb0,R_Amp_aVL,1.15,0.8580396481143748,0.2919603518856251,False
P3_t_0.3_20__csv_name__wfdb0,R_Amp_aVL_iqr,0.1549999999999998,0.10394218805253375,0.05105781194746606,False
P3_t_0.3_20__csv_name__wfdb0,R_Amp_aVL_count,12.0,12,0.0,True
P3_t_0.3_20__csv_name__wfdb0,R_Amp_aVR,-1.3,-0.9586771900795206,0.3413228099204795,False
P3_t_0.3_20__csv_name__wfdb0,R_Amp_aVR_iqr,0.09,0.02235120330769924,0.06764879669230076,False
P3_t_0.3_20__csv_name__wfdb0,R_Amp_aVR_count,12.0,12,0.0,True
P3_t_0.3_20__csv_name__wfdb0,S_Amp_I,-0.12,-0.06840239730614403,0.051597602693855965,False
P3_t_0.3_20__csv_name__wfdb0,S_Amp_I_iqr,0.0525,0.02845850376011287,0.024041496239887127,False
P3_t_0.3_20__csv_name__wfdb0,S_Amp_I_count,12.0,12,0.0,True
P3_t_0.3_20__csv_name__wfdb0,S_Amp_II,-0.0849999999999999,-0.11055842900688038,0.02555842900688049,False
P3_t_0.3_20__csv_name__wfdb0,S_Amp_II_iqr,0.0375,0.020796463851654054,0.016703536148345945,False
P3_t_0.3_20__csv_name__wfdb0,S_Amp_II_count,12.0,12,0.0,True
P3_t_0.3_20__csv_name__wfdb0,S_Amp_III,-0.02,-0.0788913737737803,0.0588913737737803,False
P3_t_0.3_20__csv_name__wfdb0,S_Amp_III_iqr,0.09,0.08470942422462446,0.005290575775375533,False
P3_t_0.3_20__csv_name__wfdb0,S_Amp_III_count,12.0,12,0.0,True
P3_t_0.3_20__csv_name__wfdb0,S_Amp_V1,0.02,0.010398617097662273,0.009601382902337727,False
P3_t_0.3_20__csv_name__wfdb0,S_Amp_V1_iqr,0.025,0.010980011059206275,0.014019988940793726,False
P3_t_0.3_20__csv_name__wfdb0,S_Amp_V1_count,12.0,12,0.0,True
P3_t_0.3_20__csv_name__wfdb0,S_Amp_V2,-0.735,-0.3771047232871329,0.3578952767128671,False
P3_t_0.3_20__csv_name__wfdb0,S_Amp_V2_iqr,0.05,0.013871831176256899,0.036128168823743104,False
P3_t_0.3_20__csv_name__wfdb0,S_Amp_V2_count,12.0,12,0.0,True
P3_t_0.3_20__csv_name__wfdb0,S_Amp_V3,-0.325,-0.16150388549149258,0.16349611450850743,False
P3_t_0.3_20__csv_name__wfdb0,S_Amp_V3_iqr,0.0575,0.029241577210449954,0.02825842278955005,False
P3_t_0.3_20__csv_name__wfdb0,S_Amp_V3_count,12.0,12,0.0,True
P3_t_0.3_20__csv_name__wfdb0,S_Amp_V4,-0.13,-0.13364001670520836,0.00364001670520836,False
P3_t_0.3_20__csv_name__wfdb0,S_Amp_V4_iqr,0.03,0.02281127985052442,0.00718872014947558,False
P3_t_0.3_20__csv_name__wfdb0,S_Amp_V4_count,12.0,12,0.0,True
P3_t_0.3_20__csv_name__wfdb0,S_Amp_V5,-0.065,-0.10925454308057897,0.04425454308057897,False
P3_t_0.3_20__csv_name__wfdb0,S_Amp_V5_iqr,0.04,0.022666954596991043,0.017333045403008958,False
P3_t_0.3_20__csv_name__wfdb0,S_Amp_V5_count,12.0,12,0.0,True
P3_t_0.3_20__csv_name__wfdb0,S_Amp_V6,-0.09,-0.0842189889369626,0.005781011063037397,False
P3_t_0.3_20__csv_name__wfdb0,S_Amp_V6_iqr,0.0625,0.010016970745504533,0.05248302925449547,False
P3_t_0.3_20__csv_name__wfdb0,S_Amp_V6_count,12.0,12,0.0,True
P3_t_0.3_20__csv_name__wfdb0,S_Amp_aVF,-0.065,-0.0800023998742677,0.0150023998742677,False
P3_t_0.3_20__csv_name__wfdb0,S_Amp_aVF_iqr,0.0275,0.017676566400664992,0.009823433599335008,False
P3_t_0.3_20__csv_name__wfdb0,S_Amp_aVF_count,12.0,12,0.0,True
P3_t_0.3_20__csv_name__wfdb0,S_Amp_aVL,-0.07,-0.026928365488079867,0.04307163451192014,False
P3_t_0.3_20__csv_name__wfdb0,S_Amp_aVL_iqr,0.0699999999999999,0.04443349282348314,0.025566507176516755,False
P3_t_0.3_20__csv_name__wfdb0,S_Amp_aVL_count,12.0,12,0.0,True
P3_t_0.3_20__csv_name__wfdb0,S_Amp_aVR,0.07,0.07659343224276971,0.006593432242769703,False
P3_t_0.3_20__csv_name__wfdb0,S_Amp_aVR_iqr,0.035,0.012215964008872315,0.022784035991127688,False
P3_t_0.3_20__csv_name__wfdb0,S_Amp_aVR_count,12.0,12,0.0,True
P3_t_0.3_20__csv_name__wfdb0,T_Amp_I,0.065,0.11218112353803852,0.04718112353803852,False
P3_t_0.3_20__csv_name__wfdb0,T_Amp_I_iqr,0.03,0.011223643108479842,0.018776356891520157,False
P3_t_0.3_20__csv_name__wfdb0,T_Amp_I_count,12.0,12,0.0,True
P3_t_0.3_20__csv_name__wfdb0,T_Amp_II,-0.1,-0.10216588425716389,0.0021658842571638803,False
P3_t_0.3_20__csv_name__wfdb0,T_Amp_II_iqr,0.025,0.01947577977267101,0.005524220227328992,False
P3_t_0.3_20__csv_name__wfdb0,T_Amp_II_count,12.0,12,0.0,True
P3_t_0.3_20__csv_name__wfdb0,T_Amp_III,-0.15,-0.19358308107501188,0.04358308107501188,False
P3_t_0.3_20__csv_name__wfdb0,T_Amp_III_iqr,0.055,0.012679523861274494,0.042320476138725506,False
P3_t_0.3_20__csv_name__wfdb0,T_Amp_III_count,12.0,12,0.0,True
P3_t_0.3_20__csv_name__wfdb0,T_Amp_V1,0.11,0.08840553588382048,0.021594464116179518,False
P3_t_0.3_20__csv_name__wfdb0,T_Amp_V1_iqr,0.0249999999999999,0.01544461008600416,0.009555389913995741,False
P3_t_0.3_20__csv_name__wfdb0,T_Amp_V1_count,12.0,12,0.0,True
P3_t_0.3_20__csv_name__wfdb0,T_Amp_V2,0.29,0.3681433741489576,0.07814337414895761,False
P3_t_0.3_20__csv_name__wfdb0,T_Amp_V2_iqr,0.0399999999999999,0.021374889745814862,0.018625110254185034,False
P3_t_0.3_20__csv_name__wfdb0,T_Amp_V2_count,12.0,12,0.0,True
P3_t_0.3_20__csv_name__wfdb0,T_Amp_V3,0.17,0.24880844889838735,0.07880844889838734,False
P3_t_0.3_20__csv_name__wfdb0,T_Amp_V3_iqr,0.0375,0.010493392293268622,0.027006607706731377,False
P3_t_0.3_20__csv_name__wfdb0,T_Amp_V3_count,12.0,12,0.0,True
P3_t_0.3_20__csv_name__wfdb0,T_Amp_V4,0.055,0.0848180163822878,0.029818016382287794,False
P3_t_0.3_20__csv_name__wfdb0,T_Amp_V4_iqr,0.035,0.014281808391558168,0.020718191608441835,False
P3_t_0.3_20__csv_name__wfdb0,T_Amp_V4_count,12.0,12,0.0,True
P3_t_0.3_20__csv_name__wfdb0,T_Amp_V5,-0.115,-0.09326364573562532,0.021736354264374688,False
P3_t_0.3_20__csv_name__wfdb0,T_Amp_V5_iqr,0.0475,0.014723500451887375,0.032776499548112625,False
P3_t_0.3_20__csv_name__wfdb0,T_Amp_V5_count,12.0,12,0.0,True
P3_t_0.3_20__csv_name__wfdb0,T_Amp_V6,-0.11,-0.08790140413539842,0.022098595864601583,False
P3_t_0.3_20__csv_name__wfdb0,T_Amp_V6_iqr,0.0575,0.029801453966483246,0.027698546033516756,False
P3_t_0.3_20__csv_name__wfdb0,T_Amp_V6_count,12.0,12,0.0,True
P3_t_0.3_20__csv_name__wfdb0,T_Amp_aVF,-0.1149999999999999,-0.13768390563329225,0.022683905633292353,False
P3_t_0.3_20__csv_name__wfdb0,T_Amp_aVF_iqr,0.0425,0.00878025464312665,0.03371974535687335,False
P3_t_0.3_20__csv_name__wfdb0,T_Amp_aVF_count,12.0,12,0.0,True
P3_t_0.3_20__csv_name__wfdb0,T_Amp_aVL,0.1,0.1508618240131414,0.050861824013141405,False
P3_t_0.3_20__csv_name__wfdb0,T_Amp_aVL_iqr,0.0424999999999999,0.01293638676839537,0.02956361323160453,False
P3_t_0.3_20__csv_name__wfdb0,T_Amp_aVL_count,12.0,12,0.0,True
P3_t_0.3_20__csv_name__wfdb0,T_Amp_aVR,-0.015,-0.039218246476926386,0.024218246476926386,False
P3_t_0.3_20__csv_name__wfdb0,T_Amp_aVR_iqr,0.0225,0.012801914604314825,0.009698085395685174,False
P3_t_0.3_20__csv_name__wfdb0,T_Amp_aVR_count,12.0,12,0.0,True
P3_t_0.3_20__csv_name__matlab1,P_Amp_I,0.075,0.11901740663980084,0.044017406639800846,False
P3_t_0.3_20__csv_name__matlab1,P_Amp_I_iqr,0.0325,0.015598729622015861,0.01690127037798414,False
P3_t_0.3_20__csv_name__matlab1,P_Amp_I_count,12.0,12,0.0,True
P3_t_0.3_20__csv_name__matlab1,P_Amp_II,0.125,0.10574956961775248,0.019250430382247524,False
P3_t_0.3_20__csv_name__matlab1,P_Amp_II_iqr,0.0325,0.016296287943403015,0.016203712056596986,False
P3_t_0.3_20__csv_name__matlab1,P_Amp_II_count,12.0,12,0.0,True
P3_t_0.3_20__csv_name__matlab1,P_Amp_III,0.075,0.027033513125423847,0.04796648687457615,False
P3_t_0.3_20__csv_name__matlab1,P_Amp_III_iqr,0.0249999999999999,0.028635865749374878,0.0036358657493749773,False
P3_t_0.3_20__csv_name__matlab1,P_Amp_III_count,12.0,12,0.0,True
P3_t_0.3_20__csv_name__matlab1,P_Amp_V1,-0.04,-0.06748113089403104,0.027481130894031043,False
P3_t_0.3_20__csv_name__matlab1,P_Amp_V1_iqr,0.0025,0.015914852834356258,0.013414852834356257,False
P3_t_0.3_20__csv_name__matlab1,P_Amp_V1_count,12.0,12,0.0,True
P3_t_0.3_20__csv_name__matlab1,P_Amp_V2,-0.04,0.034377608288639616,0.07437760828863962,False
P3_t_0.3_20__csv_name__matlab1,P_Amp_V2_iqr,0.01,0.018558422782815567,0.008558422782815567,False
P3_t_0.3_20__csv_name__matlab1,P_Amp_V2_count,12.0,12,0.0,True
P3_t_0.3_20__csv_name__matlab1,P_Amp_V3,-0.04,0.04729387985925719,0.08729387985925718,False
P3_t_0.3_20__csv_name__matlab1,P_Amp_V3_iqr,0.035,0.029940737403133293,0.005059262596866711,False
P3_t_0.3_20__csv_name__matlab1,P_Amp_V3_count,12.0,12,0.0,True
P3_t_0.3_20__csv_name__matlab1,P_Amp_V4,0.025,0.0526057649400751,0.0276057649400751,False
P3_t_0.3_20__csv_name__matlab1,P_Amp_V4_iqr,0.0275,0.00941704070770652,0.01808295929229348,False
P3_t_0.3_20__csv_name__matlab1,P_Amp_V4_count,12.0,12,0.0,True
P3_t_0.3_20__csv_name__matlab1,P_Amp_V5,0.03,0.04874593244017583,0.018745932440175833,False
P3_t_0.3_20__csv_name__matlab1,P_Amp_V5_iqr,0.0375,0.012111089237855331,0.025388910762144667,False
P3_t_0.3_20__csv_name__matlab1,P_Amp_V5_count,12.0,12,0.0,True
P3_t_0.3_20__csv_name__matlab1,P_Amp_V6,0.04,0.054036868186249754,0.014036868186249753,False
P3_t_0.3_20__csv_name__matlab1,P_Amp_V6_iqr,0.05,0.02297610759271046,0.027023892407289543,False
P3_t_0.3_20__csv_name__matlab1,P_Amp_V6_count,12.0,12,0.0,True
P3_t_0.3_20__csv_name__matlab1,P_Amp_aVF,0.09,0.06389824913183517,0.026101750868164825,False
P3_t_0.3_20__csv_name__matlab1,P_Amp_aVF_iqr,0.0325,0.011588566388369706,0.020911433611630295,False
P3_t_0.3_20__csv_name__matlab1,P_Amp_aVF_count,12.0,12,0.0,True
P3_t_0.3_20__csv_name__matlab1,P_Amp_aVL,0.02,0.0711808565756363,0.0511808565756363,False
P3_t_0.3_20__csv_name__matlab1,P_Amp_aVL_iqr,0.045,0.012123646212343284,0.032876353787656715,False
P3_t_0.3_20__csv_name__matlab1,P_Amp_aVL_count,12.0,12,0.0,True
P3_t_0.3_20__csv_name__matlab1,P_Amp_aVR,-0.095,-0.11331080230270871,0.018310802302708706,False
P3_t_0.3_20__csv_name__matlab1,P_Amp_aVR_iqr,0.02,0.018871949602492652,0.0011280503975073485,False
P3_t_0.3_20__csv_name__matlab1,P_Amp_aVR_count,12.0,12,0.0,True
P3_t_0.3_20__csv_name__matlab1,Q_Amp_I,-0.14,-0.0753805990900536,0.06461940090994642,False
P3_t_0.3_20__csv_name__matlab1,Q_Amp_I_iqr,0.0425,0.03367151577161926,0.008828484228380742,False
P3_t_0.3_20__csv_name__matlab1,Q_Amp_I_count,12.0,12,0.0,True
P3_t_0.3_20__csv_name__matlab1,Q_Amp_II,-0.14,-0.10780510618778352,0.03219489381221649,False
P3_t_0.3_20__csv_name__matlab1,Q_Amp_II_iqr,0.0325,0.027559726167122156,0.004940273832877845,False
P3_t_0.3_20__csv_name__matlab1,Q_Amp_II_count,12.0,12,0.0,True
P3_t_0.3_20__csv_name__matlab1,Q_Amp_III,0.06,0.010651994732931998,0.049348005267068,False
P3_t_0.3_20__csv_name__matlab1,Q_Amp_III_iqr,0.035,0.012263856077974346,0.022736143922025658,False
P3_t_0.3_20__csv_name__matlab1,Q_Amp_III_count,12.0,12,0.0,True
P3_t_0.3_20__csv_name__matlab1,Q_Amp_V1,0.2,0.14292066169845932,0.05707933830154069,False
P3_t_0.3_20__csv_name__matlab1,Q_Amp_V1_iqr,0.0399999999999999,0.022546666398652077,0.01745333360134782,False
P3_t_0.3_20__csv_name__matlab1,Q_Amp_V1_count,12.0,12,0.0,True
P3_t_0.3_20__csv_name__matlab1,Q_Amp_V2,-0.0849999999999999,-0.0013218793751938074,0.08367812062480609,False
P3_t_0.3_20__csv_name__matlab1,Q_Amp_V2_iqr,0.0224999999999999,0.00900223305469083,0.013497766945309068,False
P3_t_0.3_20__csv_name__matlab1,Q_Amp_V2_count,12.0,12,0.0,True
P3_t_0.3_20__csv_name__matlab1,Q_Amp_V3,-0.045,0.00996935768319995,0.05496935768319995,False
P3_t_0.3_20__csv_name__matlab1,Q_Amp_V3_iqr,0.0325,0.03252926461433867,2.926461433867128e-05,False
P3_t_0.3_20__csv_name__matlab1,Q_Amp_V3_count,12.0,12,0.0,True
P3_t_0.3_20__csv_name__matlab1,Q_Amp_V4,-0.1,-0.02573865401179362,0.07426134598820638,False
P3_t_0.3_20__csv_name__matlab1,Q_Amp_V4_iqr,0.0125,0.03345196636814089,0.02095196636814089,False
P3_t_0.3_20__csv_name__matlab1,Q_Amp_V4_count,12.0,12,0.0,True
P3_t_0.3_20__csv_name__matlab1,Q_Amp_V5,-0.17,-0.08799512900404317,0.08200487099595684,False
P3_t_0.3_20__csv_name__matlab1,Q_Amp_V5_iqr,0.0375,0.03526284364195931,0.0022371563580406914,False
P3_t_0.3_20__csv_name__matlab1,Q_Amp_V5_count,12.0,12,0.0,True
P3_t_0.3_20__csv_name__matlab1,Q_Amp_V6,-0.155,-0.08762228730323653,0.06737771269676347,False
P3_t_0.3_20__csv_name__matlab1,Q_Amp_V6_iqr,0.0499999999999999,0.017426833836497457,0.03257316616350244,False
P3_t_0.3_20__csv_name__matlab1,Q_Amp_V6_count,12.0,12,0.0,True
P3_t_0.3_20__csv_name__matlab1,Q_Amp_aVF,-0.105,-0.08951410854881361,0.015485891451186382,False
P3_t_0.3_20__csv_name__matlab1,Q_Amp_aVF_iqr,0.0375,0.021168426818106115,0.016331573181893884,False
P3_t_0.3_20__csv_name__matlab1,Q_Amp_aVF_count,12.0,12,0.0,True
P3_t_0.3_20__csv_name__matlab1,Q_Amp_aVL,-0.075,-0.02609742133867618,0.04890257866132382,False
P3_t_0.3_20__csv_name__matlab1,Q_Amp_aVL_iqr,0.0424999999999999,0.022027478496437967,0.020472521503561932,False
P3_t_0.3_20__csv_name__matlab1,Q_Amp_aVL_count,12.0,12,0.0,True
P3_t_0.3_20__csv_name__matlab1,Q_Amp_aVR,0.145,0.08323184117666158,0.061768158823338415,False
P3_t_0.3_20__csv_name__matlab1,Q_Amp_aVR_iqr,0.0325,0.015998637596446957,0.016501362403553044,False
P3_t_0.3_20__csv_name__matlab1,Q_Amp_aVR_count,12.0,12,0.0,True
P3_t_0.3_20__csv_name__matlab1,R_Amp_I,1.6,1.2125485364438342,0.3874514635561659,False
P3_t_0.3_20__csv_name__matlab1,R_Amp_I_iqr,0.1224999999999998,0.08193141183522612,0.04056858816477368,False
P3_t_0.3_20__csv_name__matlab1,R_Amp_I_count,12.0,12,0.0,True
P3_t_0.3_20__csv_name__matlab1,R_Amp_II,0.975,0.7066285073983839,0.2683714926016161,False
P3_t_0.3_20__csv_name__matlab1,R_Amp_II_iqr,0.045,0.031310978620704644,0.013689021379295355,False
P3_t_0.3_20__csv_name__matlab1,R_Amp_II_count,12.0,12,0.0,True
P3_t_0.3_20__csv_name__matlab1,R_Amp_III,-0.71,-0.5183086180889798,0.1916913819110202,False
P3_t_0.3_20__csv_name__matlab1,R_Amp_III_iqr,0.14,0.08983826050069782,0.050161739499302194,False
P3_t_0.3_20__csv_name__matlab1,R_Amp_III_count,12.0,12,0.0,True
P3_t_0.3_20__csv_name__matlab1,R_Amp_V1,-0.955,-0.8150174101065095,0.13998258989349044,False
P3_t_0.3_20__csv_name__matlab1,R_Amp_V1_iqr,0.1149999999999999,0.10626787001123927,0.00873212998876062,False
P3_t_0.3_20__csv_name__matlab1,R_Amp_V1_count,12.0,12,0.0,True
P3_t_0.3_20__csv_name__matlab1,R_Amp_V2,0.885,0.7602454683280222,0.12475453167197781,False
P3_t_0.3_20__csv_name__matlab1,R_Amp_V2_iqr,0.075,0.04665320213065305,0.02834679786934695,False
P3_t_0.3_20__csv_name__matlab1,R_Amp_V2_count,12.0,12,0.0,True
P3_t_0.3_20__csv_name__matlab1,R_Amp_V3,1.68,1.2390837694310246,0.44091623056897533,False
P3_t_0.3_20__csv_name__matlab1,R_Amp_V3_iqr,0.0949999999999999,0.08207126867546877,0.012928731324531137,False
P3_t_0.3_20__csv_name__matlab1,R_Amp_V3_count,12.0,12,0.0,True
P3_t_0.3_20__csv_name__matlab1,R_Amp_V4,1.835,1.3158123764816723,0.5191876235183277,False
P3_t_0.3_20__csv_name__matlab1,R_Amp_V4_iqr,0.1624999999999998,0.09668684176115261,0.0658131582388472,False
P3_t_0.3_20__csv_name__matlab1,R_Amp_V4_count,12.0,12,0.0,True
P3_t_0.3_20__csv_name__matlab1,R_Amp_V5,1.6,1.161749545113901,0.43825045488609904,False
P3_t_0.3_20__csv_name__matlab1,R_Amp_V5_iqr,0.0749999999999997,0.0707272813759321,0.004272718624067612,False
P3_t_0.3_20__csv_name__matlab1,R_Amp_V5_count,12.0,12,0.0,True
P3_t_0.3_20__csv_name__matlab1,R_Amp_V6,1.17,0.869199328800059,0.3008006711999409,False
P3_t_0.3_20__csv_name__matlab1,R_Amp_V6_iqr,0.0524999999999999,0.04655689909925975,0.005943100900740149,False
P3_t_0.3_20__csv_name__matlab1,R_Amp_V6_count,12.0,12,0.0,True
P3_t_0.3_20__csv_name__matlab1,R_Amp_aVF,0.255,0.11464539278605589,0.1403546072139441,False
P3_t_0.3_20__csv_name__matlab1,R_Amp_aVF_iqr,0.09,0.08451305996438539,0.005486940035614604,False
P3_t_0.3_20__csv_name__matlab1,R_Amp_aVF_count,12.0,12,0.0,True
P3_t_0.3_20__csv_name__matlab1,R_Amp_aVL,1.15,0.8644052443545145,0.2855947556454854,False
P3_t_0.3_20__csv_name__matlab1,R_Amp_aVL_iqr,0.1549999999999998,0.09701521395388624,0.05798478604611357,False
P3_t_0.3_20__csv_name__matlab1,R_Amp_aVL_count,12.0,12,0.0,True
P3_t_0.3_20__csv_name__matlab1,R_Amp_aVR,-1.3,-0.9588980527439842,0.34110194725601584,False
P3_t_0.3_20__csv_name__matlab1,R_Amp_aVR_iqr,0.09,0.016070549783567367,0.07392945021643263,False
P3_t_0.3_20__csv_name__matlab1,R_Amp_aVR_count,12.0,12,0.0,True
P3_t_0.3_20__csv_name__matlab1,S_Amp_I,-0.12,-0.07058619926881955,0.04941380073118044,False
P3_t_0.3_20__csv_name__matlab1,S_Amp_I_iqr,0.0525,0.026003059464388335,0.026496940535611663,False
P3_t_0.3_20__csv_name__matlab1,S_Amp_I_count,12.0,12,0.0,True
P3_t_0.3_20__csv_name__matlab1,S_Amp_II,-0.0849999999999999,-0.09101833809251005,0.00601833809251015,False
P3_t_0.3_20__csv_name__matlab1,S_Amp_II_iqr,0.0375,0.02355504112902118,0.013944958870978817,False
P3_t_0.3_20__csv_name__matlab1,S_Amp_II_count,12.0,12,0.0,True
P3_t_0.3_20__csv_name__matlab1,S_Amp_III,-0.02,-0.09712907955761425,0.07712907955761425,False
P3_t_0.3_20__csv_name__matlab1,S_Amp_III_iqr,0.09,0.10025271231284341,0.010252712312843415,False
P3_t_0.3_20__csv_name__matlab1,S_Amp_III_count,12.0,12,0.0,True
P3_t_0.3_20__csv_name__matlab1,S_Amp_V1,0.02,0.011693806440545148,0.008306193559454852,False
P3_t_0.3_20__csv_name__matlab1,S_Amp_V1_iqr,0.025,0.011037213016730673,0.013962786983269328,False
P3_t_0.3_20__csv_name__matlab1,S_Amp_V1_count,12.0,12,0.0,True
P3_t_0.3_20__csv_name__matlab1,S_Amp_V2,-0.735,-0.35023618640448845,0.38476381359551154,False
P3_t_0.3_20__csv_name__matlab1,S_Amp_V2_iqr,0.05,0.014901633032602613,0.03509836696739739,False
P3_t_0.3_20__csv_name__matlab1,S_Amp_V2_count,12.0,12,0.0,True
P3_t_0.3_20__csv_name__matlab1,S_Amp_V3,-0.325,-0.10244495842708959,0.22255504157291042,False
P3_t_0.3_20__csv_name__matlab1,S_Amp_V3_iqr,0.0575,0.042617860474553626,0.014882139525446376,False
P3_t_0.3_20__csv_name__matlab1,S_Amp_V3_count,12.0,12,0.0,True
P3_t_0.3_20__csv_name__matlab1,S_Amp_V4,-0.13,-0.08308543842989274,0.04691456157010726,False
P3_t_0.3_20__csv_name__matlab1,S_Amp_V4_iqr,0.03,0.03348927493849431,0.0034892749384943106,False
P3_t_0.3_20__csv_name__matlab1,S_Amp_V4_count,12.0,12,0.0,True
P3_t_0.3_20__csv_name__matlab1,S_Amp_V5,-0.065,-0.08470676102329432,0.019706761023294314,False
P3_t_0.3_20__csv_name__matlab1,S_Amp_V5_iqr,0.04,0.025113702978368485,0.014886297021631516,False
P3_t_0.3_20__csv_name__matlab1,S_Amp_V5_count,12.0,12,0.0,True
P3_t_0.3_20__csv_name__matlab1,S_Amp_V6,-0.09,-0.07201149198631086,0.017988508013689133,False
P3_t_0.3_20__csv_name__matlab1,S_Amp_V6_iqr,0.0625,0.007485492453051482,0.05501450754694852,False
P3_t_0.3_20__csv_name__matlab1,S_Amp_V6_count,12.0,12,0.0,True
P3_t_0.3_20__csv_name__matlab1,S_Amp_aVF,-0.065,-0.07262759920241235,0.0076275992024123496,False
P3_t_0.3_20__csv_name__matlab1,S_Amp_aVF_iqr,0.0275,0.01891042758530615,0.008589572414693849,False
P3_t_0.3_20__csv_name__matlab1,S_Amp_aVF_count,12.0,12,0.0,True
P3_t_0.3_20__csv_name__matlab1,S_Amp_aVL,-0.07,-0.026852365421584957,0.04314763457841505,False
P3_t_0.3_20__csv_name__matlab1,S_Amp_aVL_iqr,0.0699999999999999,0.0490211004903475,0.0209788995096524,False
P3_t_0.3_20__csv_name__matlab1,S_Amp_aVL_count,12.0,12,0.0,True
P3_t_0.3_20__csv_name__matlab1,S_Amp_aVR,0.07,0.07363070077047772,0.00363070077047771,False
P3_t_0.3_20__csv_name__matlab1,S_Amp_aVR_iqr,0.035,0.015260915033325398,0.019739084966674605,False
P3_t_0.3_20__csv_name__matlab1,S_Amp_aVR_count,12.0,12,0.0,True
P3_t_0.3_20__csv_name__matlab1,T_Amp_I,0.065,0.11295753012960175,0.047957530129601744,False
P3_t_0.3_20__csv_name__matlab1,T_Amp_I_iqr,0.03,0.011303644240888547,0.018696355759111452,False
P3_t_0.3_20__csv_name__matlab1,T_Amp_I_count,12.0,12,0.0,True
P3_t_0.3_20__csv_name__matlab1,T_Amp_II,-0.1,-0.10339011160088785,0.0033901116008878407,False
P3_t_0.3_20__csv_name__matlab1,T_Amp_II_iqr,0.025,0.020279492382072564,0.004720507617927437,False
P3_t_0.3_20__csv_name__matlab1,T_Amp_II_count,12.0,12,0.0,True
P3_t_0.3_20__csv_name__matlab1,T_Amp_III,-0.15,-0.19433553705407197,0.04433553705407198,False
P3_t_0.3_20__csv_name__matlab1,T_Amp_III_iqr,0.055,0.013217476932812389,0.04178252306718761,False
P3_t_0.3_20__csv_name__matlab1,T_Amp_III_count,12.0,12,0.0,True
P3_t_0.3_20__csv_name__matlab1,T_Amp_V1,0.11,0.08948900400091361,0.020510995999086387,False
P3_t_0.3_20__csv_name__matlab1,T_Amp_V1_iqr,0.0249999999999999,0.01593667214923658,0.00906332785076332,False
P3_t_0.3_20__csv_name__matlab1,T_Amp_V1_count,12.0,12,0.0,True
P3_t_0.3_20__csv_name__matlab1,T_Amp_V2,0.29,0.3705042583684921,0.08050425836849212,False
P3_t_0.3_20__csv_name__matlab1,T_Amp_V2_iqr,0.0399999999999999,0.021352132919426503,0.018647867080573394,False
P3_t_0.3_20__csv_name__matlab1,T_Amp_V2_count,12.0,12,0.0,True
P3_t_0.3_20__csv_name__matlab1,T_Amp_V3,0.17,0.24935020974269212,0.07935020974269211,False
P3_t_0.3_20__csv_name__matlab1,T_Amp_V3_iqr,0.0375,0.010906006785162348,0.02659399321483765,False
P3_t_0.3_20__csv_name__matlab1,T_Amp_V3_count,12.0,12,0.0,True
P3_t_0.3_20__csv_name__matlab1,T_Amp_V4,0.055,0.08456632269049424,0.029566322690494244,False
P3_t_0.3_20__csv_name__matlab1,T_Amp_V4_iqr,0.035,0.014164255202817444,0.02083574479718256,False
P3_t_0.3_20__csv_name__matlab1,T_Amp_V4_count,12.0,12,0.0,True
P3_t_0.3_20__csv_name__matlab1,T_Amp_V5,-0.115,-0.09394013686708044,0.021059863132919562,False
P3_t_0.3_20__csv_name__matlab1,T_Amp_V5_iqr,0.0475,0.014507290216373328,0.03299270978362667,False
P3_t_0.3_20__csv_name__matlab1,T_Amp_V5_count,12.0,12,0.0,True
P3_t_0.3_20__csv_name__matlab1,T_Amp_V6,-0.11,-0.08887409165188243,0.021125908348117575,False
P3_t_0.3_20__csv_name__matlab1,T_Amp_V6_iqr,0.0575,0.030035603204164527,0.027464396795835476,False
P3_t_0.3_20__csv_name__matlab1,T_Amp_V6_count,12.0,12,0.0,True
P3_t_0.3_20__csv_name__matlab1,T_Amp_aVF,-0.1149999999999999,-0.13922045954878903,0.02422045954878914,False
P3_t_0.3_20__csv_name__matlab1,T_Amp_aVF_iqr,0.0425,0.008777988877372828,0.033722011122627175,False
P3_t_0.3_20__csv_name__matlab1,T_Amp_aVF_count,12.0,12,0.0,True
P3_t_0.3_20__csv_name__matlab1,T_Amp_aVL,0.1,0.15084599653672542,0.05084599653672542,False
P3_t_0.3_20__csv_name__matlab1,T_Amp_aVL_iqr,0.0424999999999999,0.012814141382240324,0.029685858617759575,False
P3_t_0.3_20__csv_name__matlab1,T_Amp_aVL_count,12.0,12,0.0,True
P3_t_0.3_20__csv_name__matlab1,T_Amp_aVR,-0.015,-0.03811418718585132,0.023114187185851322,False
P3_t_0.3_20__csv_name__matlab1,T_Amp_aVR_iqr,0.0225,0.013980556866849986,0.008519443133150013,False
P3_t_0.3_20__csv_name__matlab1,T_Amp_aVR_count,12.0,12,0.0,True
P3_t_0.3_20__file_name__wfdb0,P_Amp_I,0.075,0.12039378235513615,0.04539378235513615,False
P3_t_0.3_20__file_name__wfdb0,P_Amp_I_iqr,0.0325,0.015820337814041685,0.016679662185958316,False
P3_t_0.3_20__file_name__wfdb0,P_Amp_I_count,12.0,12,0.0,True
P3_t_0.3_20__file_name__wfdb0,P_Amp_II,0.125,0.10572605563247912,0.019273944367520876,False
P3_t_0.3_20__file_name__wfdb0,P_Amp_II_iqr,0.0325,0.016907848166078487,0.015592151833921514,False
P3_t_0.3_20__file_name__wfdb0,P_Amp_II_count,12.0,12,0.0,True
P3_t_0.3_20__file_name__wfdb0,P_Amp_III,0.075,0.02906479863880496,0.04593520136119504,False
P3_t_0.3_20__file_name__wfdb0,P_Amp_III_iqr,0.0249999999999999,0.030081082055767254,0.005081082055767353,False
P3_t_0.3_20__file_name__wfdb0,P_Amp_III_count,12.0,12,0.0,True
P3_t_0.3_20__file_name__wfdb0,P_Amp_V1,-0.04,-0.06522303878630702,0.025223038786307016,False
P3_t_0.3_20__file_name__wfdb0,P_Amp_V1_iqr,0.0025,0.0147610304441214,0.0122610304441214,False
P3_t_0.3_20__file_name__wfdb0,P_Amp_V1_count,12.0,12,0.0,True
P3_t_0.3_20__file_name__wfdb0,P_Amp_V2,-0.04,0.034765102487156474,0.07476510248715648,False
P3_t_0.3_20__file_name__wfdb0,P_Amp_V2_iqr,0.01,0.018587522117892212,0.008587522117892212,False
P3_t_0.3_20__file_name__wfdb0,P_Amp_V2_count,12.0,12,0.0,True
P3_t_0.3_20__file_name__wfdb0,P_Amp_V3,-0.04,0.04738397838334566,0.08738397838334566,False
P3_t_0.3_20__file_name__wfdb0,P_Amp_V3_iqr,0.035,0.03055182870439368,0.004448171295606325,False
P3_t_0.3_20__file_name__wfdb0,P_Amp_V3_count,12.0,12,0.0,True
P3_t_0.3_20__file_name__wfdb0,P_Amp_V4,0.025,0.05204069817290305,0.027040698172903048,False
P3_t_0.3_20__file_name__wfdb0,P_Amp_V4_iqr,0.0275,0.009077628565181496,0.018422371434818504,False
P3_t_0.3_20__file_name__wfdb0,P_Amp_V4_count,12.0,12,0.0,True
P3_t_0.3_20__file_name__wfdb0,P_Amp_V5,0.03,0.048349923334324196,0.018349923334324197,False
P3_t_0.3_20__file_name__wfdb0,P_Amp_V5_iqr,0.0375,0.012800875897415305,0.024699124102584694,False
P3_t_0.3_20__file_name__wfdb0,P_Amp_V5_count,12.0,12,0.0,True
P3_t_0.3_20__file_name__wfdb0,P_Amp_V6,0.04,0.05339283970116242,0.013392839701162416,False
P3_t_0.3_20__file_name__wfdb0,P_Amp_V6_iqr,0.05,0.023713462450078063,0.02628653754992194,False
P3_t_0.3_20__file_name__wfdb0,P_Amp_V6_count,12.0,12,0.0,True
P3_t_0.3_20__file_name__wfdb0,P_Amp_aVF,0.09,0.04034509387567438,0.04965490612432562,False
P3_t_0.3_20__file_name__wfdb0,P_Amp_aVF_iqr,0.0325,0.029618678329181292,0.002881321670818709,False
P3_t_0.3_20__file_name__wfdb0,P_Amp_aVF_count,12.0,12,0.0,True
P3_t_0.3_20__file_name__wfdb0,P_Amp_aVL,0.02,0.045645684603570436,0.025645684603570435,False
P3_t_0.3_20__file_name__wfdb0,P_Amp_aVL_iqr,0.045,0.028243806627100247,0.016756193372899752,False
P3_t_0.3_20__file_name__wfdb0,P_Amp_aVL_count,12.0,12,0.0,True
P3_t_0.3_20__file_name__wfdb0,P_Amp_aVR,-0.095,-0.11449412301818938,0.019494123018189383,False
P3_t_0.3_20__file_name__wfdb0,P_Amp_aVR_iqr,0.02,0.018932424136574505,0.0010675758634254955,False
P3_t_0.3_20__file_name__wfdb0,P_Amp_aVR_count,12.0,12,0.0,True
P3_t_0.3_20__file_name__wfdb0,Q_Amp_I,-0.14,-0.028241831280440576,0.11175816871955943,False
P3_t_0.3_20__file_name__wfdb0,Q_Amp_I_iqr,0.0425,0.038685625270656145,0.0038143747293438585,False
P3_t_0.3_20__file_name__wfdb0,Q_Amp_I_count,12.0,12,0.0,True
P3_t_0.3_20__file_name__wfdb0,Q_Amp_II,-0.14,-0.07843616455265445,0.06156383544734556,False
P3_t_0.3_20__file_name__wfdb0,Q_Amp_II_iqr,0.0325,0.030733170237391895,0.0017668297626081061,False
P3_t_0.3_20__file_name__wfdb0,Q_Amp_II_count,12.0,12,0.0,True
P3_t_0.3_20__file_name__wfdb0,Q_Amp_III,0.06,0.008441924418077316,0.051558075581922685,False
P3_t_0.3_20__file_name__wfdb0,Q_Amp_III_iqr,0.035,0.00907853735603146,0.025921462643968544,False
P3_t_0.3_20__file_name__wfdb0,Q_Amp_III_count,12.0,12,0.0,True
P3_t_0.3_20__file_name__wfdb0,Q_Amp_V1,0.2,0.11294916096536613,0.08705083903463388,False
P3_t_0.3_20__file_name__wfdb0,Q_Amp_V1_iqr,0.0399999999999999,0.019971314799475642,0.020028685200524254,False
P3_t_0.3_20__file_name__wfdb0,Q_Amp_V1_count,12.0,12,0.0,True
P3_t_0.3_20__file_name__wfdb0,Q_Amp_V2,-0.0849999999999999,-0.0015387332178657632,0.08346126678213413,False
P3_t_0.3_20__file_name__wfdb0,Q_Amp_V2_iqr,0.0224999999999999,0.010109314377200017,0.012390685622799881,False
P3_t_0.3_20__file_name__wfdb0,Q_Amp_V2_count,12.0,12,0.0,True
P3_t_0.3_20__file_name__wfdb0,Q_Amp_V3,-0.045,0.05722118899466296,0.10222118899466295,False
P3_t_0.3_20__file_name__wfdb0,Q_Amp_V3_iqr,0.0325,0.042927176240762116,0.010427176240762115,False
P3_t_0.3_20__file_name__wfdb0,Q_Amp_V3_count,12.0,12,0.0,True
P3_t_0.3_20__file_name__wfdb0,Q_Amp_V4,-0.1,0.03664413296764158,0.13664413296764158,False
P3_t_0.3_20__file_name__wfdb0,Q_Amp_V4_iqr,0.0125,0.045881805596971845,0.03338180559697185,False
P3_t_0.3_20__file_name__wfdb0,Q_Amp_V4_count,12.0,12,0.0,True
P3_t_0.3_20__file_name__wfdb0,Q_Amp_V5,-0.17,-0.04212210232282404,0.12787789767717597,False
P3_t_0.3_20__file_name__wfdb0,Q_Amp_V5_iqr,0.0375,0.042121380821684415,0.004621380821684416,False
P3_t_0.3_20__file_name__wfdb0,Q_Amp_V5_count,12.0,12,0.0,True
P3_t_0.3_20__file_name__wfdb0,Q_Amp_V6,-0.155,-0.054161916206278235,0.10083808379372176,False
P3_t_0.3_20__file_name__wfdb0,Q_Amp_V6_iqr,0.0499999999999999,0.019266017211434727,0.03073398278856517,False
P3_t_0.3_20__file_name__wfdb0,Q_Amp_V6_count,12.0,12,0.0,True
P3_t_0.3_20__file_name__wfdb0,Q_Amp_aVF,-0.105,0.25494931082420014,0.3599493108242001,False
P3_t_0.3_20__file_name__wfdb0,Q_Amp_aVF_iqr,0.0375,0.05959203190122603,0.02209203190122603,False
P3_t_0.3_20__file_name__wfdb0,Q_Amp_aVF_count,12.0,12,0.0,True
P3_t_0.3_20__file_name__wfdb0,Q_Amp_aVL,-0.075,-0.08811084860147841,0.013110848601478417,False
P3_t_0.3_20__file_name__wfdb0,Q_Amp_aVL_iqr,0.0424999999999999,0.017430855429553402,0.025069144570446497,False
P3_t_0.3_20__file_name__wfdb0,Q_Amp_aVL_count,12.0,12,0.0,True
P3_t_0.3_20__file_name__wfdb0,Q_Amp_aVR,0.145,0.050018767379730225,0.09498123262026976,False
P3_t_0.3_20__file_name__wfdb0,Q_Amp_aVR_iqr,0.0325,0.020592960596105686,0.011907039403894315,False
P3_t_0.3_20__file_name__wfdb0,Q_Amp_aVR_count,12.0,12,0.0,True
P3_t_0.3_20__file_name__wfdb0,R_Amp_I,1.6,1.2091254956773498,0.39087450432265025,False
P3_t_0.3_20__file_name__wfdb0,R_Amp_I_iqr,0.1224999999999998,0.08911770367667904,0.033382296323320765,False
P3_t_0.3_20__file_name__wfdb0,R_Amp_I_count,12.0,12,0.0,True
P3_t_0.3_20__file_name__wfdb0,R_Amp_II,0.975,0.7008929085752327,0.2741070914247673,False
P3_t_0.3_20__file_name__wfdb0,R_Amp_II_iqr,0.045,0.02988944997552101,0.015110550024478989,False
P3_t_0.3_20__file_name__wfdb0,R_Amp_II_count,12.0,12,0.0,True
P3_t_0.3_20__file_name__wfdb0,R_Amp_III,-0.71,-0.5132497218291349,0.1967502781708651,False
P3_t_0.3_20__file_name__wfdb0,R_Amp_III_iqr,0.14,0.09610355982897273,0.043896440171027284,False
P3_t_0.3_20__file_name__wfdb0,R_Amp_III_count,12.0,12,0.0,True
P3_t_0.3_20__file_name__wfdb0,R_Amp_V1,-0.955,-0.8133120528046485,0.1416879471953515,False
P3_t_0.3_20__file_name__wfdb0,R_Amp_V1_iqr,0.1149999999999999,0.10821197618464828,0.00678802381535161,False
P3_t_0.3_20__file_name__wfdb0,R_Amp_V1_count,12.0,12,0.0,True
P3_t_0.3_20__file_name__wfdb0,R_Amp_V2,0.885,0.7185783523849146,0.16642164761508538,False
P3_t_0.3_20__file_name__wfdb0,R_Amp_V2_iqr,0.075,0.044806868512569764,0.030193131487430233,False
P3_t_0.3_20__file_name__wfdb0,R_Amp_V2_count,12.0,12,0.0,True
P3_t_0.3_20__file_name__wfdb0,R_Amp_V3,1.68,1.2057939276244607,0.47420607237553924,False
P3_t_0.3_20__file_name__wfdb0,R_Amp_V3_iqr,0.0949999999999999,0.08243449934733849,0.012565500652661418,False
P3_t_0.3_20__file_name__wfdb0,R_Amp_V3_count,12.0,12,0.0,True
P3_t_0.3_20__file_name__wfdb0,R_Amp_V4,1.835,1.3003544021668731,0.5346455978331268,False
P3_t_0.3_20__file_name__wfdb0,R_Amp_V4_iqr,0.1624999999999998,0.09786976370193612,0.06463023629806369,False
P3_t_0.3_20__file_name__wfdb0,R_Amp_V4_count,12.0,12,0.0,True
P3_t_0.3_20__file_name__wfdb0,R_Amp_V5,1.6,1.1583631592013781,0.441636840798622,False
P3_t_0.3_20__file_name__wfdb0,R_Amp_V5_iqr,0.0749999999999997,0.07163377413432936,0.0033662258656703414,False
P3_t_0.3_20__file_name__wfdb0,R_Amp_V5_count,12.0,12,0.0,True
P3_t_0.3_20__file_name__wfdb0,R_Amp_V6,1.17,0.8656710361669654,0.30432896383303454,False
P3_t_0.3_20__file_name__wfdb0,R_Amp_V6_iqr,0.0524999999999999,0.03897511584846425,0.013524884151535653,False
P3_t_0.3_20__file_name__wfdb0,R_Amp_V6_count,12.0,12,0.0,True
P3_t_0.3_20__file_name__wfdb0,R_Amp_aVF,0.255,0.7061083231500853,0.4511083231500853,False
P3_t_0.3_20__file_name__wfdb0,R_Amp_aVF_iqr,0.09,0.12239763255998859,0.03239763255998859,False
P3_t_0.3_20__file_name__wfdb0,R_Amp_aVF_count,12.0,12,0.0,True
P3_t_0.3_20__file_name__wfdb0,R_Amp_aVL,1.15,0.10668999403440263,1.0433100059655973,False
P3_t_0.3_20__file_name__wfdb0,R_Amp_aVL_iqr,0.1549999999999998,0.07146970784039544,0.08353029215960436,False
P3_t_0.3_20__file_name__wfdb0,R_Amp_aVL_count,12.0,12,0.0,True
P3_t_0.3_20__file_name__wfdb0,R_Amp_aVR,-1.3,-0.9586771900795206,0.3413228099204795,False
P3_t_0.3_20__file_name__wfdb0,R_Amp_aVR_iqr,0.09,0.02235120330769924,0.06764879669230076,False
P3_t_0.3_20__file_name__wfdb0,R_Amp_aVR_count,12.0,12,0.0,True
P3_t_0.3_20__file_name__wfdb0,S_Amp_I,-0.12,-0.06840239730614403,0.051597602693855965,False
P3_t_0.3_20__file_name__wfdb0,S_Amp_I_iqr,0.0525,0.02845850376011287,0.024041496239887127,False
P3_t_0.3_20__file_name__wfdb0,S_Amp_I_count,12.0,12,0.0,True
P3_t_0.3_20__file_name__wfdb0,S_Amp_II,-0.0849999999999999,-0.11055842900688038,0.02555842900688049,False
P3_t_0.3_20__file_name__wfdb0,S_Amp_II_iqr,0.0375,0.020796463851654054,0.016703536148345945,False
P3_t_0.3_20__file_name__wfdb0,S_Amp_II_count,12.0,12,0.0,True
P3_t_0.3_20__file_name__wfdb0,S_Amp_III,-0.02,-0.0788913737737803,0.0588913737737803,False
P3_t_0.3_20__file_name__wfdb0,S_Amp_III_iqr,0.09,0.08470942422462446,0.005290575775375533,False
P3_t_0.3_20__file_name__wfdb0,S_Amp_III_count,12.0,12,0.0,True
P3_t_0.3_20__file_name__wfdb0,S_Amp_V1,0.02,0.010398617097662273,0.009601382902337727,False
P3_t_0.3_20__file_name__wfdb0,S_Amp_V1_iqr,0.025,0.010980011059206275,0.014019988940793726,False
P3_t_0.3_20__file_name__wfdb0,S_Amp_V1_count,12.0,12,0.0,True
P3_t_0.3_20__file_name__wfdb0,S_Amp_V2,-0.735,-0.3771047232871329,0.3578952767128671,False
P3_t_0.3_20__file_name__wfdb0,S_Amp_V2_iqr,0.05,0.013871831176256899,0.036128168823743104,False
P3_t_0.3_20__file_name__wfdb0,S_Amp_V2_count,12.0,12,0.0,True
P3_t_0.3_20__file_name__wfdb0,S_Amp_V3,-0.325,-0.16150388549149258,0.16349611450850743,False
P3_t_0.3_20__file_name__wfdb0,S_Amp_V3_iqr,0.0575,0.029241577210449954,0.02825842278955005,False
P3_t_0.3_20__file_name__wfdb0,S_Amp_V3_count,12.0,12,0.0,True
P3_t_0.3_20__file_name__wfdb0,S_Amp_V4,-0.13,-0.13364001670520836,0.00364001670520836,False
P3_t_0.3_20__file_name__wfdb0,S_Amp_V4_iqr,0.03,0.02281127985052442,0.00718872014947558,False
P3_t_0.3_20__file_name__wfdb0,S_Amp_V4_count,12.0,12,0.0,True
P3_t_0.3_20__file_name__wfdb0,S_Amp_V5,-0.065,-0.10925454308057897,0.04425454308057897,False
P3_t_0.3_20__file_name__wfdb0,S_Amp_V5_iqr,0.04,0.022666954596991043,0.017333045403008958,False
P3_t_0.3_20__file_name__wfdb0,S_Amp_V5_count,12.0,12,0.0,True
P3_t_0.3_20__file_name__wfdb0,S_Amp_V6,-0.09,-0.0842189889369626,0.005781011063037397,False
P3_t_0.3_20__file_name__wfdb0,S_Amp_V6_iqr,0.0625,0.010016970745504533,0.05248302925449547,False
P3_t_0.3_20__file_name__wfdb0,S_Amp_V6_count,12.0,12,0.0,True
P3_t_0.3_20__file_name__wfdb0,S_Amp_aVF,-0.065,0.01327732662460812,0.07827732662460812,False
P3_t_0.3_20__file_name__wfdb0,S_Amp_aVF_iqr,0.0275,0.032908629268784524,0.005408629268784524,False
P3_t_0.3_20__file_name__wfdb0,S_Amp_aVF_count,12.0,12,0.0,True
P3_t_0.3_20__file_name__wfdb0,S_Amp_aVL,-0.07,-0.04441940363742794,0.025580596362572067,False
P3_t_0.3_20__file_name__wfdb0,S_Amp_aVL_iqr,0.0699999999999999,0.01448211049702517,0.055517889502974725,False
P3_t_0.3_20__file_name__wfdb0,S_Amp_aVL_count,12.0,12,0.0,True
P3_t_0.3_20__file_name__wfdb0,S_Amp_aVR,0.07,0.07659343224276971,0.006593432242769703,False
P3_t_0.3_20__file_name__wfdb0,S_Amp_aVR_iqr,0.035,0.012215964008872315,0.022784035991127688,False
P3_t_0.3_20__file_name__wfdb0,S_Amp_aVR_count,12.0,12,0.0,True
P3_t_0.3_20__file_name__wfdb0,T_Amp_I,0.065,0.11218112353803852,0.04718112353803852,False
P3_t_0.3_20__file_name__wfdb0,T_Amp_I_iqr,0.03,0.011223643108479842,0.018776356891520157,False
P3_t_0.3_20__file_name__wfdb0,T_Amp_I_count,12.0,12,0.0,True
P3_t_0.3_20__file_name__wfdb0,T_Amp_II,-0.1,-0.10216588425716389,0.0021658842571638803,False
P3_t_0.3_20__file_name__wfdb0,T_Amp_II_iqr,0.025,0.01947577977267101,0.005524220227328992,False
P3_t_0.3_20__file_name__wfdb0,T_Amp_II_count,12.0,12,0.0,True
P3_t_0.3_20__file_name__wfdb0,T_Amp_III,-0.15,-0.19358308107501188,0.04358308107501188,False
P3_t_0.3_20__file_name__wfdb0,T_Amp_III_iqr,0.055,0.012679523861274494,0.042320476138725506,False
P3_t_0.3_20__file_name__wfdb0,T_Amp_III_count,12.0,12,0.0,True
P3_t_0.3_20__file_name__wfdb0,T_Amp_V1,0.11,0.08840553588382048,0.021594464116179518,False
P3_t_0.3_20__file_name__wfdb0,T_Amp_V1_iqr,0.0249999999999999,0.01544461008600416,0.009555389913995741,False
P3_t_0.3_20__file_name__wfdb0,T_Amp_V1_count,12.0,12,0.0,True
P3_t_0.3_20__file_name__wfdb0,T_Amp_V2,0.29,0.3681433741489576,0.07814337414895761,False
P3_t_0.3_20__file_name__wfdb0,T_Amp_V2_iqr,0.0399999999999999,0.021374889745814862,0.018625110254185034,False
P3_t_0.3_20__file_name__wfdb0,T_Amp_V2_count,12.0,12,0.0,True
P3_t_0.3_20__file_name__wfdb0,T_Amp_V3,0.17,0.24880844889838735,0.07880844889838734,False
P3_t_0.3_20__file_name__wfdb0,T_Amp_V3_iqr,0.0375,0.010493392293268622,0.027006607706731377,False
P3_t_0.3_20__file_name__wfdb0,T_Amp_V3_count,12.0,12,0.0,True
P3_t_0.3_20__file_name__wfdb0,T_Amp_V4,0.055,0.0848180163822878,0.029818016382287794,False
P3_t_0.3_20__file_name__wfdb0,T_Amp_V4_iqr,0.035,0.014281808391558168,0.020718191608441835,False
P3_t_0.3_20__file_name__wfdb0,T_Amp_V4_count,12.0,12,0.0,True
P3_t_0.3_20__file_name__wfdb0,T_Amp_V5,-0.115,-0.09326364573562532,0.021736354264374688,False
P3_t_0.3_20__file_name__wfdb0,T_Amp_V5_iqr,0.0475,0.014723500451887375,0.032776499548112625,False
P3_t_0.3_20__file_name__wfdb0,T_Amp_V5_count,12.0,12,0.0,True
P3_t_0.3_20__file_name__wfdb0,T_Amp_V6,-0.11,-0.08790140413539842,0.022098595864601583,False
P3_t_0.3_20__file_name__wfdb0,T_Amp_V6_iqr,0.0575,0.029801453966483246,0.027698546033516756,False
P3_t_0.3_20__file_name__wfdb0,T_Amp_V6_count,12.0,12,0.0,True
P3_t_0.3_20__file_name__wfdb0,T_Amp_aVF,-0.1149999999999999,0.14930572548982493,0.26430572548982484,False
P3_t_0.3_20__file_name__wfdb0,T_Amp_aVF_iqr,0.0425,0.01807480627639918,0.024425193723600823,False
P3_t_0.3_20__file_name__wfdb0,T_Amp_aVF_count,12.0,12,0.0,True
P3_t_0.3_20__file_name__wfdb0,T_Amp_aVL,0.1,-0.12824162321497828,0.2282416232149783,False
P3_t_0.3_20__file_name__wfdb0,T_Amp_aVL_iqr,0.0424999999999999,0.016625457867678967,0.025874542132320932,False
P3_t_0.3_20__file_name__wfdb0,T_Amp_aVL_count,12.0,12,0.0,True
P3_t_0.3_20__file_name__wfdb0,T_Amp_aVR,-0.015,-0.039218246476926386,0.024218246476926386,False
P3_t_0.3_20__file_name__wfdb0,T_Amp_aVR_iqr,0.0225,0.012801914604314825,0.009698085395685174,False
P3_t_0.3_20__file_name__wfdb0,T_Amp_aVR_count,12.0,12,0.0,True
P3_t_0.3_20__file_name__matlab1,P_Amp_I,0.075,0.11901740663980084,0.044017406639800846,False
P3_t_0.3_20__file_name__matlab1,P_Amp_I_iqr,0.0325,0.015598729622015861,0.01690127037798414,False
P3_t_0.3_20__file_name__matlab1,P_Amp_I_count,12.0,12,0.0,True
P3_t_0.3_20__file_name__matlab1,P_Amp_II,0.125,0.10574956961775248,0.019250430382247524,False
P3_t_0.3_20__file_name__matlab1,P_Amp_II_iqr,0.0325,0.016296287943403015,0.016203712056596986,False
P3_t_0.3_20__file_name__matlab1,P_Amp_II_count,12.0,12,0.0,True
P3_t_0.3_20__file_name__matlab1,P_Amp_III,0.075,0.027033513125423847,0.04796648687457615,False
P3_t_0.3_20__file_name__matlab1,P_Amp_III_iqr,0.0249999999999999,0.028635865749374878,0.0036358657493749773,False
P3_t_0.3_20__file_name__matlab1,P_Amp_III_count,12.0,12,0.0,True
P3_t_0.3_20__file_name__matlab1,P_Amp_V1,-0.04,-0.06748113089403104,0.027481130894031043,False
P3_t_0.3_20__file_name__matlab1,P_Amp_V1_iqr,0.0025,0.015914852834356258,0.013414852834356257,False
P3_t_0.3_20__file_name__matlab1,P_Amp_V1_count,12.0,12,0.0,True
P3_t_0.3_20__file_name__matlab1,P_Amp_V2,-0.04,0.034377608288639616,0.07437760828863962,False
P3_t_0.3_20__file_name__matlab1,P_Amp_V2_iqr,0.01,0.018558422782815567,0.008558422782815567,False
P3_t_0.3_20__file_name__matlab1,P_Amp_V2_count,12.0,12,0.0,True
P3_t_0.3_20__file_name__matlab1,P_Amp_V3,-0.04,0.04729387985925719,0.08729387985925718,False
P3_t_0.3_20__file_name__matlab1,P_Amp_V3_iqr,0.035,0.029940737403133293,0.005059262596866711,False
P3_t_0.3_20__file_name__matlab1,P_Amp_V3_count,12.0,12,0.0,True
P3_t_0.3_20__file_name__matlab1,P_Amp_V4,0.025,0.0526057649400751,0.0276057649400751,False
P3_t_0.3_20__file_name__matlab1,P_Amp_V4_iqr,0.0275,0.00941704070770652,0.01808295929229348,False
P3_t_0.3_20__file_name__matlab1,P_Amp_V4_count,12.0,12,0.0,True
P3_t_0.3_20__file_name__matlab1,P_Amp_V5,0.03,0.04874593244017583,0.018745932440175833,False
P3_t_0.3_20__file_name__matlab1,P_Amp_V5_iqr,0.0375,0.012111089237855331,0.025388910762144667,False
P3_t_0.3_20__file_name__matlab1,P_Amp_V5_count,12.0,12,0.0,True
P3_t_0.3_20__file_name__matlab1,P_Amp_V6,0.04,0.054036868186249754,0.014036868186249753,False
P3_t_0.3_20__file_name__matlab1,P_Amp_V6_iqr,0.05,0.02297610759271046,0.027023892407289543,False
P3_t_0.3_20__file_name__matlab1,P_Amp_V6_count,12.0,12,0.0,True
P3_t_0.3_20__file_name__matlab1,P_Amp_aVF,0.09,0.03658167953705392,0.053418320462946076,False
P3_t_0.3_20__file_name__matlab1,P_Amp_aVF_iqr,0.0325,0.03135702493405193,0.0011429750659480709,False
P3_t_0.3_20__file_name__matlab1,P_Amp_aVF_count,12.0,12,0.0,True
P3_t_0.3_20__file_name__matlab1,P_Amp_aVL,0.02,0.04841032930882887,0.028410329308828867,False
P3_t_0.3_20__file_name__matlab1,P_Amp_aVL_iqr,0.045,0.02700434329423665,0.01799565670576335,False
P3_t_0.3_20__file_name__matlab1,P_Amp_aVL_count,12.0,12,0.0,True
P3_t_0.3_20__file_name__matlab1,P_Amp_aVR,-0.095,-0.11331080230270871,0.018310802302708706,False
P3_t_0.3_20__file_name__matlab1,P_Amp_aVR_iqr,0.02,0.018871949602492652,0.0011280503975073485,False
P3_t_0.3_20__file_name__matlab1,P_Amp_aVR_count,12.0,12,0.0,True
P3_t_0.3_20__file_name__matlab1,Q_Amp_I,-0.14,-0.0753805990900536,0.06461940090994642,False
P3_t_0.3_20__file_name__matlab1,Q_Amp_I_iqr,0.0425,0.03367151577161926,0.008828484228380742,False
P3_t_0.3_20__file_name__matlab1,Q_Amp_I_count,12.0,12,0.0,True
P3_t_0.3_20__file_name__matlab1,Q_Amp_II,-0.14,-0.10780510618778352,0.03219489381221649,False
P3_t_0.3_20__file_name__matlab1,Q_Amp_II_iqr,0.0325,0.027559726167122156,0.004940273832877845,False
P3_t_0.3_20__file_name__matlab1,Q_Amp_II_count,12.0,12,0.0,True
P3_t_0.3_20__file_name__matlab1,Q_Amp_III,0.06,0.010651994732931998,0.049348005267068,False
P3_t_0.3_20__file_name__matlab1,Q_Amp_III_iqr,0.035,0.012263856077974346,0.022736143922025658,False
P3_t_0.3_20__file_name__matlab1,Q_Amp_III_count,12.0,12,0.0,True
P3_t_0.3_20__file_name__matlab1,Q_Amp_V1,0.2,0.14292066169845932,0.05707933830154069,False
P3_t_0.3_20__file_name__matlab1,Q_Amp_V1_iqr,0.0399999999999999,0.022546666398652077,0.01745333360134782,False
P3_t_0.3_20__file_name__matlab1,Q_Amp_V1_count,12.0,12,0.0,True
P3_t_0.3_20__file_name__matlab1,Q_Amp_V2,-0.0849999999999999,-0.0013218793751938074,0.08367812062480609,False
P3_t_0.3_20__file_name__matlab1,Q_Amp_V2_iqr,0.0224999999999999,0.00900223305469083,0.013497766945309068,False
P3_t_0.3_20__file_name__matlab1,Q_Amp_V2_count,12.0,12,0.0,True
P3_t_0.3_20__file_name__matlab1,Q_Amp_V3,-0.045,0.00996935768319995,0.05496935768319995,False
P3_t_0.3_20__file_name__matlab1,Q_Amp_V3_iqr,0.0325,0.03252926461433867,2.926461433867128e-05,False
P3_t_0.3_20__file_name__matlab1,Q_Amp_V3_count,12.0,12,0.0,True
P3_t_0.3_20__file_name__matlab1,Q_Amp_V4,-0.1,-0.02573865401179362,0.07426134598820638,False
P3_t_0.3_20__file_name__matlab1,Q_Amp_V4_iqr,0.0125,0.03345196636814089,0.02095196636814089,False
P3_t_0.3_20__file_name__matlab1,Q_Amp_V4_count,12.0,12,0.0,True
P3_t_0.3_20__file_name__matlab1,Q_Amp_V5,-0.17,-0.08799512900404317,0.08200487099595684,False
P3_t_0.3_20__file_name__matlab1,Q_Amp_V5_iqr,0.0375,0.03526284364195931,0.0022371563580406914,False
P3_t_0.3_20__file_name__matlab1,Q_Amp_V5_count,12.0,12,0.0,True
P3_t_0.3_20__file_name__matlab1,Q_Amp_V6,-0.155,-0.08762228730323653,0.06737771269676347,False
P3_t_0.3_20__file_name__matlab1,Q_Amp_V6_iqr,0.0499999999999999,0.017426833836497457,0.03257316616350244,False
P3_t_0.3_20__file_name__matlab1,Q_Amp_V6_count,12.0,12,0.0,True
P3_t_0.3_20__file_name__matlab1,Q_Amp_aVF,-0.105,0.18888967786520822,0.2938896778652082,False
P3_t_0.3_20__file_name__matlab1,Q_Amp_aVF_iqr,0.0375,0.05348706247554244,0.015987062475542442,False
P3_t_0.3_20__file_name__matlab1,Q_Amp_aVF_count,12.0,12,0.0,True
P3_t_0.3_20__file_name__matlab1,Q_Amp_aVL,-0.075,-0.08142401251077892,0.006424012510778926,False
P3_t_0.3_20__file_name__matlab1,Q_Amp_aVL_iqr,0.0424999999999999,0.015217382577596736,0.027282617422403163,False
P3_t_0.3_20__file_name__matlab1,Q_Amp_aVL_count,12.0,12,0.0,True
P3_t_0.3_20__file_name__matlab1,Q_Amp_aVR,0.145,0.08323184117666158,0.061768158823338415,False
P3_t_0.3_20__file_name__matlab1,Q_Amp_aVR_iqr,0.0325,0.015998637596446957,0.016501362403553044,False
P3_t_0.3_20__file_name__matlab1,Q_Amp_aVR_count,12.0,12,0.0,True
P3_t_0.3_20__file_name__matlab1,R_Amp_I,1.6,1.2125485364438342,0.3874514635561659,False
P3_t_0.3_20__file_name__matlab1,R_Amp_I_iqr,0.1224999999999998,0.08193141183522612,0.04056858816477368,False
P3_t_0.3_20__file_name__matlab1,R_Amp_I_count,12.0,12,0.0,True
P3_t_0.3_20__file_name__matlab1,R_Amp_II,0.975,0.7066285073983839,0.2683714926016161,False
P3_t_0.3_20__file_name__matlab1,R_Amp_II_iqr,0.045,0.031310978620704644,0.013689021379295355,False
P3_t_0.3_20__file_name__matlab1,R_Amp_II_count,12.0,12,0.0,True
P3_t_0.3_20__file_name__matlab1,R_Amp_III,-0.71,-0.5183086180889798,0.1916913819110202,False
P3_t_0.3_20__file_name__matlab1,R_Amp_III_iqr,0.14,0.08983826050069782,0.050161739499302194,False
P3_t_0.3_20__file_name__matlab1,R_Amp_III_count,12.0,12,0.0,True
P3_t_0.3_20__file_name__matlab1,R_Amp_V1,-0.955,-0.8150174101065095,0.13998258989349044,False
P3_t_0.3_20__file_name__matlab1,R_Amp_V1_iqr,0.1149999999999999,0.10626787001123927,0.00873212998876062,False
P3_t_0.3_20__file_name__matlab1,R_Amp_V1_count,12.0,12,0.0,True
P3_t_0.3_20__file_name__matlab1,R_Amp_V2,0.885,0.7602454683280222,0.12475453167197781,False
P3_t_0.3_20__file_name__matlab1,R_Amp_V2_iqr,0.075,0.04665320213065305,0.02834679786934695,False
P3_t_0.3_20__file_name__matlab1,R_Amp_V2_count,12.0,12,0.0,True
P3_t_0.3_20__file_name__matlab1,R_Amp_V3,1.68,1.2390837694310246,0.44091623056897533,False
P3_t_0.3_20__file_name__matlab1,R_Amp_V3_iqr,0.0949999999999999,0.08207126867546877,0.012928731324531137,False
P3_t_0.3_20__file_name__matlab1,R_Amp_V3_count,12.0,12,0.0,True
P3_t_0.3_20__file_name__matlab1,R_Amp_V4,1.835,1.3158123764816723,0.5191876235183277,False
P3_t_0.3_20__file_name__matlab1,R_Amp_V4_iqr,0.1624999999999998,0.09668684176115261,0.0658131582388472,False
P3_t_0.3_20__file_name__matlab1,R_Amp_V4_count,12.0,12,0.0,True
P3_t_0.3_20__file_name__matlab1,R_Amp_V5,1.6,1.161749545113901,0.43825045488609904,False
P3_t_0.3_20__file_name__matlab1,R_Amp_V5_iqr,0.0749999999999997,0.0707272813759321,0.004272718624067612,False
P3_t_0.3_20__file_name__matlab1,R_Amp_V5_count,12.0,12,0.0,True
P3_t_0.3_20__file_name__matlab1,R_Amp_V6,1.17,0.869199328800059,0.3008006711999409,False
P3_t_0.3_20__file_name__matlab1,R_Amp_V6_iqr,0.0524999999999999,0.04655689909925975,0.005943100900740149,False
P3_t_0.3_20__file_name__matlab1,R_Amp_V6_count,12.0,12,0.0,True
P3_t_0.3_20__file_name__matlab1,R_Amp_aVF,0.255,0.7678793360739742,0.5128793360739742,False
P3_t_0.3_20__file_name__matlab1,R_Amp_aVF_iqr,0.09,0.11747479264055505,0.02747479264055505,False
P3_t_0.3_20__file_name__matlab1,R_Amp_aVF_count,12.0,12,0.0,True
P3_t_0.3_20__file_name__matlab1,R_Amp_aVL,1.15,0.0968367980726987,1.0531632019273012,False
P3_t_0.3_20__file_name__matlab1,R_Amp_aVL_iqr,0.1549999999999998,0.06212933784974546,0.09287066215025434,False
P3_t_0.3_20__file_name__matlab1,R_Amp_aVL_count,12.0,12,0.0,True
P3_t_0.3_20__file_name__matlab1,R_Amp_aVR,-1.3,-0.9588980527439842,0.34110194725601584,False
P3_t_0.3_20__file_name__matlab1,R_Amp_aVR_iqr,0.09,0.016070549783567367,0.07392945021643263,False
P3_t_0.3_20__file_name__matlab1,R_Amp_aVR_count,12.0,12,0.0,True
P3_t_0.3_20__file_name__matlab1,S_Amp_I,-0.12,-0.07058619926881955,0.04941380073118044,False
P3_t_0.3_20__file_name__matlab1,S_Amp_I_iqr,0.0525,0.026003059464388335,0.026496940535611663,False
P3_t_0.3_20__file_name__matlab1,S_Amp_I_count,12.0,12,0.0,True
P3_t_0.3_20__file_name__matlab1,S_Amp_II,-0.0849999999999999,-0.09101833809251005,0.00601833809251015,False
P3_t_0.3_20__file_name__matlab1,S_Amp_II_iqr,0.0375,0.02355504112902118,0.013944958870978817,False
P3_t_0.3_20__file_name__matlab1,S_Amp_II_count,12.0,12,0.0,True
P3_t_0.3_20__file_name__matlab1,S_Amp_III,-0.02,-0.09712907955761425,0.07712907955761425,False
P3_t_0.3_20__file_name__matlab1,S_Amp_III_iqr,0.09,0.10025271231284341,0.010252712312843415,False
P3_t_0.3_20__file_name__matlab1,S_Amp_III_count,12.0,12,0.0,True
P3_t_0.3_20__file_name__matlab1,S_Amp_V1,0.02,0.011693806440545148,0.008306193559454852,False
P3_t_0.3_20__file_name__matlab1,S_Amp_V1_iqr,0.025,0.011037213016730673,0.013962786983269328,False
P3_t_0.3_20__file_name__matlab1,S_Amp_V1_count,12.0,12,0.0,True
P3_t_0.3_20__file_name__matlab1,S_Amp_V2,-0.735,-0.35023618640448845,0.38476381359551154,False
P3_t_0.3_20__file_name__matlab1,S_Amp_V2_iqr,0.05,0.014901633032602613,0.03509836696739739,False
P3_t_0.3_20__file_name__matlab1,S_Amp_V2_count,12.0,12,0.0,True
P3_t_0.3_20__file_name__matlab1,S_Amp_V3,-0.325,-0.10244495842708959,0.22255504157291042,False
P3_t_0.3_20__file_name__matlab1,S_Amp_V3_iqr,0.0575,0.042617860474553626,0.014882139525446376,False
P3_t_0.3_20__file_name__matlab1,S_Amp_V3_count,12.0,12,0.0,True
P3_t_0.3_20__file_name__matlab1,S_Amp_V4,-0.13,-0.08308543842989274,0.04691456157010726,False
P3_t_0.3_20__file_name__matlab1,S_Amp_V4_iqr,0.03,0.03348927493849431,0.0034892749384943106,False
P3_t_0.3_20__file_name__matlab1,S_Amp_V4_count,12.0,12,0.0,True
P3_t_0.3_20__file_name__matlab1,S_Amp_V5,-0.065,-0.08470676102329432,0.019706761023294314,False
P3_t_0.3_20__file_name__matlab1,S_Amp_V5_iqr,0.04,0.025113702978368485,0.014886297021631516,False
P3_t_0.3_20__file_name__matlab1,S_Amp_V5_count,12.0,12,0.0,True
P3_t_0.3_20__file_name__matlab1,S_Amp_V6,-0.09,-0.07201149198631086,0.017988508013689133,False
P3_t_0.3_20__file_name__matlab1,S_Amp_V6_iqr,0.0625,0.007485492453051482,0.05501450754694852,False
P3_t_0.3_20__file_name__matlab1,S_Amp_V6_count,12.0,12,0.0,True
P3_t_0.3_20__file_name__matlab1,S_Amp_aVF,-0.065,0.033181616254694915,0.09818161625469492,False
P3_t_0.3_20__file_name__matlab1,S_Amp_aVF_iqr,0.0275,0.04642812664338266,0.01892812664338266,False
P3_t_0.3_20__file_name__matlab1,S_Amp_aVF_count,12.0,12,0.0,True
P3_t_0.3_20__file_name__matlab1,S_Amp_aVL,-0.07,-0.04124921778452631,0.028750782215473697,False
P3_t_0.3_20__file_name__matlab1,S_Amp_aVL_iqr,0.0699999999999999,0.021355892507995973,0.04864410749200392,False
P3_t_0.3_20__file_name__matlab1,S_Amp_aVL_count,12.0,12,0.0,True
P3_t_0.3_20__file_name__matlab1,S_Amp_aVR,0.07,0.07363070077047772,0.00363070077047771,False
P3_t_0.3_20__file_name__matlab1,S_Amp_aVR_iqr,0.035,0.015260915033325398,0.019739084966674605,False
P3_t_0.3_20__file_name__matlab1,S_Amp_aVR_count,12.0,12,0.0,True
P3_t_0.3_20__file_name__matlab1,T_Amp_I,0.065,0.11295753012960175,0.047957530129601744,False
P3_t_0.3_20__file_name__matlab1,T_Amp_I_iqr,0.03,0.011303644240888547,0.018696355759111452,False
P3_t_0.3_20__file_name__matlab1,T_Amp_I_count,12.0,12,0.0,True
P3_t_0.3_20__file_name__matlab1,T_Amp_II,-0.1,-0.10339011160088785,0.0033901116008878407,False
P3_t_0.3_20__file_name__matlab1,T_Amp_II_iqr,0.025,0.020279492382072564,0.004720507617927437,False
P3_t_0.3_20__file_name__matlab1,T_Amp_II_count,12.0,12,0.0,True
P3_t_0.3_20__file_name__matlab1,T_Amp_III,-0.15,-0.19433553705407197,0.04433553705407198,False
P3_t_0.3_20__file_name__matlab1,T_Amp_III_iqr,0.055,0.013217476932812389,0.04178252306718761,False
P3_t_0.3_20__file_name__matlab1,T_Amp_III_count,12.0,12,0.0,True
P3_t_0.3_20__file_name__matlab1,T_Amp_V1,0.11,0.08948900400091361,0.020510995999086387,False
P3_t_0.3_20__file_name__matlab1,T_Amp_V1_iqr,0.0249999999999999,0.01593667214923658,0.00906332785076332,False
P3_t_0.3_20__file_name__matlab1,T_Amp_V1_count,12.0,12,0.0,True
P3_t_0.3_20__file_name__matlab1,T_Amp_V2,0.29,0.3705042583684921,0.08050425836849212,False
P3_t_0.3_20__file_name__matlab1,T_Amp_V2_iqr,0.0399999999999999,0.021352132919426503,0.018647867080573394,False
P3_t_0.3_20__file_name__matlab1,T_Amp_V2_count,12.0,12,0.0,True
P3_t_0.3_20__file_name__matlab1,T_Amp_V3,0.17,0.24935020974269212,0.07935020974269211,False
P3_t_0.3_20__file_name__matlab1,T_Amp_V3_iqr,0.0375,0.010906006785162348,0.02659399321483765,False
P3_t_0.3_20__file_name__matlab1,T_Amp_V3_count,12.0,12,0.0,True
P3_t_0.3_20__file_name__matlab1,T_Amp_V4,0.055,0.08456632269049424,0.029566322690494244,False
P3_t_0.3_20__file_name__matlab1,T_Amp_V4_iqr,0.035,0.014164255202817444,0.02083574479718256,False
P3_t_0.3_20__file_name__matlab1,T_Amp_V4_count,12.0,12,0.0,True
P3_t_0.3_20__file_name__matlab1,T_Amp_V5,-0.115,-0.09394013686708044,0.021059863132919562,False
P3_t_0.3_20__file_name__matlab1,T_Amp_V5_iqr,0.0475,0.014507290216373328,0.03299270978362667,False
P3_t_0.3_20__file_name__matlab1,T_Amp_V5_count,12.0,12,0.0,True
P3_t_0.3_20__file_name__matlab1,T_Amp_V6,-0.11,-0.08887409165188243,0.021125908348117575,False
P3_t_0.3_20__file_name__matlab1,T_Amp_V6_iqr,0.0575,0.030035603204164527,0.027464396795835476,False
P3_t_0.3_20__file_name__matlab1,T_Amp_V6_count,12.0,12,0.0,True
P3_t_0.3_20__file_name__matlab1,T_Amp_aVF,-0.1149999999999999,0.1473826400940007,0.2623826400940006,False
P3_t_0.3_20__file_name__matlab1,T_Amp_aVF_iqr,0.0425,0.019070829962210767,0.023429170037789236,False
P3_t_0.3_20__file_name__matlab1,T_Amp_aVF_count,12.0,12,0.0,True
P3_t_0.3_20__file_name__matlab1,T_Amp_aVL,0.1,-0.13159482704899594,0.23159482704899595,False
P3_t_0.3_20__file_name__matlab1,T_Amp_aVL_iqr,0.0424999999999999,0.015179492873288139,0.02732050712671176,False
P3_t_0.3_20__file_name__matlab1,T_Amp_aVL_count,12.0,12,0.0,True
P3_t_0.3_20__file_name__matlab1,T_Amp_aVR,-0.015,-0.03811418718585132,0.023114187185851322,False
P3_t_0.3_20__file_name__matlab1,T_Amp_aVR_iqr,0.0225,0.013980556866849986,0.008519443133150013,False
P3_t_0.3_20__file_name__matlab1,T_Amp_aVR_count,12.0,12,0.0,True
P1_example_forward__csv_name__wfdb0,P_Amp_I,0.075,0.10037080630451778,0.025370806304517782,False
P1_example_forward__csv_name__wfdb0,P_Amp_I_iqr,0.0325,0.011878946725732323,0.02062105327426768,False
P1_example_forward__csv_name__wfdb0,P_Amp_I_count,12.0,12,0.0,True
P1_example_forward__csv_name__wfdb0,P_Amp_II,0.125,0.17106451666522543,0.04606451666522543,False
P1_example_forward__csv_name__wfdb0,P_Amp_II_iqr,0.0325,0.011070886775060101,0.0214291132249399,False
P1_example_forward__csv_name__wfdb0,P_Amp_II_count,12.0,12,0.0,True
P1_example_forward__csv_name__wfdb0,P_Amp_III,0.075,0.041890895853959664,0.03310910414604033,False
P1_example_forward__csv_name__wfdb0,P_Amp_III_iqr,0.0249999999999999,0.036162619714641235,0.011162619714641334,False
P1_example_forward__csv_name__wfdb0,P_Amp_III_count,12.0,12,0.0,True
P1_example_forward__csv_name__wfdb0,P_Amp_V1,-0.04,-0.018175351912302216,0.021824648087697785,False
P1_example_forward__csv_name__wfdb0,P_Amp_V1_iqr,0.0025,0.01379702648388681,0.011297026483886809,False
P1_example_forward__csv_name__wfdb0,P_Amp_V1_count,12.0,12,0.0,True
P1_example_forward__csv_name__wfdb0,P_Amp_V2,-0.04,0.024874976910707447,0.06487497691070745,False
P1_example_forward__csv_name__wfdb0,P_Amp_V2_iqr,0.01,0.019911177155172467,0.009911177155172467,False
P1_example_forward__csv_name__wfdb0,P_Amp_V2_count,12.0,12,0.0,True
P1_example_forward__csv_name__wfdb0,P_Amp_V3,-0.04,0.021549393140926347,0.06154939314092635,False
P1_example_forward__csv_name__wfdb0,P_Amp_V3_iqr,0.035,0.021659899302078053,0.01334010069792195,False
P1_example_forward__csv_name__wfdb0,P_Amp_V3_count,12.0,12,0.0,True
P1_example_forward__csv_name__wfdb0,P_Amp_V4,0.025,0.04017596767031484,0.015175967670314837,False
P1_example_forward__csv_name__wfdb0,P_Amp_V4_iqr,0.0275,0.012844465225497287,0.014655534774502713,False
P1_example_forward__csv_name__wfdb0,P_Amp_V4_count,12.0,12,0.0,True
P1_example_forward__csv_name__wfdb0,P_Amp_V5,0.03,0.04189715693509226,0.01189715693509226,False
P1_example_forward__csv_name__wfdb0,P_Amp_V5_iqr,0.0375,0.011855733430833196,0.025644266569166803,False
P1_example_forward__csv_name__wfdb0,P_Amp_V5_count,12.0,12,0.0,True
P1_example_forward__csv_name__wfdb0,P_Amp_V6,0.04,0.03622660469761015,0.003773395302389848,False
P1_example_forward__csv_name__wfdb0,P_Amp_V6_iqr,0.05,0.014271837158069057,0.03572816284193095,False
P1_example_forward__csv_name__wfdb0,P_Amp_V6_count,12.0,12,0.0,True
P1_example_forward__csv_name__wfdb0,P_Amp_aVF,0.09,0.054980053517337556,0.03501994648266244,False
P1_example_forward__csv_name__wfdb0,P_Amp_aVF_iqr,0.0325,0.011449814956119006,0.021050185043880995,False
P1_example_forward__csv_name__wfdb0,P_Amp_aVF_count,12.0,12,0.0,True
P1_example_forward__csv_name__wfdb0,P_Amp_aVL,0.02,0.057274210318392874,0.03727421031839287,False
P1_example_forward__csv_name__wfdb0,P_Amp_aVL_iqr,0.045,0.021988862265203392,0.023011137734796606,False
P1_example_forward__csv_name__wfdb0,P_Amp_aVL_count,12.0,12,0.0,True
P1_example_forward__csv_name__wfdb0,P_Amp_aVR,-0.095,-0.10118567636339748,0.00618567636339748,False
P1_example_forward__csv_name__wfdb0,P_Amp_aVR_iqr,0.02,0.014885028785881688,0.005114971214118313,False
P1_example_forward__csv_name__wfdb0,P_Amp_aVR_count,12.0,12,0.0,True
P1_example_forward__csv_name__wfdb0,Q_Amp_I,-0.14,-0.1320384609468601,0.007961539053139927,False
P1_example_forward__csv_name__wfdb0,Q_Amp_I_iqr,0.0425,0.02616428295390419,0.016335717046095814,False
P1_example_forward__csv_name__wfdb0,Q_Amp_I_count,12.0,12,0.0,True
P1_example_forward__csv_name__wfdb0,Q_Amp_II,-0.14,-0.09214120480352796,0.047858795196472056,False
P1_example_forward__csv_name__wfdb0,Q_Amp_II_iqr,0.0325,0.0076173132018225315,0.02488268679817747,False
P1_example_forward__csv_name__wfdb0,Q_Amp_II_count,12.0,12,0.0,True
P1_example_forward__csv_name__wfdb0,Q_Amp_III,0.06,0.025725788309531455,0.03427421169046854,False
P1_example_forward__csv_name__wfdb0,Q_Amp_III_iqr,0.035,0.01017480553180242,0.024825194468197583,False
P1_example_forward__csv_name__wfdb0,Q_Amp_III_count,12.0,12,0.0,True
P1_example_forward__csv_name__wfdb0,Q_Amp_V1,0.2,0.23738952433594526,0.03738952433594525,False
P1_example_forward__csv_name__wfdb0,Q_Amp_V1_iqr,0.0399999999999999,0.031403031792845565,0.008596968207154332,False
P1_example_forward__csv_name__wfdb0,Q_Amp_V1_count,12.0,12,0.0,True
P1_example_forward__csv_name__wfdb0,Q_Amp_V2,-0.0849999999999999,-0.016645182124846936,0.06835481787515296,False
P1_example_forward__csv_name__wfdb0,Q_Amp_V2_iqr,0.0224999999999999,0.011303694109545515,0.011196305890454384,False
P1_example_forward__csv_name__wfdb0,Q_Amp_V2_count,12.0,12,0.0,True
P1_example_forward__csv_name__wfdb0,Q_Amp_V3,-0.045,-0.013177355944467251,0.03182264405553275,False
P1_example_forward__csv_name__wfdb0,Q_Amp_V3_iqr,0.0325,0.01122437730892443,0.021275622691075573,False
P1_example_forward__csv_name__wfdb0,Q_Amp_V3_count,12.0,12,0.0,True
P1_example_forward__csv_name__wfdb0,Q_Amp_V4,-0.1,-0.09098806567111886,0.009011934328881144,False
P1_example_forward__csv_name__wfdb0,Q_Amp_V4_iqr,0.0125,0.012266856337555088,0.00023314366244491305,False
P1_example_forward__csv_name__wfdb0,Q_Amp_V4_count,12.0,12,0.0,True
P1_example_forward__csv_name__wfdb0,Q_Amp_V5,-0.17,-0.17026391896166612,0.00026391896166610973,False
P1_example_forward__csv_name__wfdb0,Q_Amp_V5_iqr,0.0375,0.008203565978156802,0.029296434021843197,False
P1_example_forward__csv_name__wfdb0,Q_Amp_V5_count,12.0,12,0.0,True
P1_example_forward__csv_name__wfdb0,Q_Amp_V6,-0.155,-0.16705496867432396,0.012054968674323957,False
P1_example_forward__csv_name__wfdb0,Q_Amp_V6_iqr,0.0499999999999999,0.008117286090259357,0.04188271390974054,False
P1_example_forward__csv_name__wfdb0,Q_Amp_V6_count,12.0,12,0.0,True
P1_example_forward__csv_name__wfdb0,Q_Amp_aVF,-0.105,-0.11422668224148824,0.009226682241488246,False
P1_example_forward__csv_name__wfdb0,Q_Amp_aVF_iqr,0.0375,0.027637598486383197,0.009862401513616802,False
P1_example_forward__csv_name__wfdb0,Q_Amp_aVF_count,12.0,12,0.0,True
P1_example_forward__csv_name__wfdb0,Q_Amp_aVL,-0.075,-0.05939490755894958,0.01560509244105042,False
P1_example_forward__csv_name__wfdb0,Q_Amp_aVL_iqr,0.0424999999999999,0.02299110456884776,0.01950889543115214,False
P1_example_forward__csv_name__wfdb0,Q_Amp_aVL_count,12.0,12,0.0,True
P1_example_forward__csv_name__wfdb0,Q_Amp_aVR,0.145,0.138067108650419,0.006932891349581,False
P1_example_forward__csv_name__wfdb0,Q_Amp_aVR_iqr,0.0325,0.00681494614819772,0.02568505385180228,False
P1_example_forward__csv_name__wfdb0,Q_Amp_aVR_count,12.0,12,0.0,True
P1_example_forward__csv_name__wfdb0,R_Amp_I,1.6,1.537193147723187,0.06280685227681304,False
P1_example_forward__csv_name__wfdb0,R_Amp_I_iqr,0.1224999999999998,0.10319240675780739,0.019307593242192417,False
P1_example_forward__csv_name__wfdb0,R_Amp_I_count,12.0,12,0.0,True
P1_example_forward__csv_name__wfdb0,R_Amp_II,0.975,0.9695554456642448,0.005444554335755192,False
P1_example_forward__csv_name__wfdb0,R_Amp_II_iqr,0.045,0.035546500029219885,0.009453499970780113,False
P1_example_forward__csv_name__wfdb0,R_Amp_II_count,12.0,12,0.0,True
P1_example_forward__csv_name__wfdb0,R_Amp_III,-0.71,-0.6530936972498796,0.05690630275012032,False
P1_example_forward__csv_name__wfdb0,R_Amp_III_iqr,0.14,0.09383039297083318,0.04616960702916684,False
P1_example_forward__csv_name__wfdb0,R_Amp_III_count,12.0,12,0.0,True
P1_example_forward__csv_name__wfdb0,R_Amp_V1,-0.955,-0.9038565207832534,0.05114347921674656,False
P1_example_forward__csv_name__wfdb0,R_Amp_V1_iqr,0.1149999999999999,0.14693354138762016,0.031933541387620265,False
P1_example_forward__csv_name__wfdb0,R_Amp_V1_count,12.0,12,0.0,True
P1_example_forward__csv_name__wfdb0,R_Amp_V2,0.885,1.0424129277110747,0.15741292771107473,False
P1_example_forward__csv_name__wfdb0,R_Amp_V2_iqr,0.075,0.04426940325437134,0.030730596745628655,False
P1_example_forward__csv_name__wfdb0,R_Amp_V2_count,12.0,12,0.0,True
P1_example_forward__csv_name__wfdb0,R_Amp_V3,1.68,1.7054417925572383,0.02544179255723833,False
P1_example_forward__csv_name__wfdb0,R_Amp_V3_iqr,0.0949999999999999,0.09238264978906607,0.0026173502109338304,False
P1_example_forward__csv_name__wfdb0,R_Amp_V3_count,12.0,12,0.0,True
P1_example_forward__csv_name__wfdb0,R_Amp_V4,1.835,1.8058317815849878,0.02916821841501216,False
P1_example_forward__csv_name__wfdb0,R_Amp_V4_iqr,0.1624999999999998,0.12472401137030298,0.03777598862969683,False
P1_example_forward__csv_name__wfdb0,R_Amp_V4_count,12.0,12,0.0,True
P1_example_forward__csv_name__wfdb0,R_Amp_V5,1.6,1.505181634890239,0.09481836510976116,False
P1_example_forward__csv_name__wfdb0,R_Amp_V5_iqr,0.0749999999999997,0.09318738201207055,0.018187382012070846,False
P1_example_forward__csv_name__wfdb0,R_Amp_V5_count,12.0,12,0.0,True
P1_example_forward__csv_name__wfdb0,R_Amp_V6,1.17,1.0755124974030843,0.09448750259691563,False
P1_example_forward__csv_name__wfdb0,R_Amp_V6_iqr,0.0524999999999999,0.03975924828795718,0.012740751712042718,False
P1_example_forward__csv_name__wfdb0,R_Amp_V6_count,12.0,12,0.0,True
P1_example_forward__csv_name__wfdb0,R_Amp_aVF,0.255,0.1826140159610084,0.0723859840389916,False
P1_example_forward__csv_name__wfdb0,R_Amp_aVF_iqr,0.09,0.11842507122835605,0.028425071228356052,False
P1_example_forward__csv_name__wfdb0,R_Amp_aVF_count,12.0,12,0.0,True
P1_example_forward__csv_name__wfdb0,R_Amp_aVL,1.15,1.0805837763814863,0.06941622361851363,False
P1_example_forward__csv_name__wfdb0,R_Amp_aVL_iqr,0.1549999999999998,0.10159563817966188,0.05340436182033792,False
P1_example_forward__csv_name__wfdb0,R_Amp_aVL_count,12.0,12,0.0,True
P1_example_forward__csv_name__wfdb0,R_Amp_aVR,-1.3,-1.20576955400889,0.09423044599111008,False
P1_example_forward__csv_name__wfdb0,R_Amp_aVR_iqr,0.09,0.02206328374165345,0.06793671625834655,False
P1_example_forward__csv_name__wfdb0,R_Amp_aVR_count,12.0,12,0.0,True
P1_example_forward__csv_name__wfdb0,S_Amp_I,-0.12,-0.10043664872603442,0.01956335127396558,False
P1_example_forward__csv_name__wfdb0,S_Amp_I_iqr,0.0525,0.02627128118548029,0.026228718814519707,False
P1_example_forward__csv_name__wfdb0,S_Amp_I_count,12.0,12,0.0,True
P1_example_forward__csv_name__wfdb0,S_Amp_II,-0.0849999999999999,-0.007883865352519571,0.07711613464748032,False
P1_example_forward__csv_name__wfdb0,S_Amp_II_iqr,0.0375,0.005799696404515595,0.031700303595484404,False
P1_example_forward__csv_name__wfdb0,S_Amp_II_count,12.0,12,0.0,True
P1_example_forward__csv_name__wfdb0,S_Amp_III,-0.02,-0.021111929353487498,0.0011119293534874973,False
P1_example_forward__csv_name__wfdb0,S_Amp_III_iqr,0.09,0.07674290944694193,0.01325709055305807,False
P1_example_forward__csv_name__wfdb0,S_Amp_III_count,12.0,12,0.0,True
P1_example_forward__csv_name__wfdb0,S_Amp_V1,0.02,0.033048787869811934,0.013048787869811933,False
P1_example_forward__csv_name__wfdb0,S_Amp_V1_iqr,0.025,0.011143989855960525,0.013856010144039477,False
P1_example_forward__csv_name__wfdb0,S_Amp_V1_count,12.0,12,0.0,True
P1_example_forward__csv_name__wfdb0,S_Amp_V2,-0.735,-0.6305547757178378,0.10444522428216219,False
P1_example_forward__csv_name__wfdb0,S_Amp_V2_iqr,0.05,0.0426340405506519,0.007365959449348106,False
P1_example_forward__csv_name__wfdb0,S_Amp_V2_count,12.0,12,0.0,True
P1_example_forward__csv_name__wfdb0,S_Amp_V3,-0.325,-0.34347934574422984,0.018479345744229825,False
P1_example_forward__csv_name__wfdb0,S_Amp_V3_iqr,0.0575,0.019603914063954786,0.037896085936045217,False
P1_example_forward__csv_name__wfdb0,S_Amp_V3_count,12.0,12,0.0,True
P1_example_forward__csv_name__wfdb0,S_Amp_V4,-0.13,-0.14291199332124463,0.012911993321244625,False
P1_example_forward__csv_name__wfdb0,S_Amp_V4_iqr,0.03,0.016247638389767116,0.013752361610232883,False
P1_example_forward__csv_name__wfdb0,S_Amp_V4_count,12.0,12,0.0,True
P1_example_forward__csv_name__wfdb0,S_Amp_V5,-0.065,-0.04229342817814222,0.022706571821857785,False
P1_example_forward__csv_name__wfdb0,S_Amp_V5_iqr,0.04,0.006613391354820072,0.03338660864517993,False
P1_example_forward__csv_name__wfdb0,S_Amp_V5_count,12.0,12,0.0,True
P1_example_forward__csv_name__wfdb0,S_Amp_V6,-0.09,-0.058862011386141624,0.031137988613858372,False
P1_example_forward__csv_name__wfdb0,S_Amp_V6_iqr,0.0625,0.027931785525558403,0.0345682144744416,False
P1_example_forward__csv_name__wfdb0,S_Amp_V6_count,12.0,12,0.0,True
P1_example_forward__csv_name__wfdb0,S_Amp_aVF,-0.065,-0.08560177597250464,0.020601775972504635,False
P1_example_forward__csv_name__wfdb0,S_Amp_aVF_iqr,0.0275,0.012192286225367319,0.015307713774632681,False
P1_example_forward__csv_name__wfdb0,S_Amp_aVF_count,12.0,12,0.0,True
P1_example_forward__csv_name__wfdb0,S_Amp_aVL,-0.07,-0.061061904044007145,0.008938095955992861,False
P1_example_forward__csv_name__wfdb0,S_Amp_aVL_iqr,0.0699999999999999,0.04644308919401384,0.023556910805986056,False
P1_example_forward__csv_name__wfdb0,S_Amp_aVL_count,12.0,12,0.0,True
P1_example_forward__csv_name__wfdb0,S_Amp_aVR,0.07,0.053973881613990665,0.01602611838600934,False
P1_example_forward__csv_name__wfdb0,S_Amp_aVR_iqr,0.035,0.04944780794866824,0.014447807948668234,False
P1_example_forward__csv_name__wfdb0,S_Amp_aVR_count,12.0,12,0.0,True
P1_example_forward__csv_name__wfdb0,T_Amp_I,0.065,0.11906906984632679,0.054069069846326784,False
P1_example_forward__csv_name__wfdb0,T_Amp_I_iqr,0.03,0.012414573525606834,0.017585426474393165,False
P1_example_forward__csv_name__wfdb0,T_Amp_I_count,12.0,12,0.0,True
P1_example_forward__csv_name__wfdb0,T_Amp_II,-0.1,-0.001436891066123601,0.0985631089338764,False
P1_example_forward__csv_name__wfdb0,T_Amp_II_iqr,0.025,0.016482785761849236,0.008517214238150765,False
P1_example_forward__csv_name__wfdb0,T_Amp_II_count,12.0,12,0.0,True
P1_example_forward__csv_name__wfdb0,T_Amp_III,-0.15,-0.16722540420891085,0.01722540420891086,False
P1_example_forward__csv_name__wfdb0,T_Amp_III_iqr,0.055,0.015288242773775162,0.03971175722622484,False
P1_example_forward__csv_name__wfdb0,T_Amp_III_count,12.0,12,0.0,True
P1_example_forward__csv_name__wfdb0,T_Amp_V1,0.11,0.09217715117362651,0.017822848826373486,False
P1_example_forward__csv_name__wfdb0,T_Amp_V1_iqr,0.0249999999999999,0.012619370860494458,0.012380629139505443,False
P1_example_forward__csv_name__wfdb0,T_Amp_V1_count,12.0,12,0.0,True
P1_example_forward__csv_name__wfdb0,T_Amp_V2,0.29,0.3166995661177156,0.026699566117715623,False
P1_example_forward__csv_name__wfdb0,T_Amp_V2_iqr,0.0399999999999999,0.01951158487438015,0.020488415125619747,False
P1_example_forward__csv_name__wfdb0,T_Amp_V2_count,12.0,12,0.0,True
P1_example_forward__csv_name__wfdb0,T_Amp_V3,0.17,0.21887253649831495,0.04887253649831494,False
P1_example_forward__csv_name__wfdb0,T_Amp_V3_iqr,0.0375,0.009708685806740003,0.027791314193259996,False
P1_example_forward__csv_name__wfdb0,T_Amp_V3_count,12.0,12,0.0,True
P1_example_forward__csv_name__wfdb0,T_Amp_V4,0.055,0.09787368633959395,0.04287368633959395,False
P1_example_forward__csv_name__wfdb0,T_Amp_V4_iqr,0.035,0.010464530717707254,0.02453546928229275,False
P1_example_forward__csv_name__wfdb0,T_Amp_V4_count,12.0,12,0.0,True
P1_example_forward__csv_name__wfdb0,T_Amp_V5,-0.115,-0.060100936587031535,0.05489906341296847,False
P1_example_forward__csv_name__wfdb0,T_Amp_V5_iqr,0.0475,0.01010816808522634,0.03739183191477366,False
P1_example_forward__csv_name__wfdb0,T_Amp_V5_count,12.0,12,0.0,True
P1_example_forward__csv_name__wfdb0,T_Amp_V6,-0.11,-0.07041328313459266,0.03958671686540734,False
P1_example_forward__csv_name__wfdb0,T_Amp_V6_iqr,0.0575,0.013576347160103183,0.04392365283989682,False
P1_example_forward__csv_name__wfdb0,T_Amp_V6_count,12.0,12,0.0,True
P1_example_forward__csv_name__wfdb0,T_Amp_aVF,-0.1149999999999999,-0.12524012767533627,0.010240127675336372,False
P1_example_forward__csv_name__wfdb0,T_Amp_aVF_iqr,0.0425,0.009514883010739203,0.0329851169892608,False
P1_example_forward__csv_name__wfdb0,T_Amp_aVF_count,12.0,12,0.0,True
P1_example_forward__csv_name__wfdb0,T_Amp_aVL,0.1,0.140027837325283,0.040027837325283006,False
P1_example_forward__csv_name__wfdb0,T_Amp_aVL_iqr,0.0424999999999999,0.0116500253915994,0.0308499746084005,False
P1_example_forward__csv_name__wfdb0,T_Amp_aVL_count,12.0,12,0.0,True
P1_example_forward__csv_name__wfdb0,T_Amp_aVR,-0.015,-0.05811681527809444,0.04311681527809444,False
P1_example_forward__csv_name__wfdb0,T_Amp_aVR_iqr,0.0225,0.008147572213661108,0.01435242778633889,False
P1_example_forward__csv_name__wfdb0,T_Amp_aVR_count,12.0,12,0.0,True
P1_example_forward__csv_name__matlab1,P_Amp_I,0.075,0.09869962887031206,0.02369962887031206,False
P1_example_forward__csv_name__matlab1,P_Amp_I_iqr,0.0325,0.01096495500107729,0.02153504499892271,False
P1_example_forward__csv_name__matlab1,P_Amp_I_count,12.0,12,0.0,True
P1_example_forward__csv_name__matlab1,P_Amp_II,0.125,0.17358480247233468,0.04858480247233468,False
P1_example_forward__csv_name__matlab1,P_Amp_II_iqr,0.0325,0.009947844657453075,0.022552155342546926,False
P1_example_forward__csv_name__matlab1,P_Amp_II_count,12.0,12,0.0,True
P1_example_forward__csv_name__matlab1,P_Amp_III,0.075,0.038807062781286546,0.03619293721871345,False
P1_example_forward__csv_name__matlab1,P_Amp_III_iqr,0.0249999999999999,0.033874629336216794,0.008874629336216893,False
P1_example_forward__csv_name__matlab1,P_Amp_III_count,12.0,12,0.0,True
P1_example_forward__csv_name__matlab1,P_Amp_V1,-0.04,-0.01987049394462794,0.02012950605537206,False
P1_example_forward__csv_name__matlab1,P_Amp_V1_iqr,0.0025,0.014158102958317254,0.011658102958317254,False
P1_example_forward__csv_name__matlab1,P_Amp_V1_count,12.0,12,0.0,True
P1_example_forward__csv_name__matlab1,P_Amp_V2,-0.04,0.023771382982521364,0.06377138298252136,False
P1_example_forward__csv_name__matlab1,P_Amp_V2_iqr,0.01,0.02034921140916153,0.01034921140916153,False
P1_example_forward__csv_name__matlab1,P_Amp_V2_count,12.0,12,0.0,True
P1_example_forward__csv_name__matlab1,P_Amp_V3,-0.04,0.021679188922933766,0.06167918892293377,False
P1_example_forward__csv_name__matlab1,P_Amp_V3_iqr,0.035,0.02155037214240931,0.013449627857590692,False
P1_example_forward__csv_name__matlab1,P_Amp_V3_count,12.0,12,0.0,True
P1_example_forward__csv_name__matlab1,P_Amp_V4,0.025,0.04043024758480733,0.015430247584807329,False
P1_example_forward__csv_name__matlab1,P_Amp_V4_iqr,0.0275,0.014657542157912894,0.012842457842087106,False
P1_example_forward__csv_name__matlab1,P_Amp_V4_count,12.0,12,0.0,True
P1_example_forward__csv_name__matlab1,P_Amp_V5,0.03,0.042459928483957216,0.012459928483957217,False
P1_example_forward__csv_name__matlab1,P_Amp_V5_iqr,0.0375,0.010983117796721904,0.026516882203278094,False
P1_example_forward__csv_name__matlab1,P_Amp_V5_count,12.0,12,0.0,True
P1_example_forward__csv_name__matlab1,P_Amp_V6,0.04,0.0380398255953973,0.0019601744046027006,False
P1_example_forward__csv_name__matlab1,P_Amp_V6_iqr,0.05,0.013020650180345362,0.036979349819654644,False
P1_example_forward__csv_name__matlab1,P_Amp_V6_count,12.0,12,0.0,True
P1_example_forward__csv_name__matlab1,P_Amp_aVF,0.09,0.05467019561624047,0.035329804383759524,False
P1_example_forward__csv_name__matlab1,P_Amp_aVF_iqr,0.0325,0.009231937328292125,0.023268062671707876,False
P1_example_forward__csv_name__matlab1,P_Amp_aVF_count,12.0,12,0.0,True
P1_example_forward__csv_name__matlab1,P_Amp_aVL,0.02,0.05731209145819462,0.03731209145819461,False
P1_example_forward__csv_name__matlab1,P_Amp_aVL_iqr,0.045,0.019492838950493883,0.025507161049506115,False
P1_example_forward__csv_name__matlab1,P_Amp_aVL_count,12.0,12,0.0,True
P1_example_forward__csv_name__matlab1,P_Amp_aVR,-0.095,-0.10247995262459854,0.007479952624598538,False
P1_example_forward__csv_name__matlab1,P_Amp_aVR_iqr,0.02,0.015993996648440076,0.004006003351559925,False
P1_example_forward__csv_name__matlab1,P_Amp_aVR_count,12.0,12,0.0,True
P1_example_forward__csv_name__matlab1,Q_Amp_I,-0.14,-0.12950436271771942,0.01049563728228059,False
P1_example_forward__csv_name__matlab1,Q_Amp_I_iqr,0.0425,0.027077861858994065,0.015422138141005938,False
P1_example_forward__csv_name__matlab1,Q_Amp_I_count,12.0,12,0.0,True
P1_example_forward__csv_name__matlab1,Q_Amp_II,-0.14,-0.0905595571877422,0.04944044281225782,False
P1_example_forward__csv_name__matlab1,Q_Amp_II_iqr,0.0325,0.011378276674790355,0.021121723325209646,False
P1_example_forward__csv_name__matlab1,Q_Amp_II_count,12.0,12,0.0,True
P1_example_forward__csv_name__matlab1,Q_Amp_III,0.06,0.027430123376175168,0.03256987662382483,False
P1_example_forward__csv_name__matlab1,Q_Amp_III_iqr,0.035,0.009079303945689614,0.02592069605431039,False
P1_example_forward__csv_name__matlab1,Q_Amp_III_count,12.0,12,0.0,True
P1_example_forward__csv_name__matlab1,Q_Amp_V1,0.2,0.23944866024390937,0.03944866024390936,False
P1_example_forward__csv_name__matlab1,Q_Amp_V1_iqr,0.0399999999999999,0.03365562166179087,0.006344378338209028,False
P1_example_forward__csv_name__matlab1,Q_Amp_V1_count,12.0,12,0.0,True
P1_example_forward__csv_name__matlab1,Q_Amp_V2,-0.0849999999999999,-0.01619133965825594,0.06880866034174396,False
P1_example_forward__csv_name__matlab1,Q_Amp_V2_iqr,0.0224999999999999,0.00842108458559719,0.01407891541440271,False
P1_example_forward__csv_name__matlab1,Q_Amp_V2_count,12.0,12,0.0,True
P1_example_forward__csv_name__matlab1,Q_Amp_V3,-0.045,-0.015752977607672296,0.029247022392327703,False
P1_example_forward__csv_name__matlab1,Q_Amp_V3_iqr,0.0325,0.013749716117687445,0.018750283882312556,False
P1_example_forward__csv_name__matlab1,Q_Amp_V3_count,12.0,12,0.0,True
P1_example_forward__csv_name__matlab1,Q_Amp_V4,-0.1,-0.09069175572606501,0.009308244273934993,False
P1_example_forward__csv_name__matlab1,Q_Amp_V4_iqr,0.0125,0.012672714462763163,0.00017271446276316202,False
P1_example_forward__csv_name__matlab1,Q_Amp_V4_count,12.0,12,0.0,True
P1_example_forward__csv_name__matlab1,Q_Amp_V5,-0.17,-0.16479277192272754,0.005207228077272474,False
P1_example_forward__csv_name__matlab1,Q_Amp_V5_iqr,0.0375,0.00354387255338523,0.03395612744661477,False
P1_example_forward__csv_name__matlab1,Q_Amp_V5_count,12.0,12,0.0,True
P1_example_forward__csv_name__matlab1,Q_Amp_V6,-0.155,-0.1636231646048657,0.008623164604865702,False
P1_example_forward__csv_name__matlab1,Q_Amp_V6_iqr,0.0499999999999999,0.0110377979344784,0.0389622020655215,False
P1_example_forward__csv_name__matlab1,Q_Amp_V6_count,12.0,12,0.0,True
P1_example_forward__csv_name__matlab1,Q_Amp_aVF,-0.105,-0.11804231924708158,0.013042319247081588,False
P1_example_forward__csv_name__matlab1,Q_Amp_aVF_iqr,0.0375,0.027837002216750853,0.009662997783249146,False
P1_example_forward__csv_name__matlab1,Q_Amp_aVF_count,12.0,12,0.0,True
P1_example_forward__csv_name__matlab1,Q_Amp_aVL,-0.075,-0.06292942621606848,0.012070573783931518,False
P1_example_forward__csv_name__matlab1,Q_Amp_aVL_iqr,0.0424999999999999,0.0214418946253948,0.021058105374605098,False
P1_example_forward__csv_name__matlab1,Q_Amp_aVL_count,12.0,12,0.0,True
P1_example_forward__csv_name__matlab1,Q_Amp_aVR,0.145,0.1358017910676988,0.009198208932301194,False
P1_example_forward__csv_name__matlab1,Q_Amp_aVR_iqr,0.0325,0.009549994583300914,0.022950005416699087,False
P1_example_forward__csv_name__matlab1,Q_Amp_aVR_count,12.0,12,0.0,True
P1_example_forward__csv_name__matlab1,R_Amp_I,1.6,1.5493040024870817,0.05069599751291842,False
P1_example_forward__csv_name__matlab1,R_Amp_I_iqr,0.1224999999999998,0.10627169426377847,0.016228305736221332,False
P1_example_forward__csv_name__matlab1,R_Amp_I_count,12.0,12,0.0,True
P1_example_forward__csv_name__matlab1,R_Amp_II,0.975,0.9842796407238941,0.00927964072389409,False
P1_example_forward__csv_name__matlab1,R_Amp_II_iqr,0.045,0.03377372493563391,0.01122627506436609,False
P1_example_forward__csv_name__matlab1,R_Amp_II_count,12.0,12,0.0,True
P1_example_forward__csv_name__matlab1,R_Amp_III,-0.71,-0.663250822928379,0.04674917707162096,False
P1_example_forward__csv_name__matlab1,R_Amp_III_iqr,0.14,0.12262016451673408,0.017379835483265937,False
P1_example_forward__csv_name__matlab1,R_Amp_III_count,12.0,12,0.0,True
P1_example_forward__csv_name__matlab1,R_Amp_V1,-0.955,-0.9144990329340468,0.040500967065953186,False
P1_example_forward__csv_name__matlab1,R_Amp_V1_iqr,0.1149999999999999,0.15395077062716733,0.03895077062716744,False
P1_example_forward__csv_name__matlab1,R_Amp_V1_count,12.0,12,0.0,True
P1_example_forward__csv_name__matlab1,R_Amp_V2,0.885,1.0240752751537747,0.1390752751537747,False
P1_example_forward__csv_name__matlab1,R_Amp_V2_iqr,0.075,0.05135899295870794,0.02364100704129206,False
P1_example_forward__csv_name__matlab1,R_Amp_V2_count,12.0,12,0.0,True
P1_example_forward__csv_name__matlab1,R_Amp_V3,1.68,1.7103415101173294,0.03034151011732944,False
P1_example_forward__csv_name__matlab1,R_Amp_V3_iqr,0.0949999999999999,0.08212548967073552,0.012874510329264385,False
P1_example_forward__csv_name__matlab1,R_Amp_V3_count,12.0,12,0.0,True
P1_example_forward__csv_name__matlab1,R_Amp_V4,1.835,1.8094668309768995,0.025533169023100433,False
P1_example_forward__csv_name__matlab1,R_Amp_V4_iqr,0.1624999999999998,0.12388594787138629,0.03861405212861352,False
P1_example_forward__csv_name__matlab1,R_Amp_V4_count,12.0,12,0.0,True
P1_example_forward__csv_name__matlab1,R_Amp_V5,1.6,1.5331696527974172,0.06683034720258285,False
P1_example_forward__csv_name__matlab1,R_Amp_V5_iqr,0.0749999999999997,0.08309168856514781,0.008091688565148109,False
P1_example_forward__csv_name__matlab1,R_Amp_V5_count,12.0,12,0.0,True
P1_example_forward__csv_name__matlab1,R_Amp_V6,1.17,1.0928550816080675,0.07714491839193238,False
P1_example_forward__csv_name__matlab1,R_Amp_V6_iqr,0.0524999999999999,0.05207621238278404,0.0004237876172158636,False
P1_example_forward__csv_name__matlab1,R_Amp_V6_count,12.0,12,0.0,True
P1_example_forward__csv_name__matlab1,R_Amp_aVF,0.255,0.18315222850903226,0.07184777149096774,False
P1_example_forward__csv_name__matlab1,R_Amp_aVF_iqr,0.09,0.11668786688512878,0.02668786688512878,False
P1_example_forward__csv_name__matlab1,R_Amp_aVF_count,12.0,12,0.0,True
P1_example_forward__csv_name__matlab1,R_Amp_aVL,1.15,1.1017823731697218,0.04821762683027808,False
P1_example_forward__csv_name__matlab1,R_Amp_aVL_iqr,0.1549999999999998,0.11731209447962576,0.03768790552037404,False
P1_example_forward__csv_name__matlab1,R_Amp_aVL_count,12.0,12,0.0,True
P1_example_forward__csv_name__matlab1,R_Amp_aVR,-1.3,-1.2294700899258988,0.07052991007410125,False
P1_example_forward__csv_name__matlab1,R_Amp_aVR_iqr,0.09,0.035351422075009076,0.05464857792499092,False
P1_example_forward__csv_name__matlab1,R_Amp_aVR_count,12.0,12,0.0,True
P1_example_forward__csv_name__matlab1,S_Amp_I,-0.12,-0.10210937041413767,0.017890629585862322,False
P1_example_forward__csv_name__matlab1,S_Amp_I_iqr,0.0525,0.027331555377798453,0.025168444622201545,False
P1_example_forward__csv_name__matlab1,S_Amp_I_count,12.0,12,0.0,True
P1_example_forward__csv_name__matlab1,S_Amp_II,-0.0849999999999999,-0.008340625459848207,0.07665937454015169,False
P1_example_forward__csv_name__matlab1,S_Amp_II_iqr,0.0375,0.006078435791440997,0.031421564208559,False
P1_example_forward__csv_name__matlab1,S_Amp_II_count,12.0,12,0.0,True
P1_example_forward__csv_name__matlab1,S_Amp_III,-0.02,0.004679448377479535,0.024679448377479533,False
P1_example_forward__csv_name__matlab1,S_Amp_III_iqr,0.09,0.052264026120782736,0.03773597387921726,False
P1_example_forward__csv_name__matlab1,S_Amp_III_count,12.0,12,0.0,True
P1_example_forward__csv_name__matlab1,S_Amp_V1,0.02,0.03163637077955722,0.011636370779557221,False
P1_example_forward__csv_name__matlab1,S_Amp_V1_iqr,0.025,0.012066311138959528,0.012933688861040474,False
P1_example_forward__csv_name__matlab1,S_Amp_V1_count,12.0,12,0.0,True
P1_example_forward__csv_name__matlab1,S_Amp_V2,-0.735,-0.7233629779006823,0.011637022099317718,False
P1_example_forward__csv_name__matlab1,S_Amp_V2_iqr,0.05,0.026894605364767954,0.02310539463523205,False
P1_example_forward__csv_name__matlab1,S_Amp_V2_count,12.0,12,0.0,True
P1_example_forward__csv_name__matlab1,S_Amp_V3,-0.325,-0.41555836267491286,0.09055836267491285,False
P1_example_forward__csv_name__matlab1,S_Amp_V3_iqr,0.0575,0.016765356604248494,0.04073464339575151,False
P1_example_forward__csv_name__matlab1,S_Amp_V3_count,12.0,12,0.0,True
P1_example_forward__csv_name__matlab1,S_Amp_V4,-0.13,-0.1817698654347185,0.05176986543471851,False
P1_example_forward__csv_name__matlab1,S_Amp_V4_iqr,0.03,0.018759833762963724,0.011240166237036275,False
P1_example_forward__csv_name__matlab1,S_Amp_V4_count,12.0,12,0.0,True
P1_example_forward__csv_name__matlab1,S_Amp_V5,-0.065,-0.03666437151402174,0.02833562848597826,False
P1_example_forward__csv_name__matlab1,S_Amp_V5_iqr,0.04,0.007749793223748365,0.032250206776251636,False
P1_example_forward__csv_name__matlab1,S_Amp_V5_count,12.0,12,0.0,True
P1_example_forward__csv_name__matlab1,S_Amp_V6,-0.09,-0.054781997586936894,0.0352180024130631,False
P1_example_forward__csv_name__matlab1,S_Amp_V6_iqr,0.0625,0.02715987015078032,0.03534012984921968,False
P1_example_forward__csv_name__matlab1,S_Amp_V6_count,12.0,12,0.0,True
P1_example_forward__csv_name__matlab1,S_Amp_aVF,-0.065,-0.09290489415090952,0.02790489415090952,False
P1_example_forward__csv_name__matlab1,S_Amp_aVF_iqr,0.0275,0.010891222360903896,0.016608777639096104,False
P1_example_forward__csv_name__matlab1,S_Amp_aVF_count,12.0,12,0.0,True
P1_example_forward__csv_name__matlab1,S_Amp_aVL,-0.07,-0.062042305836518,0.007957694163482007,False
P1_example_forward__csv_name__matlab1,S_Amp_aVL_iqr,0.0699999999999999,0.048596940247043204,0.021403059752956692,False
P1_example_forward__csv_name__matlab1,S_Amp_aVL_count,12.0,12,0.0,True
P1_example_forward__csv_name__matlab1,S_Amp_aVR,0.07,0.046269012867082744,0.023730987132917263,False
P1_example_forward__csv_name__matlab1,S_Amp_aVR_iqr,0.035,0.055032856977444124,0.02003285697744412,False
P1_example_forward__csv_name__matlab1,S_Amp_aVR_count,12.0,12,0.0,True
P1_example_forward__csv_name__matlab1,T_Amp_I,0.065,0.11801697728394062,0.053016977283940614,False
P1_example_forward__csv_name__matlab1,T_Amp_I_iqr,0.03,0.012733559028140301,0.017266440971859698,False
P1_example_forward__csv_name__matlab1,T_Amp_I_count,12.0,12,0.0,True
P1_example_forward__csv_name__matlab1,T_Amp_II,-0.1,-0.002611336972530776,0.09738866302746924,False
P1_example_forward__csv_name__matlab1,T_Amp_II_iqr,0.025,0.015669807399062728,0.009330192600937273,False
P1_example_forward__csv_name__matlab1,T_Amp_II_count,12.0,12,0.0,True
P1_example_forward__csv_name__matlab1,T_Amp_III,-0.15,-0.1685119302931215,0.01851193029312151,False
P1_example_forward__csv_name__matlab1,T_Amp_III_iqr,0.055,0.014439195167176955,0.040560804832823046,False
P1_example_forward__csv_name__matlab1,T_Amp_III_count,12.0,12,0.0,True
P1_example_forward__csv_name__matlab1,T_Amp_V1,0.11,0.09388364410458927,0.01611635589541073,False
P1_example_forward__csv_name__matlab1,T_Amp_V1_iqr,0.0249999999999999,0.011851482046621356,0.013148517953378545,False
P1_example_forward__csv_name__matlab1,T_Amp_V1_count,12.0,12,0.0,True
P1_example_forward__csv_name__matlab1,T_Amp_V2,0.29,0.3191234754079576,0.029123475407957622,False
P1_example_forward__csv_name__matlab1,T_Amp_V2_iqr,0.0399999999999999,0.02031963580347107,0.019680364196528827,False
P1_example_forward__csv_name__matlab1,T_Amp_V2_count,12.0,12,0.0,True
P1_example_forward__csv_name__matlab1,T_Amp_V3,0.17,0.21911222400936572,0.04911222400936571,False
P1_example_forward__csv_name__matlab1,T_Amp_V3_iqr,0.0375,0.010035869412958032,0.027464130587041967,False
P1_example_forward__csv_name__matlab1,T_Amp_V3_count,12.0,12,0.0,True
P1_example_forward__csv_name__matlab1,T_Amp_V4,0.055,0.09844025459430841,0.04344025459430841,False
P1_example_forward__csv_name__matlab1,T_Amp_V4_iqr,0.035,0.010750115879931577,0.024249884120068427,False
P1_example_forward__csv_name__matlab1,T_Amp_V4_count,12.0,12,0.0,True
P1_example_forward__csv_name__matlab1,T_Amp_V5,-0.115,-0.0606334401966727,0.0543665598033273,False
P1_example_forward__csv_name__matlab1,T_Amp_V5_iqr,0.0475,0.009469366059818206,0.038030633940181795,False
P1_example_forward__csv_name__matlab1,T_Amp_V5_count,12.0,12,0.0,True
P1_example_forward__csv_name__matlab1,T_Amp_V6,-0.11,-0.0717381224480349,0.0382618775519651,False
P1_example_forward__csv_name__matlab1,T_Amp_V6_iqr,0.0575,0.014289308574547688,0.043210691425452315,False
P1_example_forward__csv_name__matlab1,T_Amp_V6_count,12.0,12,0.0,True
P1_example_forward__csv_name__matlab1,T_Amp_aVF,-0.1149999999999999,-0.1259978610324049,0.010997861032405007,False
P1_example_forward__csv_name__matlab1,T_Amp_aVF_iqr,0.0425,0.009673858328184182,0.03282614167181582,False
P1_example_forward__csv_name__matlab1,T_Amp_aVF_count,12.0,12,0.0,True
P1_example_forward__csv_name__matlab1,T_Amp_aVL,0.1,0.13853476787526814,0.03853476787526813,False
P1_example_forward__csv_name__matlab1,T_Amp_aVL_iqr,0.0424999999999999,0.010843723018497092,0.03165627698150281,False
P1_example_forward__csv_name__matlab1,T_Amp_aVL_count,12.0,12,0.0,True
P1_example_forward__csv_name__matlab1,T_Amp_aVR,-0.015,-0.057047528078479806,0.04204752807847981,False
P1_example_forward__csv_name__matlab1,T_Amp_aVR_iqr,0.0225,0.009776003162871118,0.012723996837128881,False
P1_example_forward__csv_name__matlab1,T_Amp_aVR_count,12.0,12,0.0,True
P1_example_forward__file_name__wfdb0,P_Amp_I,0.075,0.10037080630451778,0.025370806304517782,False
P1_example_forward__file_name__wfdb0,P_Amp_I_iqr,0.0325,0.011878946725732323,0.02062105327426768,False
P1_example_forward__file_name__wfdb0,P_Amp_I_count,12.0,12,0.0,True
P1_example_forward__file_name__wfdb0,P_Amp_II,0.125,0.17106451666522543,0.04606451666522543,False
P1_example_forward__file_name__wfdb0,P_Amp_II_iqr,0.0325,0.011070886775060101,0.0214291132249399,False
P1_example_forward__file_name__wfdb0,P_Amp_II_count,12.0,12,0.0,True
P1_example_forward__file_name__wfdb0,P_Amp_III,0.075,0.041890895853959664,0.03310910414604033,False
P1_example_forward__file_name__wfdb0,P_Amp_III_iqr,0.0249999999999999,0.036162619714641235,0.011162619714641334,False
P1_example_forward__file_name__wfdb0,P_Amp_III_count,12.0,12,0.0,True
P1_example_forward__file_name__wfdb0,P_Amp_V1,-0.04,-0.018175351912302216,0.021824648087697785,False
P1_example_forward__file_name__wfdb0,P_Amp_V1_iqr,0.0025,0.01379702648388681,0.011297026483886809,False
P1_example_forward__file_name__wfdb0,P_Amp_V1_count,12.0,12,0.0,True
P1_example_forward__file_name__wfdb0,P_Amp_V2,-0.04,0.024874976910707447,0.06487497691070745,False
P1_example_forward__file_name__wfdb0,P_Amp_V2_iqr,0.01,0.019911177155172467,0.009911177155172467,False
P1_example_forward__file_name__wfdb0,P_Amp_V2_count,12.0,12,0.0,True
P1_example_forward__file_name__wfdb0,P_Amp_V3,-0.04,0.021549393140926347,0.06154939314092635,False
P1_example_forward__file_name__wfdb0,P_Amp_V3_iqr,0.035,0.021659899302078053,0.01334010069792195,False
P1_example_forward__file_name__wfdb0,P_Amp_V3_count,12.0,12,0.0,True
P1_example_forward__file_name__wfdb0,P_Amp_V4,0.025,0.04017596767031484,0.015175967670314837,False
P1_example_forward__file_name__wfdb0,P_Amp_V4_iqr,0.0275,0.012844465225497287,0.014655534774502713,False
P1_example_forward__file_name__wfdb0,P_Amp_V4_count,12.0,12,0.0,True
P1_example_forward__file_name__wfdb0,P_Amp_V5,0.03,0.04189715693509226,0.01189715693509226,False
P1_example_forward__file_name__wfdb0,P_Amp_V5_iqr,0.0375,0.011855733430833196,0.025644266569166803,False
P1_example_forward__file_name__wfdb0,P_Amp_V5_count,12.0,12,0.0,True
P1_example_forward__file_name__wfdb0,P_Amp_V6,0.04,0.03622660469761015,0.003773395302389848,False
P1_example_forward__file_name__wfdb0,P_Amp_V6_iqr,0.05,0.014271837158069057,0.03572816284193095,False
P1_example_forward__file_name__wfdb0,P_Amp_V6_count,12.0,12,0.0,True
P1_example_forward__file_name__wfdb0,P_Amp_aVF,0.09,0.015953741676828115,0.07404625832317188,False
P1_example_forward__file_name__wfdb0,P_Amp_aVF_iqr,0.0325,0.03107205516463807,0.0014279448353619328,False
P1_example_forward__file_name__wfdb0,P_Amp_aVF_count,12.0,12,0.0,True
P1_example_forward__file_name__wfdb0,P_Amp_aVL,0.02,0.025342965820601172,0.005342965820601172,False
P1_example_forward__file_name__wfdb0,P_Amp_aVL_iqr,0.045,0.020257938643812978,0.02474206135618702,False
P1_example_forward__file_name__wfdb0,P_Amp_aVL_count,12.0,12,0.0,True
P1_example_forward__file_name__wfdb0,P_Amp_aVR,-0.095,-0.10118567636339748,0.00618567636339748,False
P1_example_forward__file_name__wfdb0,P_Amp_aVR_iqr,0.02,0.014885028785881688,0.005114971214118313,False
P1_example_forward__file_name__wfdb0,P_Amp_aVR_count,12.0,12,0.0,True
P1_example_forward__file_name__wfdb0,Q_Amp_I,-0.14,-0.1320384609468601,0.007961539053139927,False
P1_example_forward__file_name__wfdb0,Q_Amp_I_iqr,0.0425,0.02616428295390419,0.016335717046095814,False
P1_example_forward__file_name__wfdb0,Q_Amp_I_count,12.0,12,0.0,True
P1_example_forward__file_name__wfdb0,Q_Amp_II,-0.14,-0.09214120480352796,0.047858795196472056,False
P1_example_forward__file_name__wfdb0,Q_Amp_II_iqr,0.0325,0.0076173132018225315,0.02488268679817747,False
P1_example_forward__file_name__wfdb0,Q_Amp_II_count,12.0,12,0.0,True
P1_example_forward__file_name__wfdb0,Q_Amp_III,0.06,0.025725788309531455,0.03427421169046854,False
P1_example_forward__file_name__wfdb0,Q_Amp_III_iqr,0.035,0.01017480553180242,0.024825194468197583,False
P1_example_forward__file_name__wfdb0,Q_Amp_III_count,12.0,12,0.0,True
P1_example_forward__file_name__wfdb0,Q_Amp_V1,0.2,0.23738952433594526,0.03738952433594525,False
P1_example_forward__file_name__wfdb0,Q_Amp_V1_iqr,0.0399999999999999,0.031403031792845565,0.008596968207154332,False
P1_example_forward__file_name__wfdb0,Q_Amp_V1_count,12.0,12,0.0,True
P1_example_forward__file_name__wfdb0,Q_Amp_V2,-0.0849999999999999,-0.016645182124846936,0.06835481787515296,False
P1_example_forward__file_name__wfdb0,Q_Amp_V2_iqr,0.0224999999999999,0.011303694109545515,0.011196305890454384,False
P1_example_forward__file_name__wfdb0,Q_Amp_V2_count,12.0,12,0.0,True
P1_example_forward__file_name__wfdb0,Q_Amp_V3,-0.045,-0.013177355944467251,0.03182264405553275,False
P1_example_forward__file_name__wfdb0,Q_Amp_V3_iqr,0.0325,0.01122437730892443,0.021275622691075573,False
P1_example_forward__file_name__wfdb0,Q_Amp_V3_count,12.0,12,0.0,True
P1_example_forward__file_name__wfdb0,Q_Amp_V4,-0.1,-0.09098806567111886,0.009011934328881144,False
P1_example_forward__file_name__wfdb0,Q_Amp_V4_iqr,0.0125,0.012266856337555088,0.00023314366244491305,False
P1_example_forward__file_name__wfdb0,Q_Amp_V4_count,12.0,12,0.0,True
P1_example_forward__file_name__wfdb0,Q_Amp_V5,-0.17,-0.17026391896166612,0.00026391896166610973,False
P1_example_forward__file_name__wfdb0,Q_Amp_V5_iqr,0.0375,0.008203565978156802,0.029296434021843197,False
P1_example_forward__file_name__wfdb0,Q_Amp_V5_count,12.0,12,0.0,True
P1_example_forward__file_name__wfdb0,Q_Amp_V6,-0.155,-0.16705496867432396,0.012054968674323957,False
P1_example_forward__file_name__wfdb0,Q_Amp_V6_iqr,0.0499999999999999,0.008117286090259357,0.04188271390974054,False
P1_example_forward__file_name__wfdb0,Q_Amp_V6_count,12.0,12,0.0,True
P1_example_forward__file_name__wfdb0,Q_Amp_aVF,-0.105,0.07550259082490796,0.18050259082490794,False
P1_example_forward__file_name__wfdb0,Q_Amp_aVF_iqr,0.0375,0.03555853304170635,0.0019414669582936486,False
P1_example_forward__file_name__wfdb0,Q_Amp_aVF_count,12.0,12,0.0,True
P1_example_forward__file_name__wfdb0,Q_Amp_aVL,-0.075,-0.08749501279899063,0.012495012798990637,False
P1_example_forward__file_name__wfdb0,Q_Amp_aVL_iqr,0.0424999999999999,0.017201679637403267,0.025298320362596632,False
P1_example_forward__file_name__wfdb0,Q_Amp_aVL_count,12.0,12,0.0,True
P1_example_forward__file_name__wfdb0,Q_Amp_aVR,0.145,0.138067108650419,0.006932891349581,False
P1_example_forward__file_name__wfdb0,Q_Amp_aVR_iqr,0.0325,0.00681494614819772,0.02568505385180228,False
P1_example_forward__file_name__wfdb0,Q_Amp_aVR_count,12.0,12,0.0,True
P1_example_forward__file_name__wfdb0,R_Amp_I,1.6,1.537193147723187,0.06280685227681304,False
P1_example_forward__file_name__wfdb0,R_Amp_I_iqr,0.1224999999999998,0.10319240675780739,0.019307593242192417,False
P1_example_forward__file_name__wfdb0,R_Amp_I_count,12.0,12,0.0,True
P1_example_forward__file_name__wfdb0,R_Amp_II,0.975,0.9695554456642448,0.005444554335755192,False
P1_example_forward__file_name__wfdb0,R_Amp_II_iqr,0.045,0.035546500029219885,0.009453499970780113,False
P1_example_forward__file_name__wfdb0,R_Amp_II_count,12.0,12,0.0,True
P1_example_forward__file_name__wfdb0,R_Amp_III,-0.71,-0.6530936972498796,0.05690630275012032,False
P1_example_forward__file_name__wfdb0,R_Amp_III_iqr,0.14,0.09383039297083318,0.04616960702916684,False
P1_example_forward__file_name__wfdb0,R_Amp_III_count,12.0,12,0.0,True
P1_example_forward__file_name__wfdb0,R_Amp_V1,-0.955,-0.9038565207832534,0.05114347921674656,False
P1_example_forward__file_name__wfdb0,R_Amp_V1_iqr,0.1149999999999999,0.14693354138762016,0.031933541387620265,False
P1_example_forward__file_name__wfdb0,R_Amp_V1_count,12.0,12,0.0,True
P1_example_forward__file_name__wfdb0,R_Amp_V2,0.885,1.0424129277110747,0.15741292771107473,False
P1_example_forward__file_name__wfdb0,R_Amp_V2_iqr,0.075,0.04426940325437134,0.030730596745628655,False
P1_example_forward__file_name__wfdb0,R_Amp_V2_count,12.0,12,0.0,True
P1_example_forward__file_name__wfdb0,R_Amp_V3,1.68,1.7054417925572383,0.02544179255723833,False
P1_example_forward__file_name__wfdb0,R_Amp_V3_iqr,0.0949999999999999,0.09238264978906607,0.0026173502109338304,False
P1_example_forward__file_name__wfdb0,R_Amp_V3_count,12.0,12,0.0,True
P1_example_forward__file_name__wfdb0,R_Amp_V4,1.835,1.8058317815849878,0.02916821841501216,False
P1_example_forward__file_name__wfdb0,R_Amp_V4_iqr,0.1624999999999998,0.12472401137030298,0.03777598862969683,False
P1_example_forward__file_name__wfdb0,R_Amp_V4_count,12.0,12,0.0,True
P1_example_forward__file_name__wfdb0,R_Amp_V5,1.6,1.505181634890239,0.09481836510976116,False
P1_example_forward__file_name__wfdb0,R_Amp_V5_iqr,0.0749999999999997,0.09318738201207055,0.018187382012070846,False
P1_example_forward__file_name__wfdb0,R_Amp_V5_count,12.0,12,0.0,True
P1_example_forward__file_name__wfdb0,R_Amp_V6,1.17,1.0755124974030843,0.09448750259691563,False
P1_example_forward__file_name__wfdb0,R_Amp_V6_iqr,0.0524999999999999,0.03975924828795718,0.012740751712042718,False
P1_example_forward__file_name__wfdb0,R_Amp_V6_count,12.0,12,0.0,True
P1_example_forward__file_name__wfdb0,R_Amp_aVF,0.255,0.6519406108181262,0.39694061081812615,False
P1_example_forward__file_name__wfdb0,R_Amp_aVF_iqr,0.09,0.14599705432665278,0.05599705432665278,False
P1_example_forward__file_name__wfdb0,R_Amp_aVF_count,12.0,12,0.0,True
P1_example_forward__file_name__wfdb0,R_Amp_aVL,1.15,0.1405388626085437,1.0094611373914562,False
P1_example_forward__file_name__wfdb0,R_Amp_aVL_iqr,0.1549999999999998,0.07196646195705286,0.08303353804294694,False
P1_example_forward__file_name__wfdb0,R_Amp_aVL_count,12.0,12,0.0,True
P1_example_forward__file_name__wfdb0,R_Amp_aVR,-1.3,-1.20576955400889,0.09423044599111008,False
P1_example_forward__file_name__wfdb0,R_Amp_aVR_iqr,0.09,0.02206328374165345,0.06793671625834655,False
P1_example_forward__file_name__wfdb0,R_Amp_aVR_count,12.0,12,0.0,True
P1_example_forward__file_name__wfdb0,S_Amp_I,-0.12,-0.10043664872603442,0.01956335127396558,False
P1_example_forward__file_name__wfdb0,S_Amp_I_iqr,0.0525,0.02627128118548029,0.026228718814519707,False
P1_example_forward__file_name__wfdb0,S_Amp_I_count,12.0,12,0.0,True
P1_example_forward__file_name__wfdb0,S_Amp_II,-0.0849999999999999,-0.007883865352519571,0.07711613464748032,False
P1_example_forward__file_name__wfdb0,S_Amp_II_iqr,0.0375,0.005799696404515595,0.031700303595484404,False
P1_example_forward__file_name__wfdb0,S_Amp_II_count,12.0,12,0.0,True
P1_example_forward__file_name__wfdb0,S_Amp_III,-0.02,-0.021111929353487498,0.0011119293534874973,False
P1_example_forward__file_name__wfdb0,S_Amp_III_iqr,0.09,0.07674290944694193,0.01325709055305807,False
P1_example_forward__file_name__wfdb0,S_Amp_III_count,12.0,12,0.0,True
P1_example_forward__file_name__wfdb0,S_Amp_V1,0.02,0.033048787869811934,0.013048787869811933,False
P1_example_forward__file_name__wfdb0,S_Amp_V1_iqr,0.025,0.011143989855960525,0.013856010144039477,False
P1_example_forward__file_name__wfdb0,S_Amp_V1_count,12.0,12,0.0,True
P1_example_forward__file_name__wfdb0,S_Amp_V2,-0.735,-0.6305547757178378,0.10444522428216219,False
P1_example_forward__file_name__wfdb0,S_Amp_V2_iqr,0.05,0.0426340405506519,0.007365959449348106,False
P1_example_forward__file_name__wfdb0,S_Amp_V2_count,12.0,12,0.0,True
P1_example_forward__file_name__wfdb0,S_Amp_V3,-0.325,-0.34347934574422984,0.018479345744229825,False
P1_example_forward__file_name__wfdb0,S_Amp_V3_iqr,0.0575,0.019603914063954786,0.037896085936045217,False
P1_example_forward__file_name__wfdb0,S_Amp_V3_count,12.0,12,0.0,True
P1_example_forward__file_name__wfdb0,S_Amp_V4,-0.13,-0.14291199332124463,0.012911993321244625,False
P1_example_forward__file_name__wfdb0,S_Amp_V4_iqr,0.03,0.016247638389767116,0.013752361610232883,False
P1_example_forward__file_name__wfdb0,S_Amp_V4_count,12.0,12,0.0,True
P1_example_forward__file_name__wfdb0,S_Amp_V5,-0.065,-0.04229342817814222,0.022706571821857785,False
P1_example_forward__file_name__wfdb0,S_Amp_V5_iqr,0.04,0.006613391354820072,0.03338660864517993,False
P1_example_forward__file_name__wfdb0,S_Amp_V5_count,12.0,12,0.0,True
P1_example_forward__file_name__wfdb0,S_Amp_V6,-0.09,-0.058862011386141624,0.031137988613858372,False
P1_example_forward__file_name__wfdb0,S_Amp_V6_iqr,0.0625,0.027931785525558403,0.0345682144744416,False
P1_example_forward__file_name__wfdb0,S_Amp_V6_count,12.0,12,0.0,True
P1_example_forward__file_name__wfdb0,S_Amp_aVF,-0.065,0.04129649216687802,0.10629649216687803,False
P1_example_forward__file_name__wfdb0,S_Amp_aVF_iqr,0.0275,0.022407568832969016,0.005092431167030984,False
P1_example_forward__file_name__wfdb0,S_Amp_aVF_count,12.0,12,0.0,True
P1_example_forward__file_name__wfdb0,S_Amp_aVL,-0.07,-0.038979600036828696,0.03102039996317131,False
P1_example_forward__file_name__wfdb0,S_Amp_aVL_iqr,0.0699999999999999,0.030557302773287515,0.039442697226712384,False
P1_example_forward__file_name__wfdb0,S_Amp_aVL_count,12.0,12,0.0,True
P1_example_forward__file_name__wfdb0,S_Amp_aVR,0.07,0.053973881613990665,0.01602611838600934,False
P1_example_forward__file_name__wfdb0,S_Amp_aVR_iqr,0.035,0.04944780794866824,0.014447807948668234,False
P1_example_forward__file_name__wfdb0,S_Amp_aVR_count,12.0,12,0.0,True
P1_example_forward__file_name__wfdb0,T_Amp_I,0.065,0.11906906984632679,0.054069069846326784,False
P1_example_forward__file_name__wfdb0,T_Amp_I_iqr,0.03,0.012414573525606834,0.017585426474393165,False
P1_example_forward__file_name__wfdb0,T_Amp_I_count,12.0,12,0.0,True
P1_example_forward__file_name__wfdb0,T_Amp_II,-0.1,-0.001436891066123601,0.0985631089338764,False
P1_example_forward__file_name__wfdb0,T_Amp_II_iqr,0.025,0.016482785761849236,0.008517214238150765,False
P1_example_forward__file_name__wfdb0,T_Amp_II_count,12.0,12,0.0,True
P1_example_forward__file_name__wfdb0,T_Amp_III,-0.15,-0.16722540420891085,0.01722540420891086,False
P1_example_forward__file_name__wfdb0,T_Amp_III_iqr,0.055,0.015288242773775162,0.03971175722622484,False
P1_example_forward__file_name__wfdb0,T_Amp_III_count,12.0,12,0.0,True
P1_example_forward__file_name__wfdb0,T_Amp_V1,0.11,0.09217715117362651,0.017822848826373486,False
P1_example_forward__file_name__wfdb0,T_Amp_V1_iqr,0.0249999999999999,0.012619370860494458,0.012380629139505443,False
P1_example_forward__file_name__wfdb0,T_Amp_V1_count,12.0,12,0.0,True
P1_example_forward__file_name__wfdb0,T_Amp_V2,0.29,0.3166995661177156,0.026699566117715623,False
P1_example_forward__file_name__wfdb0,T_Amp_V2_iqr,0.0399999999999999,0.01951158487438015,0.020488415125619747,False
P1_example_forward__file_name__wfdb0,T_Amp_V2_count,12.0,12,0.0,True
P1_example_forward__file_name__wfdb0,T_Amp_V3,0.17,0.21887253649831495,0.04887253649831494,False
P1_example_forward__file_name__wfdb0,T_Amp_V3_iqr,0.0375,0.009708685806740003,0.027791314193259996,False
P1_example_forward__file_name__wfdb0,T_Amp_V3_count,12.0,12,0.0,True
P1_example_forward__file_name__wfdb0,T_Amp_V4,0.055,0.09787368633959395,0.04287368633959395,False
P1_example_forward__file_name__wfdb0,T_Amp_V4_iqr,0.035,0.010464530717707254,0.02453546928229275,False
P1_example_forward__file_name__wfdb0,T_Amp_V4_count,12.0,12,0.0,True
P1_example_forward__file_name__wfdb0,T_Amp_V5,-0.115,-0.060100936587031535,0.05489906341296847,False
P1_example_forward__file_name__wfdb0,T_Amp_V5_iqr,0.0475,0.01010816808522634,0.03739183191477366,False
P1_example_forward__file_name__wfdb0,T_Amp_V5_count,12.0,12,0.0,True
P1_example_forward__file_name__wfdb0,T_Amp_V6,-0.11,-0.07041328313459266,0.03958671686540734,False
P1_example_forward__file_name__wfdb0,T_Amp_V6_iqr,0.0575,0.013576347160103183,0.04392365283989682,False
P1_example_forward__file_name__wfdb0,T_Amp_V6_count,12.0,12,0.0,True
P1_example_forward__file_name__wfdb0,T_Amp_aVF,-0.1149999999999999,0.13547638618192068,0.2504763861819206,False
P1_example_forward__file_name__wfdb0,T_Amp_aVF_iqr,0.0425,0.012254763427678922,0.03024523657232108,False
P1_example_forward__file_name__wfdb0,T_Amp_aVF_count,12.0,12,0.0,True
P1_example_forward__file_name__wfdb0,T_Amp_aVL,0.1,-0.11343200392547777,0.2134320039254778,False
P1_example_forward__file_name__wfdb0,T_Amp_aVL_iqr,0.0424999999999999,0.013719732875990542,0.028780267124009357,False
P1_example_forward__file_name__wfdb0,T_Amp_aVL_count,12.0,12,0.0,True
P1_example_forward__file_name__wfdb0,T_Amp_aVR,-0.015,-0.05811681527809444,0.04311681527809444,False
P1_example_forward__file_name__wfdb0,T_Amp_aVR_iqr,0.0225,0.008147572213661108,0.01435242778633889,False
P1_example_forward__file_name__wfdb0,T_Amp_aVR_count,12.0,12,0.0,True
P1_example_forward__file_name__matlab1,P_Amp_I,0.075,0.09869962887031206,0.02369962887031206,False
P1_example_forward__file_name__matlab1,P_Amp_I_iqr,0.0325,0.01096495500107729,0.02153504499892271,False
P1_example_forward__file_name__matlab1,P_Amp_I_count,12.0,12,0.0,True
P1_example_forward__file_name__matlab1,P_Amp_II,0.125,0.17358480247233468,0.04858480247233468,False
P1_example_forward__file_name__matlab1,P_Amp_II_iqr,0.0325,0.009947844657453075,0.022552155342546926,False
P1_example_forward__file_name__matlab1,P_Amp_II_count,12.0,12,0.0,True
P1_example_forward__file_name__matlab1,P_Amp_III,0.075,0.038807062781286546,0.03619293721871345,False
P1_example_forward__file_name__matlab1,P_Amp_III_iqr,0.0249999999999999,0.033874629336216794,0.008874629336216893,False
P1_example_forward__file_name__matlab1,P_Amp_III_count,12.0,12,0.0,True
P1_example_forward__file_name__matlab1,P_Amp_V1,-0.04,-0.01987049394462794,0.02012950605537206,False
P1_example_forward__file_name__matlab1,P_Amp_V1_iqr,0.0025,0.014158102958317254,0.011658102958317254,False
P1_example_forward__file_name__matlab1,P_Amp_V1_count,12.0,12,0.0,True
P1_example_forward__file_name__matlab1,P_Amp_V2,-0.04,0.023771382982521364,0.06377138298252136,False
P1_example_forward__file_name__matlab1,P_Amp_V2_iqr,0.01,0.02034921140916153,0.01034921140916153,False
P1_example_forward__file_name__matlab1,P_Amp_V2_count,12.0,12,0.0,True
P1_example_forward__file_name__matlab1,P_Amp_V3,-0.04,0.021679188922933766,0.06167918892293377,False
P1_example_forward__file_name__matlab1,P_Amp_V3_iqr,0.035,0.02155037214240931,0.013449627857590692,False
P1_example_forward__file_name__matlab1,P_Amp_V3_count,12.0,12,0.0,True
P1_example_forward__file_name__matlab1,P_Amp_V4,0.025,0.04043024758480733,0.015430247584807329,False
P1_example_forward__file_name__matlab1,P_Amp_V4_iqr,0.0275,0.014657542157912894,0.012842457842087106,False
P1_example_forward__file_name__matlab1,P_Amp_V4_count,12.0,12,0.0,True
P1_example_forward__file_name__matlab1,P_Amp_V5,0.03,0.042459928483957216,0.012459928483957217,False
P1_example_forward__file_name__matlab1,P_Amp_V5_iqr,0.0375,0.010983117796721904,0.026516882203278094,False
P1_example_forward__file_name__matlab1,P_Amp_V5_count,12.0,12,0.0,True
P1_example_forward__file_name__matlab1,P_Amp_V6,0.04,0.0380398255953973,0.0019601744046027006,False
P1_example_forward__file_name__matlab1,P_Amp_V6_iqr,0.05,0.013020650180345362,0.036979349819654644,False
P1_example_forward__file_name__matlab1,P_Amp_V6_count,12.0,12,0.0,True
P1_example_forward__file_name__matlab1,P_Amp_aVF,0.09,0.008189642498827435,0.08181035750117256,False
P1_example_forward__file_name__matlab1,P_Amp_aVF_iqr,0.0325,0.03275557126758964,0.000255571267589641,False
P1_example_forward__file_name__matlab1,P_Amp_aVF_count,12.0,12,0.0,True
P1_example_forward__file_name__matlab1,P_Amp_aVL,0.02,0.03001796336023446,0.010017963360234458,False
P1_example_forward__file_name__matlab1,P_Amp_aVL_iqr,0.045,0.018469826323011005,0.026530173676988993,False
P1_example_forward__file_name__matlab1,P_Amp_aVL_count,12.0,12,0.0,True
P1_example_forward__file_name__matlab1,P_Amp_aVR,-0.095,-0.10247995262459854,0.007479952624598538,False
P1_example_forward__file_name__matlab1,P_Amp_aVR_iqr,0.02,0.015993996648440076,0.004006003351559925,False
P1_example_forward__file_name__matlab1,P_Amp_aVR_count,12.0,12,0.0,True
P1_example_forward__file_name__matlab1,Q_Amp_I,-0.14,-0.12950436271771942,0.01049563728228059,False
P1_example_forward__file_name__matlab1,Q_Amp_I_iqr,0.0425,0.027077861858994065,0.015422138141005938,False
P1_example_forward__file_name__matlab1,Q_Amp_I_count,12.0,12,0.0,True
P1_example_forward__file_name__matlab1,Q_Amp_II,-0.14,-0.0905595571877422,0.04944044281225782,False
P1_example_forward__file_name__matlab1,Q_Amp_II_iqr,0.0325,0.011378276674790355,0.021121723325209646,False
P1_example_forward__file_name__matlab1,Q_Amp_II_count,12.0,12,0.0,True
P1_example_forward__file_name__matlab1,Q_Amp_III,0.06,0.027430123376175168,0.03256987662382483,False
P1_example_forward__file_name__matlab1,Q_Amp_III_iqr,0.035,0.009079303945689614,0.02592069605431039,False
P1_example_forward__file_name__matlab1,Q_Amp_III_count,12.0,12,0.0,True
P1_example_forward__file_name__matlab1,Q_Amp_V1,0.2,0.23944866024390937,0.03944866024390936,False
P1_example_forward__file_name__matlab1,Q_Amp_V1_iqr,0.0399999999999999,0.03365562166179087,0.006344378338209028,False
P1_example_forward__file_name__matlab1,Q_Amp_V1_count,12.0,12,0.0,True
P1_example_forward__file_name__matlab1,Q_Amp_V2,-0.0849999999999999,-0.01619133965825594,0.06880866034174396,False
P1_example_forward__file_name__matlab1,Q_Amp_V2_iqr,0.0224999999999999,0.00842108458559719,0.01407891541440271,False
P1_example_forward__file_name__matlab1,Q_Amp_V2_count,12.0,12,0.0,True
P1_example_forward__file_name__matlab1,Q_Amp_V3,-0.045,-0.015752977607672296,0.029247022392327703,False
P1_example_forward__file_name__matlab1,Q_Amp_V3_iqr,0.0325,0.013749716117687445,0.018750283882312556,False
P1_example_forward__file_name__matlab1,Q_Amp_V3_count,12.0,12,0.0,True
P1_example_forward__file_name__matlab1,Q_Amp_V4,-0.1,-0.09069175572606501,0.009308244273934993,False
P1_example_forward__file_name__matlab1,Q_Amp_V4_iqr,0.0125,0.012672714462763163,0.00017271446276316202,False
P1_example_forward__file_name__matlab1,Q_Amp_V4_count,12.0,12,0.0,True
P1_example_forward__file_name__matlab1,Q_Amp_V5,-0.17,-0.16479277192272754,0.005207228077272474,False
P1_example_forward__file_name__matlab1,Q_Amp_V5_iqr,0.0375,0.00354387255338523,0.03395612744661477,False
P1_example_forward__file_name__matlab1,Q_Amp_V5_count,12.0,12,0.0,True
P1_example_forward__file_name__matlab1,Q_Amp_V6,-0.155,-0.1636231646048657,0.008623164604865702,False
P1_example_forward__file_name__matlab1,Q_Amp_V6_iqr,0.0499999999999999,0.0110377979344784,0.0389622020655215,False
P1_example_forward__file_name__matlab1,Q_Amp_V6_count,12.0,12,0.0,True
P1_example_forward__file_name__matlab1,Q_Amp_aVF,-0.105,0.023528345115054576,0.12852834511505457,False
P1_example_forward__file_name__matlab1,Q_Amp_aVF_iqr,0.0375,0.03513260072220074,0.002367399277799262,False
P1_example_forward__file_name__matlab1,Q_Amp_aVF_count,12.0,12,0.0,True
P1_example_forward__file_name__matlab1,Q_Amp_aVL,-0.075,-0.07278028721092081,0.0022197127890791896,False
P1_example_forward__file_name__matlab1,Q_Amp_aVL_iqr,0.0424999999999999,0.011424184618200744,0.031075815381799154,False
P1_example_forward__file_name__matlab1,Q_Amp_aVL_count,12.0,12,0.0,True
P1_example_forward__file_name__matlab1,Q_Amp_aVR,0.145,0.1358017910676988,0.009198208932301194,False
P1_example_forward__file_name__matlab1,Q_Amp_aVR_iqr,0.0325,0.009549994583300914,0.022950005416699087,False
P1_example_forward__file_name__matlab1,Q_Amp_aVR_count,12.0,12,0.0,True
P1_example_forward__file_name__matlab1,R_Amp_I,1.6,1.5493040024870817,0.05069599751291842,False
P1_example_forward__file_name__matlab1,R_Amp_I_iqr,0.1224999999999998,0.10627169426377847,0.016228305736221332,False
P1_example_forward__file_name__matlab1,R_Amp_I_count,12.0,12,0.0,True
P1_example_forward__file_name__matlab1,R_Amp_II,0.975,0.9842796407238941,0.00927964072389409,False
P1_example_forward__file_name__matlab1,R_Amp_II_iqr,0.045,0.03377372493563391,0.01122627506436609,False
P1_example_forward__file_name__matlab1,R_Amp_II_count,12.0,12,0.0,True
P1_example_forward__file_name__matlab1,R_Amp_III,-0.71,-0.663250822928379,0.04674917707162096,False
P1_example_forward__file_name__matlab1,R_Amp_III_iqr,0.14,0.12262016451673408,0.017379835483265937,False
P1_example_forward__file_name__matlab1,R_Amp_III_count,12.0,12,0.0,True
P1_example_forward__file_name__matlab1,R_Amp_V1,-0.955,-0.9144990329340468,0.040500967065953186,False
P1_example_forward__file_name__matlab1,R_Amp_V1_iqr,0.1149999999999999,0.15395077062716733,0.03895077062716744,False
P1_example_forward__file_name__matlab1,R_Amp_V1_count,12.0,12,0.0,True
P1_example_forward__file_name__matlab1,R_Amp_V2,0.885,1.0240752751537747,0.1390752751537747,False
P1_example_forward__file_name__matlab1,R_Amp_V2_iqr,0.075,0.05135899295870794,0.02364100704129206,False
P1_example_forward__file_name__matlab1,R_Amp_V2_count,12.0,12,0.0,True
P1_example_forward__file_name__matlab1,R_Amp_V3,1.68,1.7103415101173294,0.03034151011732944,False
P1_example_forward__file_name__matlab1,R_Amp_V3_iqr,0.0949999999999999,0.08212548967073552,0.012874510329264385,False
P1_example_forward__file_name__matlab1,R_Amp_V3_count,12.0,12,0.0,True
P1_example_forward__file_name__matlab1,R_Amp_V4,1.835,1.8094668309768995,0.025533169023100433,False
P1_example_forward__file_name__matlab1,R_Amp_V4_iqr,0.1624999999999998,0.12388594787138629,0.03861405212861352,False
P1_example_forward__file_name__matlab1,R_Amp_V4_count,12.0,12,0.0,True
P1_example_forward__file_name__matlab1,R_Amp_V5,1.6,1.5331696527974172,0.06683034720258285,False
P1_example_forward__file_name__matlab1,R_Amp_V5_iqr,0.0749999999999997,0.08309168856514781,0.008091688565148109,False
P1_example_forward__file_name__matlab1,R_Amp_V5_count,12.0,12,0.0,True
P1_example_forward__file_name__matlab1,R_Amp_V6,1.17,1.0928550816080675,0.07714491839193238,False
P1_example_forward__file_name__matlab1,R_Amp_V6_iqr,0.0524999999999999,0.05207621238278404,0.0004237876172158636,False
P1_example_forward__file_name__matlab1,R_Amp_V6_count,12.0,12,0.0,True
P1_example_forward__file_name__matlab1,R_Amp_aVF,0.255,0.7965821567841043,0.5415821567841043,False
P1_example_forward__file_name__matlab1,R_Amp_aVF_iqr,0.09,0.14839393950880608,0.058393939508806086,False
P1_example_forward__file_name__matlab1,R_Amp_aVF_count,12.0,12,0.0,True
P1_example_forward__file_name__matlab1,R_Amp_aVL,1.15,0.11085985772099152,1.0391401422790083,False
P1_example_forward__file_name__matlab1,R_Amp_aVL_iqr,0.1549999999999998,0.0553172982314567,0.0996827017685431,False
P1_example_forward__file_name__matlab1,R_Amp_aVL_count,12.0,12,0.0,True
P1_example_forward__file_name__matlab1,R_Amp_aVR,-1.3,-1.2294700899258988,0.07052991007410125,False
P1_example_forward__file_name__matlab1,R_Amp_aVR_iqr,0.09,0.035351422075009076,0.05464857792499092,False
P1_example_forward__file_name__matlab1,R_Amp_aVR_count,12.0,12,0.0,True
P1_example_forward__file_name__matlab1,S_Amp_I,-0.12,-0.10210937041413767,0.017890629585862322,False
P1_example_forward__file_name__matlab1,S_Amp_I_iqr,0.0525,0.027331555377798453,0.025168444622201545,False
P1_example_forward__file_name__matlab1,S_Amp_I_count,12.0,12,0.0,True
P1_example_forward__file_name__matlab1,S_Amp_II,-0.0849999999999999,-0.008340625459848207,0.07665937454015169,False
P1_example_forward__file_name__matlab1,S_Amp_II_iqr,0.0375,0.006078435791440997,0.031421564208559,False
P1_example_forward__file_name__matlab1,S_Amp_II_count,12.0,12,0.0,True
P1_example_forward__file_name__matlab1,S_Amp_III,-0.02,0.004679448377479535,0.024679448377479533,False
P1_example_forward__file_name__matlab1,S_Amp_III_iqr,0.09,0.052264026120782736,0.03773597387921726,False
P1_example_forward__file_name__matlab1,S_Amp_III_count,12.0,12,0.0,True
P1_example_forward__file_name__matlab1,S_Amp_V1,0.02,0.03163637077955722,0.011636370779557221,False
P1_example_forward__file_name__matlab1,S_Amp_V1_iqr,0.025,0.012066311138959528,0.012933688861040474,False
P1_example_forward__file_name__matlab1,S_Amp_V1_count,12.0,12,0.0,True
P1_example_forward__file_name__matlab1,S_Amp_V2,-0.735,-0.7233629779006823,0.011637022099317718,False
P1_example_forward__file_name__matlab1,S_Amp_V2_iqr,0.05,0.026894605364767954,0.02310539463523205,False
P1_example_forward__file_name__matlab1,S_Amp_V2_count,12.0,12,0.0,True
P1_example_forward__file_name__matlab1,S_Amp_V3,-0.325,-0.41555836267491286,0.09055836267491285,False
P1_example_forward__file_name__matlab1,S_Amp_V3_iqr,0.0575,0.016765356604248494,0.04073464339575151,False
P1_example_forward__file_name__matlab1,S_Amp_V3_count,12.0,12,0.0,True
P1_example_forward__file_name__matlab1,S_Amp_V4,-0.13,-0.1817698654347185,0.05176986543471851,False
P1_example_forward__file_name__matlab1,S_Amp_V4_iqr,0.03,0.018759833762963724,0.011240166237036275,False
P1_example_forward__file_name__matlab1,S_Amp_V4_count,12.0,12,0.0,True
P1_example_forward__file_name__matlab1,S_Amp_V5,-0.065,-0.03666437151402174,0.02833562848597826,False
P1_example_forward__file_name__matlab1,S_Amp_V5_iqr,0.04,0.007749793223748365,0.032250206776251636,False
P1_example_forward__file_name__matlab1,S_Amp_V5_count,12.0,12,0.0,True
P1_example_forward__file_name__matlab1,S_Amp_V6,-0.09,-0.054781997586936894,0.0352180024130631,False
P1_example_forward__file_name__matlab1,S_Amp_V6_iqr,0.0625,0.02715987015078032,0.03534012984921968,False
P1_example_forward__file_name__matlab1,S_Amp_V6_count,12.0,12,0.0,True
P1_example_forward__file_name__matlab1,S_Amp_aVF,-0.065,0.05506740709583196,0.12006740709583197,False
P1_example_forward__file_name__matlab1,S_Amp_aVF_iqr,0.0275,0.023241940076458967,0.004258059923541033,False
P1_example_forward__file_name__matlab1,S_Amp_aVF_count,12.0,12,0.0,True
P1_example_forward__file_name__matlab1,S_Amp_aVL,-0.07,-0.0387590623878959,0.031240937612104107,False
P1_example_forward__file_name__matlab1,S_Amp_aVL_iqr,0.0699999999999999,0.03221049879299683,0.037789501207003064,False
P1_example_forward__file_name__matlab1,S_Amp_aVL_count,12.0,12,0.0,True
P1_example_forward__file_name__matlab1,S_Amp_aVR,0.07,0.046269012867082744,0.023730987132917263,False
P1_example_forward__file_name__matlab1,S_Amp_aVR_iqr,0.035,0.055032856977444124,0.02003285697744412,False
P1_example_forward__file_name__matlab1,S_Amp_aVR_count,12.0,12,0.0,True
P1_example_forward__file_name__matlab1,T_Amp_I,0.065,0.11801697728394062,0.053016977283940614,False
P1_example_forward__file_name__matlab1,T_Amp_I_iqr,0.03,0.012733559028140301,0.017266440971859698,False
P1_example_forward__file_name__matlab1,T_Amp_I_count,12.0,12,0.0,True
P1_example_forward__file_name__matlab1,T_Amp_II,-0.1,-0.002611336972530776,0.09738866302746924,False
P1_example_forward__file_name__matlab1,T_Amp_II_iqr,0.025,0.015669807399062728,0.009330192600937273,False
P1_example_forward__file_name__matlab1,T_Amp_II_count,12.0,12,0.0,True
P1_example_forward__file_name__matlab1,T_Amp_III,-0.15,-0.1685119302931215,0.01851193029312151,False
P1_example_forward__file_name__matlab1,T_Amp_III_iqr,0.055,0.014439195167176955,0.040560804832823046,False
P1_example_forward__file_name__matlab1,T_Amp_III_count,12.0,12,0.0,True
P1_example_forward__file_name__matlab1,T_Amp_V1,0.11,0.09388364410458927,0.01611635589541073,False
P1_example_forward__file_name__matlab1,T_Amp_V1_iqr,0.0249999999999999,0.011851482046621356,0.013148517953378545,False
P1_example_forward__file_name__matlab1,T_Amp_V1_count,12.0,12,0.0,True
P1_example_forward__file_name__matlab1,T_Amp_V2,0.29,0.3191234754079576,0.029123475407957622,False
P1_example_forward__file_name__matlab1,T_Amp_V2_iqr,0.0399999999999999,0.02031963580347107,0.019680364196528827,False
P1_example_forward__file_name__matlab1,T_Amp_V2_count,12.0,12,0.0,True
P1_example_forward__file_name__matlab1,T_Amp_V3,0.17,0.21911222400936572,0.04911222400936571,False
P1_example_forward__file_name__matlab1,T_Amp_V3_iqr,0.0375,0.010035869412958032,0.027464130587041967,False
P1_example_forward__file_name__matlab1,T_Amp_V3_count,12.0,12,0.0,True
P1_example_forward__file_name__matlab1,T_Amp_V4,0.055,0.09844025459430841,0.04344025459430841,False
P1_example_forward__file_name__matlab1,T_Amp_V4_iqr,0.035,0.010750115879931577,0.024249884120068427,False
P1_example_forward__file_name__matlab1,T_Amp_V4_count,12.0,12,0.0,True
P1_example_forward__file_name__matlab1,T_Amp_V5,-0.115,-0.0606334401966727,0.0543665598033273,False
P1_example_forward__file_name__matlab1,T_Amp_V5_iqr,0.0475,0.009469366059818206,0.038030633940181795,False
P1_example_forward__file_name__matlab1,T_Amp_V5_count,12.0,12,0.0,True
P1_example_forward__file_name__matlab1,T_Amp_V6,-0.11,-0.0717381224480349,0.0382618775519651,False
P1_example_forward__file_name__matlab1,T_Amp_V6_iqr,0.0575,0.014289308574547688,0.043210691425452315,False
P1_example_forward__file_name__matlab1,T_Amp_V6_count,12.0,12,0.0,True
P1_example_forward__file_name__matlab1,T_Amp_aVF,-0.1149999999999999,0.1347077800663942,0.2497077800663941,False
P1_example_forward__file_name__matlab1,T_Amp_aVF_iqr,0.0425,0.012428579102691267,0.030071420897308736,False
P1_example_forward__file_name__matlab1,T_Amp_aVF_count,12.0,12,0.0,True
P1_example_forward__file_name__matlab1,T_Amp_aVL,0.1,-0.11707610503314966,0.21707610503314967,False
P1_example_forward__file_name__matlab1,T_Amp_aVL_iqr,0.0424999999999999,0.011037708346877256,0.03146229165312264,False
P1_example_forward__file_name__matlab1,T_Amp_aVL_count,12.0,12,0.0,True
P1_example_forward__file_name__matlab1,T_Amp_aVR,-0.015,-0.057047528078479806,0.04204752807847981,False
P1_example_forward__file_name__matlab1,T_Amp_aVR_iqr,0.0225,0.009776003162871118,0.012723996837128881,False
P1_example_forward__file_name__matlab1,T_Amp_aVR_count,12.0,12,0.0,True
P4_baseline_then_example_forward__csv_name__wfdb0,P_Amp_I,0.075,0.10520307136416593,0.03020307136416593,False
P4_baseline_then_example_forward__csv_name__wfdb0,P_Amp_I_iqr,0.0325,0.011556229458371592,0.02094377054162841,False
P4_baseline_then_example_forward__csv_name__wfdb0,P_Amp_I_count,12.0,12,0.0,True
P4_baseline_then_example_forward__csv_name__wfdb0,P_Amp_II,0.125,0.17340733840923298,0.048407338409232975,False
P4_baseline_then_example_forward__csv_name__wfdb0,P_Amp_II_iqr,0.0325,0.011959779043491325,0.020540220956508676,False
P4_baseline_then_example_forward__csv_name__wfdb0,P_Amp_II_count,12.0,12,0.0,True
P4_baseline_then_example_forward__csv_name__wfdb0,P_Amp_III,0.075,0.03888947812271418,0.03611052187728582,False
P4_baseline_then_example_forward__csv_name__wfdb0,P_Amp_III_iqr,0.0249999999999999,0.03717770387962778,0.012177703879627879,False
P4_baseline_then_example_forward__csv_name__wfdb0,P_Amp_III_count,12.0,12,0.0,True
P4_baseline_then_example_forward__csv_name__wfdb0,P_Amp_V1,-0.04,-0.018843831845322977,0.021156168154677024,False
P4_baseline_then_example_forward__csv_name__wfdb0,P_Amp_V1_iqr,0.0025,0.01464122107708177,0.012141221077081769,False
P4_baseline_then_example_forward__csv_name__wfdb0,P_Amp_V1_count,12.0,12,0.0,True
P4_baseline_then_example_forward__csv_name__wfdb0,P_Amp_V2,-0.04,0.023661766289533995,0.06366176628953399,False
P4_baseline_then_example_forward__csv_name__wfdb0,P_Amp_V2_iqr,0.01,0.020344410429214733,0.010344410429214733,False
P4_baseline_then_example_forward__csv_name__wfdb0,P_Amp_V2_count,12.0,12,0.0,True
P4_baseline_then_example_forward__csv_name__wfdb0,P_Amp_V3,-0.04,0.019680859092140696,0.0596808590921407,False
P4_baseline_then_example_forward__csv_name__wfdb0,P_Amp_V3_iqr,0.035,0.02214981888762503,0.012850181112374973,False
P4_baseline_then_example_forward__csv_name__wfdb0,P_Amp_V3_count,12.0,12,0.0,True
P4_baseline_then_example_forward__csv_name__wfdb0,P_Amp_V4,0.025,0.040135855500906405,0.015135855500906403,False
P4_baseline_then_example_forward__csv_name__wfdb0,P_Amp_V4_iqr,0.0275,0.013197132047002437,0.014302867952997563,False
P4_baseline_then_example_forward__csv_name__wfdb0,P_Amp_V4_count,12.0,12,0.0,True
P4_baseline_then_example_forward__csv_name__wfdb0,P_Amp_V5,0.03,0.04130830269772358,0.01130830269772358,False
P4_baseline_then_example_forward__csv_name__wfdb0,P_Amp_V5_iqr,0.0375,0.010336794956059055,0.027163205043940944,False
P4_baseline_then_example_forward__csv_name__wfdb0,P_Amp_V5_count,12.0,12,0.0,True
P4_baseline_then_example_forward__csv_name__wfdb0,P_Amp_V6,0.04,0.03505479992602164,0.004945200073978362,False
P4_baseline_then_example_forward__csv_name__wfdb0,P_Amp_V6_iqr,0.05,0.0150154831544616,0.0349845168455384,False
P4_baseline_then_example_forward__csv_name__wfdb0,P_Amp_V6_count,12.0,12,0.0,True
P4_baseline_then_example_forward__csv_name__wfdb0,P_Amp_aVF,0.09,0.06312319578175078,0.026876804218249215,False
P4_baseline_then_example_forward__csv_name__wfdb0,P_Amp_aVF_iqr,0.0325,0.01094381365452722,0.02155618634547278,False
P4_baseline_then_example_forward__csv_name__wfdb0,P_Amp_aVF_count,12.0,12,0.0,True
P4_baseline_then_example_forward__csv_name__wfdb0,P_Amp_aVL,0.02,0.05678064456791561,0.036780644567915605,False
P4_baseline_then_example_forward__csv_name__wfdb0,P_Amp_aVL_iqr,0.045,0.023160064175835084,0.021839935824164915,False
P4_baseline_then_example_forward__csv_name__wfdb0,P_Amp_aVL_count,12.0,12,0.0,True
P4_baseline_then_example_forward__csv_name__wfdb0,P_Amp_aVR,-0.095,-0.1004689076402163,0.005468907640216306,False
P4_baseline_then_example_forward__csv_name__wfdb0,P_Amp_aVR_iqr,0.02,0.014004994379479982,0.0059950056205200185,False
P4_baseline_then_example_forward__csv_name__wfdb0,P_Amp_aVR_count,12.0,12,0.0,True
P4_baseline_then_example_forward__csv_name__wfdb0,Q_Amp_I,-0.14,-0.12630646214242428,0.013693537857575738,False
P4_baseline_then_example_forward__csv_name__wfdb0,Q_Amp_I_iqr,0.0425,0.026569803023574395,0.015930196976425608,False
P4_baseline_then_example_forward__csv_name__wfdb0,Q_Amp_I_count,12.0,12,0.0,True
P4_baseline_then_example_forward__csv_name__wfdb0,Q_Amp_II,-0.14,-0.09017516959426222,0.04982483040573779,False
P4_baseline_then_example_forward__csv_name__wfdb0,Q_Amp_II_iqr,0.0325,0.005581439264715993,0.02691856073528401,False
P4_baseline_then_example_forward__csv_name__wfdb0,Q_Amp_II_count,12.0,12,0.0,True
P4_baseline_then_example_forward__csv_name__wfdb0,Q_Amp_III,0.06,0.021312856330219516,0.03868714366978048,False
P4_baseline_then_example_forward__csv_name__wfdb0,Q_Amp_III_iqr,0.035,0.008441747166814593,0.02655825283318541,False
P4_baseline_then_example_forward__csv_name__wfdb0,Q_Amp_III_count,12.0,12,0.0,True
P4_baseline_then_example_forward__csv_name__wfdb0,Q_Amp_V1,0.2,0.23872947300712127,0.03872947300712126,False
P4_baseline_then_example_forward__csv_name__wfdb0,Q_Amp_V1_iqr,0.0399999999999999,0.029973753549082216,0.01002624645091768,False
P4_baseline_then_example_forward__csv_name__wfdb0,Q_Amp_V1_count,12.0,12,0.0,True
P4_baseline_then_example_forward__csv_name__wfdb0,Q_Amp_V2,-0.0849999999999999,-0.018966721158356483,0.06603327884164341,False
P4_baseline_then_example_forward__csv_name__wfdb0,Q_Amp_V2_iqr,0.0224999999999999,0.01152850084499563,0.010971499155004269,False
P4_baseline_then_example_forward__csv_name__wfdb0,Q_Amp_V2_count,12.0,12,0.0,True
P4_baseline_then_example_forward__csv_name__wfdb0,Q_Amp_V3,-0.045,-0.014545192018028799,0.0304548079819712,False
P4_baseline_then_example_forward__csv_name__wfdb0,Q_Amp_V3_iqr,0.0325,0.01037219119287076,0.02212780880712924,False
P4_baseline_then_example_forward__csv_name__wfdb0,Q_Amp_V3_count,12.0,12,0.0,True
P4_baseline_then_example_forward__csv_name__wfdb0,Q_Amp_V4,-0.1,-0.0914501947154831,0.008549805284516904,False
P4_baseline_then_example_forward__csv_name__wfdb0,Q_Amp_V4_iqr,0.0125,0.012312033057089805,0.00018796694291019558,False
P4_baseline_then_example_forward__csv_name__wfdb0,Q_Amp_V4_count,12.0,12,0.0,True
P4_baseline_then_example_forward__csv_name__wfdb0,Q_Amp_V5,-0.17,-0.16941892841503414,0.0005810715849658699,False
P4_baseline_then_example_forward__csv_name__wfdb0,Q_Amp_V5_iqr,0.0375,0.0077101741244652855,0.029789825875534713,False
P4_baseline_then_example_forward__csv_name__wfdb0,Q_Amp_V5_count,12.0,12,0.0,True
P4_baseline_then_example_forward__csv_name__wfdb0,Q_Amp_V6,-0.155,-0.16758431734349377,0.012584317343493773,False
P4_baseline_then_example_forward__csv_name__wfdb0,Q_Amp_V6_iqr,0.0499999999999999,0.005840976146044341,0.04415902385395556,False
P4_baseline_then_example_forward__csv_name__wfdb0,Q_Amp_V6_count,12.0,12,0.0,True
P4_baseline_then_example_forward__csv_name__wfdb0,Q_Amp_aVF,-0.105,-0.10611965961823636,0.00111965961823636,False
P4_baseline_then_example_forward__csv_name__wfdb0,Q_Amp_aVF_iqr,0.0375,0.02785391777356032,0.00964608222643968,False
P4_baseline_then_example_forward__csv_name__wfdb0,Q_Amp_aVF_count,12.0,12,0.0,True
P4_baseline_then_example_forward__csv_name__wfdb0,Q_Amp_aVL,-0.075,-0.05881326213521777,0.016186737864782225,False
P4_baseline_then_example_forward__csv_name__wfdb0,Q_Amp_aVL_iqr,0.0424999999999999,0.023169047782703733,0.019330952217296166,False
P4_baseline_then_example_forward__csv_name__wfdb0,Q_Amp_aVL_count,12.0,12,0.0,True
P4_baseline_then_example_forward__csv_name__wfdb0,Q_Amp_aVR,0.145,0.13836878436425193,0.006631215635748061,False
P4_baseline_then_example_forward__csv_name__wfdb0,Q_Amp_aVR_iqr,0.0325,0.008455133777788726,0.024044866222211275,False
P4_baseline_then_example_forward__csv_name__wfdb0,Q_Amp_aVR_count,12.0,12,0.0,True
P4_baseline_then_example_forward__csv_name__wfdb0,R_Amp_I,1.6,1.5419222401516763,0.05807775984832375,False
P4_baseline_then_example_forward__csv_name__wfdb0,R_Amp_I_iqr,0.1224999999999998,0.10223337201031191,0.020266627989687896,False
P4_baseline_then_example_forward__csv_name__wfdb0,R_Amp_I_count,12.0,12,0.0,True
P4_baseline_then_example_forward__csv_name__wfdb0,R_Amp_II,0.975,0.9700578843888782,0.004942115611121789,False
P4_baseline_then_example_forward__csv_name__wfdb0,R_Amp_II_iqr,0.045,0.03384744556064745,0.01115255443935255,False
P4_baseline_then_example_forward__csv_name__wfdb0,R_Amp_II_count,12.0,12,0.0,True
P4_baseline_then_example_forward__csv_name__wfdb0,R_Amp_III,-0.71,-0.6576898224062758,0.05231017759372414,False
P4_baseline_then_example_forward__csv_name__wfdb0,R_Amp_III_iqr,0.14,0.09550905383603903,0.04449094616396099,False
P4_baseline_then_example_forward__csv_name__wfdb0,R_Amp_III_count,12.0,12,0.0,True
P4_baseline_then_example_forward__csv_name__wfdb0,R_Amp_V1,-0.955,-0.9040176580350765,0.05098234196492346,False
P4_baseline_then_example_forward__csv_name__wfdb0,R_Amp_V1_iqr,0.1149999999999999,0.14618018586707482,0.031180185867074925,False
P4_baseline_then_example_forward__csv_name__wfdb0,R_Amp_V1_count,12.0,12,0.0,True
P4_baseline_then_example_forward__csv_name__wfdb0,R_Amp_V2,0.885,1.041590195891352,0.15659019589135204,False
P4_baseline_then_example_forward__csv_name__wfdb0,R_Amp_V2_iqr,0.075,0.0451754731869769,0.029824526813023097,False
P4_baseline_then_example_forward__csv_name__wfdb0,R_Amp_V2_count,12.0,12,0.0,True
P4_baseline_then_example_forward__csv_name__wfdb0,R_Amp_V3,1.68,1.7042334964197412,0.024233496419741263,False
P4_baseline_then_example_forward__csv_name__wfdb0,R_Amp_V3_iqr,0.0949999999999999,0.09231120997255426,0.0026887900274456394,False
P4_baseline_then_example_forward__csv_name__wfdb0,R_Amp_V3_count,12.0,12,0.0,True
P4_baseline_then_example_forward__csv_name__wfdb0,R_Amp_V4,1.835,1.804149720416226,0.030850279583773954,False
P4_baseline_then_example_forward__csv_name__wfdb0,R_Amp_V4_iqr,0.1624999999999998,0.12315521513378136,0.03934478486621845,False
P4_baseline_then_example_forward__csv_name__wfdb0,R_Amp_V4_count,12.0,12,0.0,True
P4_baseline_then_example_forward__csv_name__wfdb0,R_Amp_V5,1.6,1.5046297100754735,0.09537028992452656,False
P4_baseline_then_example_forward__csv_name__wfdb0,R_Amp_V5_iqr,0.0749999999999997,0.09309885057336009,0.018098850573360387,False
P4_baseline_then_example_forward__csv_name__wfdb0,R_Amp_V5_count,12.0,12,0.0,True
P4_baseline_then_example_forward__csv_name__wfdb0,R_Amp_V6,1.17,1.0750330070788585,0.09496699292114141,False
P4_baseline_then_example_forward__csv_name__wfdb0,R_Amp_V6_iqr,0.0524999999999999,0.040122591664463636,0.012377408335536265,False
P4_baseline_then_example_forward__csv_name__wfdb0,R_Amp_V6_count,12.0,12,0.0,True
P4_baseline_then_example_forward__csv_name__wfdb0,R_Amp_aVF,0.255,0.18962135023471505,0.06537864976528496,False
P4_baseline_then_example_forward__csv_name__wfdb0,R_Amp_aVF_iqr,0.09,0.11595261786351316,0.02595261786351316,False
P4_baseline_then_example_forward__csv_name__wfdb0,R_Amp_aVF_count,12.0,12,0.0,True
P4_baseline_then_example_forward__csv_name__wfdb0,R_Amp_aVL,1.15,1.0799832609687348,0.07001673903126515,False
P4_baseline_then_example_forward__csv_name__wfdb0,R_Amp_aVL_iqr,0.1549999999999998,0.10263929458674381,0.05236070541325599,False
P4_baseline_then_example_forward__csv_name__wfdb0,R_Amp_aVL_count,12.0,12,0.0,True
P4_baseline_then_example_forward__csv_name__wfdb0,R_Amp_aVR,-1.3,-1.2056144336518149,0.09438556634818518,False
P4_baseline_then_example_forward__csv_name__wfdb0,R_Amp_aVR_iqr,0.09,0.02173400085404187,0.06826599914595813,False
P4_baseline_then_example_forward__csv_name__wfdb0,R_Amp_aVR_count,12.0,12,0.0,True
P4_baseline_then_example_forward__csv_name__wfdb0,S_Amp_I,-0.12,-0.09544101686814307,0.02455898313185692,False
P4_baseline_then_example_forward__csv_name__wfdb0,S_Amp_I_iqr,0.0525,0.02642773797464218,0.02607226202535782,False
P4_baseline_then_example_forward__csv_name__wfdb0,S_Amp_I_count,12.0,12,0.0,True
P4_baseline_then_example_forward__csv_name__wfdb0,S_Amp_II,-0.0849999999999999,-0.007419677087457594,0.0775803229125423,False
P4_baseline_then_example_forward__csv_name__wfdb0,S_Amp_II_iqr,0.0375,0.0068885072659010714,0.030611492734098928,False
P4_baseline_then_example_forward__csv_name__wfdb0,S_Amp_II_count,12.0,12,0.0,True
P4_baseline_then_example_forward__csv_name__wfdb0,S_Amp_III,-0.02,-0.024583555030023393,0.004583555030023393,False
P4_baseline_then_example_forward__csv_name__wfdb0,S_Amp_III_iqr,0.09,0.07752341225550805,0.012476587744491952,False
P4_baseline_then_example_forward__csv_name__wfdb0,S_Amp_III_count,12.0,12,0.0,True
P4_baseline_then_example_forward__csv_name__wfdb0,S_Amp_V1,0.02,0.03337728656701376,0.013377286567013761,False
P4_baseline_then_example_forward__csv_name__wfdb0,S_Amp_V1_iqr,0.025,0.011168349051289769,0.013831650948710233,False
P4_baseline_then_example_forward__csv_name__wfdb0,S_Amp_V1_count,12.0,12,0.0,True
P4_baseline_then_example_forward__csv_name__wfdb0,S_Amp_V2,-0.735,-0.6318606283641939,0.10313937163580611,False
P4_baseline_then_example_forward__csv_name__wfdb0,S_Amp_V2_iqr,0.05,0.04137881134015853,0.008621188659841475,False
P4_baseline_then_example_forward__csv_name__wfdb0,S_Amp_V2_count,12.0,12,0.0,True
P4_baseline_then_example_forward__csv_name__wfdb0,S_Amp_V3,-0.325,-0.34576459488076483,0.02076459488076482,False
P4_baseline_then_example_forward__csv_name__wfdb0,S_Amp_V3_iqr,0.0575,0.018751235212399686,0.038748764787600316,False
P4_baseline_then_example_forward__csv_name__wfdb0,S_Amp_V3_count,12.0,12,0.0,True
P4_baseline_then_example_forward__csv_name__wfdb0,S_Amp_V4,-0.13,-0.1445393139983698,0.014539313998369802,False
P4_baseline_then_example_forward__csv_name__wfdb0,S_Amp_V4_iqr,0.03,0.018119008928581343,0.011880991071418656,False
P4_baseline_then_example_forward__csv_name__wfdb0,S_Amp_V4_count,12.0,12,0.0,True
P4_baseline_then_example_forward__csv_name__wfdb0,S_Amp_V5,-0.065,-0.04383936308471209,0.02116063691528791,False
P4_baseline_then_example_forward__csv_name__wfdb0,S_Amp_V5_iqr,0.04,0.006421850820909437,0.03357814917909056,False
P4_baseline_then_example_forward__csv_name__wfdb0,S_Amp_V5_count,12.0,12,0.0,True
P4_baseline_then_example_forward__csv_name__wfdb0,S_Amp_V6,-0.09,-0.05747617924817995,0.032523820751820046,False
P4_baseline_then_example_forward__csv_name__wfdb0,S_Amp_V6_iqr,0.0625,0.02656860973868746,0.03593139026131254,False
P4_baseline_then_example_forward__csv_name__wfdb0,S_Amp_V6_count,12.0,12,0.0,True
P4_baseline_then_example_forward__csv_name__wfdb0,S_Amp_aVF,-0.065,-0.07823329901018541,0.013233299010185412,False
P4_baseline_then_example_forward__csv_name__wfdb0,S_Amp_aVF_iqr,0.0275,0.009975492483523765,0.017524507516476235,False
P4_baseline_then_example_forward__csv_name__wfdb0,S_Amp_aVF_count,12.0,12,0.0,True
P4_baseline_then_example_forward__csv_name__wfdb0,S_Amp_aVL,-0.07,-0.06223972986011808,0.007760270139881925,False
P4_baseline_then_example_forward__csv_name__wfdb0,S_Amp_aVL_iqr,0.0699999999999999,0.046712814978960064,0.02328718502103983,False
P4_baseline_then_example_forward__csv_name__wfdb0,S_Amp_aVL_count,12.0,12,0.0,True
P4_baseline_then_example_forward__csv_name__wfdb0,S_Amp_aVR,0.07,0.0543029815828937,0.015697018417106308,False
P4_baseline_then_example_forward__csv_name__wfdb0,S_Amp_aVR_iqr,0.035,0.04910964477772933,0.01410964477772933,False
P4_baseline_then_example_forward__csv_name__wfdb0,S_Amp_aVR_count,12.0,12,0.0,True
P4_baseline_then_example_forward__csv_name__wfdb0,T_Amp_I,0.065,0.12331064185621762,0.05831064185621762,False
P4_baseline_then_example_forward__csv_name__wfdb0,T_Amp_I_iqr,0.03,0.01244531600075062,0.01755468399924938,False
P4_baseline_then_example_forward__csv_name__wfdb0,T_Amp_I_count,12.0,12,0.0,True
P4_baseline_then_example_forward__csv_name__wfdb0,T_Amp_II,-0.1,-0.00040501596499853767,0.09959498403500147,False
P4_baseline_then_example_forward__csv_name__wfdb0,T_Amp_II_iqr,0.025,0.01305347509854336,0.011946524901456642,False
P4_baseline_then_example_forward__csv_name__wfdb0,T_Amp_II_count,12.0,12,0.0,True
P4_baseline_then_example_forward__csv_name__wfdb0,T_Amp_III,-0.15,-0.17058457463110233,0.02058457463110233,False
P4_baseline_then_example_forward__csv_name__wfdb0,T_Amp_III_iqr,0.055,0.0161719429167492,0.0388280570832508,False
P4_baseline_then_example_forward__csv_name__wfdb0,T_Amp_III_count,12.0,12,0.0,True
P4_baseline_then_example_forward__csv_name__wfdb0,T_Amp_V1,0.11,0.09350536951781033,0.016494630482189673,False
P4_baseline_then_example_forward__csv_name__wfdb0,T_Amp_V1_iqr,0.0249999999999999,0.01460281869527466,0.01039718130472524,False
P4_baseline_then_example_forward__csv_name__wfdb0,T_Amp_V1_count,12.0,12,0.0,True
P4_baseline_then_example_forward__csv_name__wfdb0,T_Amp_V2,0.29,0.31899920226118483,0.028999202261184853,False
P4_baseline_then_example_forward__csv_name__wfdb0,T_Amp_V2_iqr,0.0399999999999999,0.023598443250115897,0.016401556749884,False
P4_baseline_then_example_forward__csv_name__wfdb0,T_Amp_V2_count,12.0,12,0.0,True
P4_baseline_then_example_forward__csv_name__wfdb0,T_Amp_V3,0.17,0.21938437633196145,0.04938437633196144,False
P4_baseline_then_example_forward__csv_name__wfdb0,T_Amp_V3_iqr,0.0375,0.009609724679869258,0.02789027532013074,False
P4_baseline_then_example_forward__csv_name__wfdb0,T_Amp_V3_count,12.0,12,0.0,True
P4_baseline_then_example_forward__csv_name__wfdb0,T_Amp_V4,0.055,0.0985335320637706,0.04353353206377061,False
P4_baseline_then_example_forward__csv_name__wfdb0,T_Amp_V4_iqr,0.035,0.011763900931816049,0.023236099068183955,False
P4_baseline_then_example_forward__csv_name__wfdb0,T_Amp_V4_count,12.0,12,0.0,True
P4_baseline_then_example_forward__csv_name__wfdb0,T_Amp_V5,-0.115,-0.06052965923602044,0.054470340763979566,False
P4_baseline_then_example_forward__csv_name__wfdb0,T_Amp_V5_iqr,0.0475,0.009878402226019461,0.03762159777398054,False
P4_baseline_then_example_forward__csv_name__wfdb0,T_Amp_V5_count,12.0,12,0.0,True
P4_baseline_then_example_forward__csv_name__wfdb0,T_Amp_V6,-0.11,-0.07175699103483578,0.03824300896516422,False
P4_baseline_then_example_forward__csv_name__wfdb0,T_Amp_V6_iqr,0.0575,0.014079587355959253,0.04342041264404075,False
P4_baseline_then_example_forward__csv_name__wfdb0,T_Amp_V6_count,12.0,12,0.0,True
P4_baseline_then_example_forward__csv_name__wfdb0,T_Amp_aVF,-0.1149999999999999,-0.11892053716811865,0.003920537168118757,False
P4_baseline_then_example_forward__csv_name__wfdb0,T_Amp_aVF_iqr,0.0425,0.011803894479743976,0.030696105520256027,False
P4_baseline_then_example_forward__csv_name__wfdb0,T_Amp_aVF_count,12.0,12,0.0,True
P4_baseline_then_example_forward__csv_name__wfdb0,T_Amp_aVL,0.1,0.13886129504841627,0.03886129504841626,False
P4_baseline_then_example_forward__csv_name__wfdb0,T_Amp_aVL_iqr,0.0424999999999999,0.012730037951891149,0.02976996204810875,False
P4_baseline_then_example_forward__csv_name__wfdb0,T_Amp_aVL_count,12.0,12,0.0,True
P4_baseline_then_example_forward__csv_name__wfdb0,T_Amp_aVR,-0.015,-0.057720999950664986,0.04272099995066499,False
P4_baseline_then_example_forward__csv_name__wfdb0,T_Amp_aVR_iqr,0.0225,0.008621878912024275,0.013878121087975724,False
P4_baseline_then_example_forward__csv_name__wfdb0,T_Amp_aVR_count,12.0,12,0.0,True
P4_baseline_then_example_forward__csv_name__matlab1,P_Amp_I,0.075,0.10378756488291675,0.028787564882916755,False
P4_baseline_then_example_forward__csv_name__matlab1,P_Amp_I_iqr,0.0325,0.011649025717622066,0.020850974282377935,False
P4_baseline_then_example_forward__csv_name__matlab1,P_Amp_I_count,12.0,12,0.0,True
P4_baseline_then_example_forward__csv_name__matlab1,P_Amp_II,0.125,0.1760781907813942,0.051078190781394195,False
P4_baseline_then_example_forward__csv_name__matlab1,P_Amp_II_iqr,0.0325,0.012308271107116964,0.020191728892883037,False
P4_baseline_then_example_forward__csv_name__matlab1,P_Amp_II_count,12.0,12,0.0,True
P4_baseline_then_example_forward__csv_name__matlab1,P_Amp_III,0.075,0.03573258653923002,0.03926741346076998,False
P4_baseline_then_example_forward__csv_name__matlab1,P_Amp_III_iqr,0.0249999999999999,0.034961206087711263,0.009961206087711363,False
P4_baseline_then_example_forward__csv_name__matlab1,P_Amp_III_count,12.0,12,0.0,True
P4_baseline_then_example_forward__csv_name__matlab1,P_Amp_V1,-0.04,-0.02027623761399303,0.019723762386006972,False
P4_baseline_then_example_forward__csv_name__matlab1,P_Amp_V1_iqr,0.0025,0.014799146371769786,0.012299146371769785,False
P4_baseline_then_example_forward__csv_name__matlab1,P_Amp_V1_count,12.0,12,0.0,True
P4_baseline_then_example_forward__csv_name__matlab1,P_Amp_V2,-0.04,0.02264891677278794,0.06264891677278794,False
P4_baseline_then_example_forward__csv_name__matlab1,P_Amp_V2_iqr,0.01,0.020302966842785552,0.010302966842785552,False
P4_baseline_then_example_forward__csv_name__matlab1,P_Amp_V2_count,12.0,12,0.0,True
P4_baseline_then_example_forward__csv_name__matlab1,P_Amp_V3,-0.04,0.019820714706877594,0.059820714706877595,False
P4_baseline_then_example_forward__csv_name__matlab1,P_Amp_V3_iqr,0.035,0.02156255432212884,0.013437445677871165,False
P4_baseline_then_example_forward__csv_name__matlab1,P_Amp_V3_count,12.0,12,0.0,True
P4_baseline_then_example_forward__csv_name__matlab1,P_Amp_V4,0.025,0.04040005857965711,0.015400058579657108,False
P4_baseline_then_example_forward__csv_name__matlab1,P_Amp_V4_iqr,0.0275,0.015706271005964743,0.011793728994035257,False
P4_baseline_then_example_forward__csv_name__matlab1,P_Amp_V4_count,12.0,12,0.0,True
P4_baseline_then_example_forward__csv_name__matlab1,P_Amp_V5,0.03,0.041662318569649276,0.011662318569649277,False
P4_baseline_then_example_forward__csv_name__matlab1,P_Amp_V5_iqr,0.0375,0.010592188678760654,0.026907811321239344,False
P4_baseline_then_example_forward__csv_name__matlab1,P_Amp_V5_count,12.0,12,0.0,True
P4_baseline_then_example_forward__csv_name__matlab1,P_Amp_V6,0.04,0.03686483041194687,0.003135169588053134,False
P4_baseline_then_example_forward__csv_name__matlab1,P_Amp_V6_iqr,0.05,0.0137581886592445,0.036241811340755506,False
P4_baseline_then_example_forward__csv_name__matlab1,P_Amp_V6_count,12.0,12,0.0,True
P4_baseline_then_example_forward__csv_name__matlab1,P_Amp_aVF,0.09,0.06367919705900647,0.026320802940993523,False
P4_baseline_then_example_forward__csv_name__matlab1,P_Amp_aVF_iqr,0.0325,0.00945322366731964,0.02304677633268036,False
P4_baseline_then_example_forward__csv_name__matlab1,P_Amp_aVF_count,12.0,12,0.0,True
P4_baseline_then_example_forward__csv_name__matlab1,P_Amp_aVL,0.02,0.056470102312777964,0.03647010231277796,False
P4_baseline_then_example_forward__csv_name__matlab1,P_Amp_aVL_iqr,0.045,0.020353986628493477,0.02464601337150652,False
P4_baseline_then_example_forward__csv_name__matlab1,P_Amp_aVL_count,12.0,12,0.0,True
P4_baseline_then_example_forward__csv_name__matlab1,P_Amp_aVR,-0.095,-0.10176360906708068,0.006763609067080678,False
P4_baseline_then_example_forward__csv_name__matlab1,P_Amp_aVR_iqr,0.02,0.01505961245295627,0.004940387547043731,False
P4_baseline_then_example_forward__csv_name__matlab1,P_Amp_aVR_count,12.0,12,0.0,True
P4_baseline_then_example_forward__csv_name__matlab1,Q_Amp_I,-0.14,-0.12374711257732808,0.016252887422671933,False
P4_baseline_then_example_forward__csv_name__matlab1,Q_Amp_I_iqr,0.0425,0.02787794898004993,0.014622051019950073,False
P4_baseline_then_example_forward__csv_name__matlab1,Q_Amp_I_count,12.0,12,0.0,True
P4_baseline_then_example_forward__csv_name__matlab1,Q_Amp_II,-0.14,-0.08864300961710599,0.05135699038289403,False
P4_baseline_then_example_forward__csv_name__matlab1,Q_Amp_II_iqr,0.0325,0.009998828231255433,0.02250117176874457,False
P4_baseline_then_example_forward__csv_name__matlab1,Q_Amp_II_count,12.0,12,0.0,True
P4_baseline_then_example_forward__csv_name__matlab1,Q_Amp_III,0.06,0.023152547912507773,0.036847452087492225,False
P4_baseline_then_example_forward__csv_name__matlab1,Q_Amp_III_iqr,0.035,0.00726679969102996,0.027733200308970044,False
P4_baseline_then_example_forward__csv_name__matlab1,Q_Amp_III_count,12.0,12,0.0,True
P4_baseline_then_example_forward__csv_name__matlab1,Q_Amp_V1,0.2,0.24078199867572148,0.040781998675721465,False
P4_baseline_then_example_forward__csv_name__matlab1,Q_Amp_V1_iqr,0.0399999999999999,0.033281947548992274,0.006718052451007622,False
P4_baseline_then_example_forward__csv_name__matlab1,Q_Amp_V1_count,12.0,12,0.0,True
P4_baseline_then_example_forward__csv_name__matlab1,Q_Amp_V2,-0.0849999999999999,-0.01852033720566613,0.06647966279433376,False
P4_baseline_then_example_forward__csv_name__matlab1,Q_Amp_V2_iqr,0.0224999999999999,0.009708576338447602,0.012791423661552297,False
P4_baseline_then_example_forward__csv_name__matlab1,Q_Amp_V2_count,12.0,12,0.0,True
P4_baseline_then_example_forward__csv_name__matlab1,Q_Amp_V3,-0.045,-0.017674425035056097,0.0273255749649439,False
P4_baseline_then_example_forward__csv_name__matlab1,Q_Amp_V3_iqr,0.0325,0.012758855474986262,0.01974114452501374,False
P4_baseline_then_example_forward__csv_name__matlab1,Q_Amp_V3_count,12.0,12,0.0,True
P4_baseline_then_example_forward__csv_name__matlab1,Q_Amp_V4,-0.1,-0.09045895728751527,0.009541042712484737,False
P4_baseline_then_example_forward__csv_name__matlab1,Q_Amp_V4_iqr,0.0125,0.01172049734110664,0.0007795026588933614,False
P4_baseline_then_example_forward__csv_name__matlab1,Q_Amp_V4_count,12.0,12,0.0,True
P4_baseline_then_example_forward__csv_name__matlab1,Q_Amp_V5,-0.17,-0.16501206257581433,0.004987937424185684,False
P4_baseline_then_example_forward__csv_name__matlab1,Q_Amp_V5_iqr,0.0375,0.003736672987579237,0.03376332701242076,False
P4_baseline_then_example_forward__csv_name__matlab1,Q_Amp_V5_count,12.0,12,0.0,True
P4_baseline_then_example_forward__csv_name__matlab1,Q_Amp_V6,-0.155,-0.1639950900416718,0.008995090041671788,False
P4_baseline_then_example_forward__csv_name__matlab1,Q_Amp_V6_iqr,0.0499999999999999,0.008528599907767748,0.04147140009223215,False
P4_baseline_then_example_forward__csv_name__matlab1,Q_Amp_V6_count,12.0,12,0.0,True
P4_baseline_then_example_forward__csv_name__matlab1,Q_Amp_aVF,-0.105,-0.11004823327320937,0.005048233273209371,False
P4_baseline_then_example_forward__csv_name__matlab1,Q_Amp_aVF_iqr,0.0375,0.028512760090094763,0.008987239909905236,False
P4_baseline_then_example_forward__csv_name__matlab1,Q_Amp_aVF_count,12.0,12,0.0,True
P4_baseline_then_example_forward__csv_name__matlab1,Q_Amp_aVL,-0.075,-0.062318781943377324,0.012681218056622673,False
P4_baseline_then_example_forward__csv_name__matlab1,Q_Amp_aVL_iqr,0.0424999999999999,0.021841985550716057,0.02065801444928384,False
P4_baseline_then_example_forward__csv_name__matlab1,Q_Amp_aVL_count,12.0,12,0.0,True
P4_baseline_then_example_forward__csv_name__matlab1,Q_Amp_aVR,0.145,0.13608904876235284,0.008910951237647152,False
P4_baseline_then_example_forward__csv_name__matlab1,Q_Amp_aVR_iqr,0.0325,0.00953433438871712,0.02296566561128288,False
P4_baseline_then_example_forward__csv_name__matlab1,Q_Amp_aVR_count,12.0,12,0.0,True
P4_baseline_then_example_forward__csv_name__matlab1,R_Amp_I,1.6,1.5540428865026539,0.045957113497346214,False
P4_baseline_then_example_forward__csv_name__matlab1,R_Amp_I_iqr,0.1224999999999998,0.10506170162382711,0.017438298376172695,False
P4_baseline_then_example_forward__csv_name__matlab1,R_Amp_I_count,12.0,12,0.0,True
P4_baseline_then_example_forward__csv_name__matlab1,R_Amp_II,0.975,0.9856004979745963,0.010600497974596279,False
P4_baseline_then_example_forward__csv_name__matlab1,R_Amp_II_iqr,0.045,0.03384345506459607,0.011156544935403925,False
P4_baseline_then_example_forward__csv_name__matlab1,R_Amp_II_count,12.0,12,0.0,True
P4_baseline_then_example_forward__csv_name__matlab1,R_Amp_III,-0.71,-0.667859908858418,0.042140091141582015,False
P4_baseline_then_example_forward__csv_name__matlab1,R_Amp_III_iqr,0.14,0.12424089141600436,0.01575910858399565,False
P4_baseline_then_example_forward__csv_name__matlab1,R_Amp_III_count,12.0,12,0.0,True
P4_baseline_then_example_forward__csv_name__matlab1,R_Amp_V1,-0.955,-0.9146676174888386,0.040332382511161335,False
P4_baseline_then_example_forward__csv_name__matlab1,R_Amp_V1_iqr,0.1149999999999999,0.1532239020940197,0.03822390209401981,False
P4_baseline_then_example_forward__csv_name__matlab1,R_Amp_V1_count,12.0,12,0.0,True
P4_baseline_then_example_forward__csv_name__matlab1,R_Amp_V2,0.885,1.0217818890152763,0.13678188901527633,False
P4_baseline_then_example_forward__csv_name__matlab1,R_Amp_V2_iqr,0.075,0.05308404291339275,0.02191595708660725,False
P4_baseline_then_example_forward__csv_name__matlab1,R_Amp_V2_count,12.0,12,0.0,True
P4_baseline_then_example_forward__csv_name__matlab1,R_Amp_V3,1.68,1.7096246636944499,0.029624663694449938,False
P4_baseline_then_example_forward__csv_name__matlab1,R_Amp_V3_iqr,0.0949999999999999,0.0821405130586057,0.012859486941394202,False
P4_baseline_then_example_forward__csv_name__matlab1,R_Amp_V3_count,12.0,12,0.0,True
P4_baseline_then_example_forward__csv_name__matlab1,R_Amp_V4,1.835,1.8084583877349252,0.026541612265074788,False
P4_baseline_then_example_forward__csv_name__matlab1,R_Amp_V4_iqr,0.1624999999999998,0.12248902674922513,0.040010973250774684,False
P4_baseline_then_example_forward__csv_name__matlab1,R_Amp_V4_count,12.0,12,0.0,True
P4_baseline_then_example_forward__csv_name__matlab1,R_Amp_V5,1.6,1.5325527224980722,0.06744727750192792,False
P4_baseline_then_example_forward__csv_name__matlab1,R_Amp_V5_iqr,0.0749999999999997,0.0843304599000434,0.009330459900043692,False
P4_baseline_then_example_forward__csv_name__matlab1,R_Amp_V5_count,12.0,12,0.0,True
P4_baseline_then_example_forward__csv_name__matlab1,R_Amp_V6,1.17,1.0923833880115394,0.07761661198846048,False
P4_baseline_then_example_forward__csv_name__matlab1,R_Amp_V6_iqr,0.0524999999999999,0.052319211987554404,0.0001807880124454972,False
P4_baseline_then_example_forward__csv_name__matlab1,R_Amp_V6_count,12.0,12,0.0,True
P4_baseline_then_example_forward__csv_name__matlab1,R_Amp_aVF,0.255,0.19018043288415704,0.06481956711584297,False
P4_baseline_then_example_forward__csv_name__matlab1,R_Amp_aVF_iqr,0.09,0.11500193426746463,0.025001934267464637,False
P4_baseline_then_example_forward__csv_name__matlab1,R_Amp_aVF_count,12.0,12,0.0,True
P4_baseline_then_example_forward__csv_name__matlab1,R_Amp_aVL,1.15,1.1007620891315524,0.04923791086844753,False
P4_baseline_then_example_forward__csv_name__matlab1,R_Amp_aVL_iqr,0.1549999999999998,0.11712523690943821,0.03787476309056159,False
P4_baseline_then_example_forward__csv_name__matlab1,R_Amp_aVL_count,12.0,12,0.0,True
P4_baseline_then_example_forward__csv_name__matlab1,R_Amp_aVR,-1.3,-1.2281560722686407,0.07184392773135939,False
P4_baseline_then_example_forward__csv_name__matlab1,R_Amp_aVR_iqr,0.09,0.03408957743245633,0.055910422567543666,False
P4_baseline_then_example_forward__csv_name__matlab1,R_Amp_aVR_count,12.0,12,0.0,True
P4_baseline_then_example_forward__csv_name__matlab1,S_Amp_I,-0.12,-0.09710409650200681,0.022895903497993184,False
P4_baseline_then_example_forward__csv_name__matlab1,S_Amp_I_iqr,0.0525,0.02749143824469691,0.02500856175530309,False
P4_baseline_then_example_forward__csv_name__matlab1,S_Amp_I_count,12.0,12,0.0,True
P4_baseline_then_example_forward__csv_name__matlab1,S_Amp_II,-0.0849999999999999,-0.007417461428586911,0.07758253857141298,False
P4_baseline_then_example_forward__csv_name__matlab1,S_Amp_II_iqr,0.0375,0.007139176808187644,0.030360823191812353,False
P4_baseline_then_example_forward__csv_name__matlab1,S_Amp_II_count,12.0,12,0.0,True
P4_baseline_then_example_forward__csv_name__matlab1,S_Amp_III,-0.02,0.001292666785027219,0.02129266678502722,False
P4_baseline_then_example_forward__csv_name__matlab1,S_Amp_III_iqr,0.09,0.053244941350483466,0.03675505864951653,False
P4_baseline_then_example_forward__csv_name__matlab1,S_Amp_III_count,12.0,12,0.0,True
P4_baseline_then_example_forward__csv_name__matlab1,S_Amp_V1,0.02,0.03196002768145139,0.01196002768145139,False
P4_baseline_then_example_forward__csv_name__matlab1,S_Amp_V1_iqr,0.025,0.011421348816395498,0.013578651183604504,False
P4_baseline_then_example_forward__csv_name__matlab1,S_Amp_V1_count,12.0,12,0.0,True
P4_baseline_then_example_forward__csv_name__matlab1,S_Amp_V2,-0.735,-0.7253322440572324,0.009667755942767586,False
P4_baseline_then_example_forward__csv_name__matlab1,S_Amp_V2_iqr,0.05,0.027638085385643385,0.022361914614356618,False
P4_baseline_then_example_forward__csv_name__matlab1,S_Amp_V2_count,12.0,12,0.0,True
P4_baseline_then_example_forward__csv_name__matlab1,S_Amp_V3,-0.325,-0.41675791699853365,0.09175791699853364,False
P4_baseline_then_example_forward__csv_name__matlab1,S_Amp_V3_iqr,0.0575,0.016498597508964596,0.041001402491035406,False
P4_baseline_then_example_forward__csv_name__matlab1,S_Amp_V3_count,12.0,12,0.0,True
P4_baseline_then_example_forward__csv_name__matlab1,S_Amp_V4,-0.13,-0.18340334343595172,0.05340334343595171,False
P4_baseline_then_example_forward__csv_name__matlab1,S_Amp_V4_iqr,0.03,0.018750484690767122,0.011249515309232877,False
P4_baseline_then_example_forward__csv_name__matlab1,S_Amp_V4_count,12.0,12,0.0,True
P4_baseline_then_example_forward__csv_name__matlab1,S_Amp_V5,-0.065,-0.038457443389911625,0.026542556610088378,False
P4_baseline_then_example_forward__csv_name__matlab1,S_Amp_V5_iqr,0.04,0.0073135793326652085,0.03268642066733479,False
P4_baseline_then_example_forward__csv_name__matlab1,S_Amp_V5_count,12.0,12,0.0,True
P4_baseline_then_example_forward__csv_name__matlab1,S_Amp_V6,-0.09,-0.053372213394559734,0.03662778660544026,False
P4_baseline_then_example_forward__csv_name__matlab1,S_Amp_V6_iqr,0.0625,0.026058089448654627,0.03644191055134537,False
P4_baseline_then_example_forward__csv_name__matlab1,S_Amp_V6_count,12.0,12,0.0,True
P4_baseline_then_example_forward__csv_name__matlab1,S_Amp_aVF,-0.065,-0.08739723854533188,0.022397238545331877,False
P4_baseline_then_example_forward__csv_name__matlab1,S_Amp_aVF_iqr,0.0275,0.008551049178253334,0.018948950821746666,False
P4_baseline_then_example_forward__csv_name__matlab1,S_Amp_aVF_count,12.0,12,0.0,True
P4_baseline_then_example_forward__csv_name__matlab1,S_Amp_aVL,-0.07,-0.06322957238083862,0.006770427619161384,False
P4_baseline_then_example_forward__csv_name__matlab1,S_Amp_aVL_iqr,0.0699999999999999,0.0488316747484854,0.0211683252515145,False
P4_baseline_then_example_forward__csv_name__matlab1,S_Amp_aVL_count,12.0,12,0.0,True
P4_baseline_then_example_forward__csv_name__matlab1,S_Amp_aVR,0.07,0.0473048762460761,0.022695123753923907,False
P4_baseline_then_example_forward__csv_name__matlab1,S_Amp_aVR_iqr,0.035,0.05563498528813837,0.02063498528813837,False
P4_baseline_then_example_forward__csv_name__matlab1,S_Amp_aVR_count,12.0,12,0.0,True
P4_baseline_then_example_forward__csv_name__matlab1,T_Amp_I,0.065,0.12251301943770582,0.057513019437705815,False
P4_baseline_then_example_forward__csv_name__matlab1,T_Amp_I_iqr,0.03,0.012446577572489972,0.017553422427510026,False
P4_baseline_then_example_forward__csv_name__matlab1,T_Amp_I_count,12.0,12,0.0,True
P4_baseline_then_example_forward__csv_name__matlab1,T_Amp_II,-0.1,-0.0017357952186164388,0.09826420478138356,False
P4_baseline_then_example_forward__csv_name__matlab1,T_Amp_II_iqr,0.025,0.012356130506533105,0.012643869493466896,False
P4_baseline_then_example_forward__csv_name__matlab1,T_Amp_II_count,12.0,12,0.0,True
P4_baseline_then_example_forward__csv_name__matlab1,T_Amp_III,-0.15,-0.17162570250341813,0.021625702503418137,False
P4_baseline_then_example_forward__csv_name__matlab1,T_Amp_III_iqr,0.055,0.014405949112369254,0.040594050887630746,False
P4_baseline_then_example_forward__csv_name__matlab1,T_Amp_III_count,12.0,12,0.0,True
P4_baseline_then_example_forward__csv_name__matlab1,T_Amp_V1,0.11,0.0952048640519885,0.014795135948011504,False
P4_baseline_then_example_forward__csv_name__matlab1,T_Amp_V1_iqr,0.0249999999999999,0.01399582864832169,0.011004171351678211,False
P4_baseline_then_example_forward__csv_name__matlab1,T_Amp_V1_count,12.0,12,0.0,True
P4_baseline_then_example_forward__csv_name__matlab1,T_Amp_V2,0.29,0.3206943883814678,0.03069438838146782,False
P4_baseline_then_example_forward__csv_name__matlab1,T_Amp_V2_iqr,0.0399999999999999,0.024313753139890537,0.01568624686010936,False
P4_baseline_then_example_forward__csv_name__matlab1,T_Amp_V2_count,12.0,12,0.0,True
P4_baseline_then_example_forward__csv_name__matlab1,T_Amp_V3,0.17,0.22061725238244256,0.05061725238244255,False
P4_baseline_then_example_forward__csv_name__matlab1,T_Amp_V3_iqr,0.0375,0.01037931009755072,0.02712068990244928,False
P4_baseline_then_example_forward__csv_name__matlab1,T_Amp_V3_count,12.0,12,0.0,True
P4_baseline_then_example_forward__csv_name__matlab1,T_Amp_V4,0.055,0.09963890582403859,0.04463890582403859,False
P4_baseline_then_example_forward__csv_name__matlab1,T_Amp_V4_iqr,0.035,0.011916802189539472,0.023083197810460532,False
P4_baseline_then_example_forward__csv_name__matlab1,T_Amp_V4_count,12.0,12,0.0,True
P4_baseline_then_example_forward__csv_name__matlab1,T_Amp_V5,-0.115,-0.06093555607172002,0.054064443928279984,False
P4_baseline_then_example_forward__csv_name__matlab1,T_Amp_V5_iqr,0.0475,0.009317997108410171,0.03818200289158983,False
P4_baseline_then_example_forward__csv_name__matlab1,T_Amp_V5_count,12.0,12,0.0,True
P4_baseline_then_example_forward__csv_name__matlab1,T_Amp_V6,-0.11,-0.07307187516456112,0.03692812483543888,False
P4_baseline_then_example_forward__csv_name__matlab1,T_Amp_V6_iqr,0.0575,0.014906082752876276,0.042593917247123726,False
P4_baseline_then_example_forward__csv_name__matlab1,T_Amp_V6_count,12.0,12,0.0,True
P4_baseline_then_example_forward__csv_name__matlab1,T_Amp_aVF,-0.1149999999999999,-0.12001237648012965,0.005012376480129754,False
P4_baseline_then_example_forward__csv_name__matlab1,T_Amp_aVF_iqr,0.0425,0.0110675005975127,0.0314324994024873,False
P4_baseline_then_example_forward__csv_name__matlab1,T_Amp_aVF_count,12.0,12,0.0,True
P4_baseline_then_example_forward__csv_name__matlab1,T_Amp_aVL,0.1,0.13679173339139686,0.03679173339139685,False
P4_baseline_then_example_forward__csv_name__matlab1,T_Amp_aVL_iqr,0.0424999999999999,0.012411136943844991,0.030088863056154908,False
P4_baseline_then_example_forward__csv_name__matlab1,T_Amp_aVL_count,12.0,12,0.0,True
P4_baseline_then_example_forward__csv_name__matlab1,T_Amp_aVR,-0.015,-0.05668078791309142,0.04168078791309142,False
P4_baseline_then_example_forward__csv_name__matlab1,T_Amp_aVR_iqr,0.0225,0.01016639649196966,0.012333603508030339,False
P4_baseline_then_example_forward__csv_name__matlab1,T_Amp_aVR_count,12.0,12,0.0,True
P4_baseline_then_example_forward__file_name__wfdb0,P_Amp_I,0.075,0.10520307136416593,0.03020307136416593,False
P4_baseline_then_example_forward__file_name__wfdb0,P_Amp_I_iqr,0.0325,0.011556229458371592,0.02094377054162841,False
P4_baseline_then_example_forward__file_name__wfdb0,P_Amp_I_count,12.0,12,0.0,True
P4_baseline_then_example_forward__file_name__wfdb0,P_Amp_II,0.125,0.17340733840923298,0.048407338409232975,False
P4_baseline_then_example_forward__file_name__wfdb0,P_Amp_II_iqr,0.0325,0.011959779043491325,0.020540220956508676,False
P4_baseline_then_example_forward__file_name__wfdb0,P_Amp_II_count,12.0,12,0.0,True
P4_baseline_then_example_forward__file_name__wfdb0,P_Amp_III,0.075,0.03888947812271418,0.03611052187728582,False
P4_baseline_then_example_forward__file_name__wfdb0,P_Amp_III_iqr,0.0249999999999999,0.03717770387962778,0.012177703879627879,False
P4_baseline_then_example_forward__file_name__wfdb0,P_Amp_III_count,12.0,12,0.0,True
P4_baseline_then_example_forward__file_name__wfdb0,P_Amp_V1,-0.04,-0.018843831845322977,0.021156168154677024,False
P4_baseline_then_example_forward__file_name__wfdb0,P_Amp_V1_iqr,0.0025,0.01464122107708177,0.012141221077081769,False
P4_baseline_then_example_forward__file_name__wfdb0,P_Amp_V1_count,12.0,12,0.0,True
P4_baseline_then_example_forward__file_name__wfdb0,P_Amp_V2,-0.04,0.023661766289533995,0.06366176628953399,False
P4_baseline_then_example_forward__file_name__wfdb0,P_Amp_V2_iqr,0.01,0.020344410429214733,0.010344410429214733,False
P4_baseline_then_example_forward__file_name__wfdb0,P_Amp_V2_count,12.0,12,0.0,True
P4_baseline_then_example_forward__file_name__wfdb0,P_Amp_V3,-0.04,0.019680859092140696,0.0596808590921407,False
P4_baseline_then_example_forward__file_name__wfdb0,P_Amp_V3_iqr,0.035,0.02214981888762503,0.012850181112374973,False
P4_baseline_then_example_forward__file_name__wfdb0,P_Amp_V3_count,12.0,12,0.0,True
P4_baseline_then_example_forward__file_name__wfdb0,P_Amp_V4,0.025,0.040135855500906405,0.015135855500906403,False
P4_baseline_then_example_forward__file_name__wfdb0,P_Amp_V4_iqr,0.0275,0.013197132047002437,0.014302867952997563,False
P4_baseline_then_example_forward__file_name__wfdb0,P_Amp_V4_count,12.0,12,0.0,True
P4_baseline_then_example_forward__file_name__wfdb0,P_Amp_V5,0.03,0.04130830269772358,0.01130830269772358,False
P4_baseline_then_example_forward__file_name__wfdb0,P_Amp_V5_iqr,0.0375,0.010336794956059055,0.027163205043940944,False
P4_baseline_then_example_forward__file_name__wfdb0,P_Amp_V5_count,12.0,12,0.0,True
P4_baseline_then_example_forward__file_name__wfdb0,P_Amp_V6,0.04,0.03505479992602164,0.004945200073978362,False
P4_baseline_then_example_forward__file_name__wfdb0,P_Amp_V6_iqr,0.05,0.0150154831544616,0.0349845168455384,False
P4_baseline_then_example_forward__file_name__wfdb0,P_Amp_V6_count,12.0,12,0.0,True
P4_baseline_then_example_forward__file_name__wfdb0,P_Amp_aVF,0.09,0.014350026777878985,0.07564997322212101,False
P4_baseline_then_example_forward__file_name__wfdb0,P_Amp_aVF_iqr,0.0325,0.03145904388583569,0.0010409561141643126,False
P4_baseline_then_example_forward__file_name__wfdb0,P_Amp_aVF_count,12.0,12,0.0,True
P4_baseline_then_example_forward__file_name__wfdb0,P_Amp_aVL,0.02,0.03367487202992174,0.01367487202992174,False
P4_baseline_then_example_forward__file_name__wfdb0,P_Amp_aVL_iqr,0.045,0.02077130817086115,0.024228691829138848,False
P4_baseline_then_example_forward__file_name__wfdb0,P_Amp_aVL_count,12.0,12,0.0,True
P4_baseline_then_example_forward__file_name__wfdb0,P_Amp_aVR,-0.095,-0.1004689076402163,0.005468907640216306,False
P4_baseline_then_example_forward__file_name__wfdb0,P_Amp_aVR_iqr,0.02,0.014004994379479982,0.0059950056205200185,False
P4_baseline_then_example_forward__file_name__wfdb0,P_Amp_aVR_count,12.0,12,0.0,True
P4_baseline_then_example_forward__file_name__wfdb0,Q_Amp_I,-0.14,-0.12630646214242428,0.013693537857575738,False
P4_baseline_then_example_forward__file_name__wfdb0,Q_Amp_I_iqr,0.0425,0.026569803023574395,0.015930196976425608,False
P4_baseline_then_example_forward__file_name__wfdb0,Q_Amp_I_count,12.0,12,0.0,True
P4_baseline_then_example_forward__file_name__wfdb0,Q_Amp_II,-0.14,-0.09017516959426222,0.04982483040573779,False
P4_baseline_then_example_forward__file_name__wfdb0,Q_Amp_II_iqr,0.0325,0.005581439264715993,0.02691856073528401,False
P4_baseline_then_example_forward__file_name__wfdb0,Q_Amp_II_count,12.0,12,0.0,True
P4_baseline_then_example_forward__file_name__wfdb0,Q_Amp_III,0.06,0.021312856330219516,0.03868714366978048,False
P4_baseline_then_example_forward__file_name__wfdb0,Q_Amp_III_iqr,0.035,0.008441747166814593,0.02655825283318541,False
P4_baseline_then_example_forward__file_name__wfdb0,Q_Amp_III_count,12.0,12,0.0,True
P4_baseline_then_example_forward__file_name__wfdb0,Q_Amp_V1,0.2,0.23872947300712127,0.03872947300712126,False
P4_baseline_then_example_forward__file_name__wfdb0,Q_Amp_V1_iqr,0.0399999999999999,0.029973753549082216,0.01002624645091768,False
P4_baseline_then_example_forward__file_name__wfdb0,Q_Amp_V1_count,12.0,12,0.0,True
P4_baseline_then_example_forward__file_name__wfdb0,Q_Amp_V2,-0.0849999999999999,-0.018966721158356483,0.06603327884164341,False
P4_baseline_then_example_forward__file_name__wfdb0,Q_Amp_V2_iqr,0.0224999999999999,0.01152850084499563,0.010971499155004269,False
P4_baseline_then_example_forward__file_name__wfdb0,Q_Amp_V2_count,12.0,12,0.0,True
P4_baseline_then_example_forward__file_name__wfdb0,Q_Amp_V3,-0.045,-0.014545192018028799,0.0304548079819712,False
P4_baseline_then_example_forward__file_name__wfdb0,Q_Amp_V3_iqr,0.0325,0.01037219119287076,0.02212780880712924,False
P4_baseline_then_example_forward__file_name__wfdb0,Q_Amp_V3_count,12.0,12,0.0,True
P4_baseline_then_example_forward__file_name__wfdb0,Q_Amp_V4,-0.1,-0.0914501947154831,0.008549805284516904,False
P4_baseline_then_example_forward__file_name__wfdb0,Q_Amp_V4_iqr,0.0125,0.012312033057089805,0.00018796694291019558,False
P4_baseline_then_example_forward__file_name__wfdb0,Q_Amp_V4_count,12.0,12,0.0,True
P4_baseline_then_example_forward__file_name__wfdb0,Q_Amp_V5,-0.17,-0.16941892841503414,0.0005810715849658699,False
P4_baseline_then_example_forward__file_name__wfdb0,Q_Amp_V5_iqr,0.0375,0.0077101741244652855,0.029789825875534713,False
P4_baseline_then_example_forward__file_name__wfdb0,Q_Amp_V5_count,12.0,12,0.0,True
P4_baseline_then_example_forward__file_name__wfdb0,Q_Amp_V6,-0.155,-0.16758431734349377,0.012584317343493773,False
P4_baseline_then_example_forward__file_name__wfdb0,Q_Amp_V6_iqr,0.0499999999999999,0.005840976146044341,0.04415902385395556,False
P4_baseline_then_example_forward__file_name__wfdb0,Q_Amp_V6_count,12.0,12,0.0,True
P4_baseline_then_example_forward__file_name__wfdb0,Q_Amp_aVF,-0.105,0.07391688811267824,0.17891688811267825,False
P4_baseline_then_example_forward__file_name__wfdb0,Q_Amp_aVF_iqr,0.0375,0.0350477920997357,0.0024522079002642985,False
P4_baseline_then_example_forward__file_name__wfdb0,Q_Amp_aVF_count,12.0,12,0.0,True
P4_baseline_then_example_forward__file_name__wfdb0,Q_Amp_aVL,-0.075,-0.07865564012929398,0.00365564012929398,False
P4_baseline_then_example_forward__file_name__wfdb0,Q_Amp_aVL_iqr,0.0424999999999999,0.015393826756247161,0.027106173243752738,False
P4_baseline_then_example_forward__file_name__wfdb0,Q_Amp_aVL_count,12.0,12,0.0,True
P4_baseline_then_example_forward__file_name__wfdb0,Q_Amp_aVR,0.145,0.13836878436425193,0.006631215635748061,False
P4_baseline_then_example_forward__file_name__wfdb0,Q_Amp_aVR_iqr,0.0325,0.008455133777788726,0.024044866222211275,False
P4_baseline_then_example_forward__file_name__wfdb0,Q_Amp_aVR_count,12.0,12,0.0,True
P4_baseline_then_example_forward__file_name__wfdb0,R_Amp_I,1.6,1.5419222401516763,0.05807775984832375,False
P4_baseline_then_example_forward__file_name__wfdb0,R_Amp_I_iqr,0.1224999999999998,0.10223337201031191,0.020266627989687896,False
P4_baseline_then_example_forward__file_name__wfdb0,R_Amp_I_count,12.0,12,0.0,True
P4_baseline_then_example_forward__file_name__wfdb0,R_Amp_II,0.975,0.9700578843888782,0.004942115611121789,False
P4_baseline_then_example_forward__file_name__wfdb0,R_Amp_II_iqr,0.045,0.03384744556064745,0.01115255443935255,False
P4_baseline_then_example_forward__file_name__wfdb0,R_Amp_II_count,12.0,12,0.0,True
P4_baseline_then_example_forward__file_name__wfdb0,R_Amp_III,-0.71,-0.6576898224062758,0.05231017759372414,False
P4_baseline_then_example_forward__file_name__wfdb0,R_Amp_III_iqr,0.14,0.09550905383603903,0.04449094616396099,False
P4_baseline_then_example_forward__file_name__wfdb0,R_Amp_III_count,12.0,12,0.0,True
P4_baseline_then_example_forward__file_name__wfdb0,R_Amp_V1,-0.955,-0.9040176580350765,0.05098234196492346,False
P4_baseline_then_example_forward__file_name__wfdb0,R_Amp_V1_iqr,0.1149999999999999,0.14618018586707482,0.031180185867074925,False
P4_baseline_then_example_forward__file_name__wfdb0,R_Amp_V1_count,12.0,12,0.0,True
P4_baseline_then_example_forward__file_name__wfdb0,R_Amp_V2,0.885,1.041590195891352,0.15659019589135204,False
P4_baseline_then_example_forward__file_name__wfdb0,R_Amp_V2_iqr,0.075,0.0451754731869769,0.029824526813023097,False
P4_baseline_then_example_forward__file_name__wfdb0,R_Amp_V2_count,12.0,12,0.0,True
P4_baseline_then_example_forward__file_name__wfdb0,R_Amp_V3,1.68,1.7042334964197412,0.024233496419741263,False
P4_baseline_then_example_forward__file_name__wfdb0,R_Amp_V3_iqr,0.0949999999999999,0.09231120997255426,0.0026887900274456394,False
P4_baseline_then_example_forward__file_name__wfdb0,R_Amp_V3_count,12.0,12,0.0,True
P4_baseline_then_example_forward__file_name__wfdb0,R_Amp_V4,1.835,1.804149720416226,0.030850279583773954,False
P4_baseline_then_example_forward__file_name__wfdb0,R_Amp_V4_iqr,0.1624999999999998,0.12315521513378136,0.03934478486621845,False
P4_baseline_then_example_forward__file_name__wfdb0,R_Amp_V4_count,12.0,12,0.0,True
P4_baseline_then_example_forward__file_name__wfdb0,R_Amp_V5,1.6,1.5046297100754735,0.09537028992452656,False
P4_baseline_then_example_forward__file_name__wfdb0,R_Amp_V5_iqr,0.0749999999999997,0.09309885057336009,0.018098850573360387,False
P4_baseline_then_example_forward__file_name__wfdb0,R_Amp_V5_count,12.0,12,0.0,True
P4_baseline_then_example_forward__file_name__wfdb0,R_Amp_V6,1.17,1.0750330070788585,0.09496699292114141,False
P4_baseline_then_example_forward__file_name__wfdb0,R_Amp_V6_iqr,0.0524999999999999,0.040122591664463636,0.012377408335536265,False
P4_baseline_then_example_forward__file_name__wfdb0,R_Amp_V6_count,12.0,12,0.0,True
P4_baseline_then_example_forward__file_name__wfdb0,R_Amp_aVF,0.255,0.6496465201231093,0.3946465201231093,False
P4_baseline_then_example_forward__file_name__wfdb0,R_Amp_aVF_iqr,0.09,0.14493487105790204,0.05493487105790204,False
P4_baseline_then_example_forward__file_name__wfdb0,R_Amp_aVF_count,12.0,12,0.0,True
P4_baseline_then_example_forward__file_name__wfdb0,R_Amp_aVL,1.15,0.1481345998715481,1.0018654001284517,False
P4_baseline_then_example_forward__file_name__wfdb0,R_Amp_aVL_iqr,0.1549999999999998,0.07177128465240563,0.08322871534759417,False
P4_baseline_then_example_forward__file_name__wfdb0,R_Amp_aVL_count,12.0,12,0.0,True
P4_baseline_then_example_forward__file_name__wfdb0,R_Amp_aVR,-1.3,-1.2056144336518149,0.09438556634818518,False
P4_baseline_then_example_forward__file_name__wfdb0,R_Amp_aVR_iqr,0.09,0.02173400085404187,0.06826599914595813,False
P4_baseline_then_example_forward__file_name__wfdb0,R_Amp_aVR_count,12.0,12,0.0,True
P4_baseline_then_example_forward__file_name__wfdb0,S_Amp_I,-0.12,-0.09544101686814307,0.02455898313185692,False
P4_baseline_then_example_forward__file_name__wfdb0,S_Amp_I_iqr,0.0525,0.02642773797464218,0.02607226202535782,False
P4_baseline_then_example_forward__file_name__wfdb0,S_Amp_I_count,12.0,12,0.0,True
P4_baseline_then_example_forward__file_name__wfdb0,S_Amp_II,-0.0849999999999999,-0.007419677087457594,0.0775803229125423,False
P4_baseline_then_example_forward__file_name__wfdb0,S_Amp_II_iqr,0.0375,0.0068885072659010714,0.030611492734098928,False
P4_baseline_then_example_forward__file_name__wfdb0,S_Amp_II_count,12.0,12,0.0,True
P4_baseline_then_example_forward__file_name__wfdb0,S_Amp_III,-0.02,-0.024583555030023393,0.004583555030023393,False
P4_baseline_then_example_forward__file_name__wfdb0,S_Amp_III_iqr,0.09,0.07752341225550805,0.012476587744491952,False
P4_baseline_then_example_forward__file_name__wfdb0,S_Amp_III_count,12.0,12,0.0,True
P4_baseline_then_example_forward__file_name__wfdb0,S_Amp_V1,0.02,0.03337728656701376,0.013377286567013761,False
P4_baseline_then_example_forward__file_name__wfdb0,S_Amp_V1_iqr,0.025,0.011168349051289769,0.013831650948710233,False
P4_baseline_then_example_forward__file_name__wfdb0,S_Amp_V1_count,12.0,12,0.0,True
P4_baseline_then_example_forward__file_name__wfdb0,S_Amp_V2,-0.735,-0.6318606283641939,0.10313937163580611,False
P4_baseline_then_example_forward__file_name__wfdb0,S_Amp_V2_iqr,0.05,0.04137881134015853,0.008621188659841475,False
P4_baseline_then_example_forward__file_name__wfdb0,S_Amp_V2_count,12.0,12,0.0,True
P4_baseline_then_example_forward__file_name__wfdb0,S_Amp_V3,-0.325,-0.34576459488076483,0.02076459488076482,False
P4_baseline_then_example_forward__file_name__wfdb0,S_Amp_V3_iqr,0.0575,0.018751235212399686,0.038748764787600316,False
P4_baseline_then_example_forward__file_name__wfdb0,S_Amp_V3_count,12.0,12,0.0,True
P4_baseline_then_example_forward__file_name__wfdb0,S_Amp_V4,-0.13,-0.1445393139983698,0.014539313998369802,False
P4_baseline_then_example_forward__file_name__wfdb0,S_Amp_V4_iqr,0.03,0.018119008928581343,0.011880991071418656,False
P4_baseline_then_example_forward__file_name__wfdb0,S_Amp_V4_count,12.0,12,0.0,True
P4_baseline_then_example_forward__file_name__wfdb0,S_Amp_V5,-0.065,-0.04383936308471209,0.02116063691528791,False
P4_baseline_then_example_forward__file_name__wfdb0,S_Amp_V5_iqr,0.04,0.006421850820909437,0.03357814917909056,False
P4_baseline_then_example_forward__file_name__wfdb0,S_Amp_V5_count,12.0,12,0.0,True
P4_baseline_then_example_forward__file_name__wfdb0,S_Amp_V6,-0.09,-0.05747617924817995,0.032523820751820046,False
P4_baseline_then_example_forward__file_name__wfdb0,S_Amp_V6_iqr,0.0625,0.02656860973868746,0.03593139026131254,False
P4_baseline_then_example_forward__file_name__wfdb0,S_Amp_V6_count,12.0,12,0.0,True
P4_baseline_then_example_forward__file_name__wfdb0,S_Amp_aVF,-0.065,0.041532489637058405,0.10653248963705841,False
P4_baseline_then_example_forward__file_name__wfdb0,S_Amp_aVF_iqr,0.0275,0.021139894592453835,0.006360105407546165,False
P4_baseline_then_example_forward__file_name__wfdb0,S_Amp_aVF_count,12.0,12,0.0,True
P4_baseline_then_example_forward__file_name__wfdb0,S_Amp_aVL,-0.07,-0.03185222085541341,0.0381477791445866,False
P4_baseline_then_example_forward__file_name__wfdb0,S_Amp_aVL_iqr,0.0699999999999999,0.027110910685493213,0.04288908931450668,False
P4_baseline_then_example_forward__file_name__wfdb0,S_Amp_aVL_count,12.0,12,0.0,True
P4_baseline_then_example_forward__file_name__wfdb0,S_Amp_aVR,0.07,0.0543029815828937,0.015697018417106308,False
P4_baseline_then_example_forward__file_name__wfdb0,S_Amp_aVR_iqr,0.035,0.04910964477772933,0.01410964477772933,False
P4_baseline_then_example_forward__file_name__wfdb0,S_Amp_aVR_count,12.0,12,0.0,True
P4_baseline_then_example_forward__file_name__wfdb0,T_Amp_I,0.065,0.12331064185621762,0.05831064185621762,False
P4_baseline_then_example_forward__file_name__wfdb0,T_Amp_I_iqr,0.03,0.01244531600075062,0.01755468399924938,False
P4_baseline_then_example_forward__file_name__wfdb0,T_Amp_I_count,12.0,12,0.0,True
P4_baseline_then_example_forward__file_name__wfdb0,T_Amp_II,-0.1,-0.00040501596499853767,0.09959498403500147,False
P4_baseline_then_example_forward__file_name__wfdb0,T_Amp_II_iqr,0.025,0.01305347509854336,0.011946524901456642,False
P4_baseline_then_example_forward__file_name__wfdb0,T_Amp_II_count,12.0,12,0.0,True
P4_baseline_then_example_forward__file_name__wfdb0,T_Amp_III,-0.15,-0.17058457463110233,0.02058457463110233,False
P4_baseline_then_example_forward__file_name__wfdb0,T_Amp_III_iqr,0.055,0.0161719429167492,0.0388280570832508,False
P4_baseline_then_example_forward__file_name__wfdb0,T_Amp_III_count,12.0,12,0.0,True
P4_baseline_then_example_forward__file_name__wfdb0,T_Amp_V1,0.11,0.09350536951781033,0.016494630482189673,False
P4_baseline_then_example_forward__file_name__wfdb0,T_Amp_V1_iqr,0.0249999999999999,0.01460281869527466,0.01039718130472524,False
P4_baseline_then_example_forward__file_name__wfdb0,T_Amp_V1_count,12.0,12,0.0,True
P4_baseline_then_example_forward__file_name__wfdb0,T_Amp_V2,0.29,0.31899920226118483,0.028999202261184853,False
P4_baseline_then_example_forward__file_name__wfdb0,T_Amp_V2_iqr,0.0399999999999999,0.023598443250115897,0.016401556749884,False
P4_baseline_then_example_forward__file_name__wfdb0,T_Amp_V2_count,12.0,12,0.0,True
P4_baseline_then_example_forward__file_name__wfdb0,T_Amp_V3,0.17,0.21938437633196145,0.04938437633196144,False
P4_baseline_then_example_forward__file_name__wfdb0,T_Amp_V3_iqr,0.0375,0.009609724679869258,0.02789027532013074,False
P4_baseline_then_example_forward__file_name__wfdb0,T_Amp_V3_count,12.0,12,0.0,True
P4_baseline_then_example_forward__file_name__wfdb0,T_Amp_V4,0.055,0.0985335320637706,0.04353353206377061,False
P4_baseline_then_example_forward__file_name__wfdb0,T_Amp_V4_iqr,0.035,0.011763900931816049,0.023236099068183955,False
P4_baseline_then_example_forward__file_name__wfdb0,T_Amp_V4_count,12.0,12,0.0,True
P4_baseline_then_example_forward__file_name__wfdb0,T_Amp_V5,-0.115,-0.06052965923602044,0.054470340763979566,False
P4_baseline_then_example_forward__file_name__wfdb0,T_Amp_V5_iqr,0.0475,0.009878402226019461,0.03762159777398054,False
P4_baseline_then_example_forward__file_name__wfdb0,T_Amp_V5_count,12.0,12,0.0,True
P4_baseline_then_example_forward__file_name__wfdb0,T_Amp_V6,-0.11,-0.07175699103483578,0.03824300896516422,False
P4_baseline_then_example_forward__file_name__wfdb0,T_Amp_V6_iqr,0.0575,0.014079587355959253,0.04342041264404075,False
P4_baseline_then_example_forward__file_name__wfdb0,T_Amp_V6_count,12.0,12,0.0,True
P4_baseline_then_example_forward__file_name__wfdb0,T_Amp_aVF,-0.1149999999999999,0.1344919217298095,0.24949192172980938,False
P4_baseline_then_example_forward__file_name__wfdb0,T_Amp_aVF_iqr,0.0425,0.014298510449072932,0.02820148955092707,False
P4_baseline_then_example_forward__file_name__wfdb0,T_Amp_aVF_count,12.0,12,0.0,True
P4_baseline_then_example_forward__file_name__wfdb0,T_Amp_aVL,0.1,-0.10701963867940903,0.20701963867940903,False
P4_baseline_then_example_forward__file_name__wfdb0,T_Amp_aVL_iqr,0.0424999999999999,0.01928762682481107,0.02321237317518883,False
P4_baseline_then_example_forward__file_name__wfdb0,T_Amp_aVL_count,12.0,12,0.0,True
P4_baseline_then_example_forward__file_name__wfdb0,T_Amp_aVR,-0.015,-0.057720999950664986,0.04272099995066499,False
P4_baseline_then_example_forward__file_name__wfdb0,T_Amp_aVR_iqr,0.0225,0.008621878912024275,0.013878121087975724,False
P4_baseline_then_example_forward__file_name__wfdb0,T_Amp_aVR_count,12.0,12,0.0,True
P4_baseline_then_example_forward__file_name__matlab1,P_Amp_I,0.075,0.10378756488291675,0.028787564882916755,False
P4_baseline_then_example_forward__file_name__matlab1,P_Amp_I_iqr,0.0325,0.011649025717622066,0.020850974282377935,False
P4_baseline_then_example_forward__file_name__matlab1,P_Amp_I_count,12.0,12,0.0,True
P4_baseline_then_example_forward__file_name__matlab1,P_Amp_II,0.125,0.1760781907813942,0.051078190781394195,False
P4_baseline_then_example_forward__file_name__matlab1,P_Amp_II_iqr,0.0325,0.012308271107116964,0.020191728892883037,False
P4_baseline_then_example_forward__file_name__matlab1,P_Amp_II_count,12.0,12,0.0,True
P4_baseline_then_example_forward__file_name__matlab1,P_Amp_III,0.075,0.03573258653923002,0.03926741346076998,False
P4_baseline_then_example_forward__file_name__matlab1,P_Amp_III_iqr,0.0249999999999999,0.034961206087711263,0.009961206087711363,False
P4_baseline_then_example_forward__file_name__matlab1,P_Amp_III_count,12.0,12,0.0,True
P4_baseline_then_example_forward__file_name__matlab1,P_Amp_V1,-0.04,-0.02027623761399303,0.019723762386006972,False
P4_baseline_then_example_forward__file_name__matlab1,P_Amp_V1_iqr,0.0025,0.014799146371769786,0.012299146371769785,False
P4_baseline_then_example_forward__file_name__matlab1,P_Amp_V1_count,12.0,12,0.0,True
P4_baseline_then_example_forward__file_name__matlab1,P_Amp_V2,-0.04,0.02264891677278794,0.06264891677278794,False
P4_baseline_then_example_forward__file_name__matlab1,P_Amp_V2_iqr,0.01,0.020302966842785552,0.010302966842785552,False
P4_baseline_then_example_forward__file_name__matlab1,P_Amp_V2_count,12.0,12,0.0,True
P4_baseline_then_example_forward__file_name__matlab1,P_Amp_V3,-0.04,0.019820714706877594,0.059820714706877595,False
P4_baseline_then_example_forward__file_name__matlab1,P_Amp_V3_iqr,0.035,0.02156255432212884,0.013437445677871165,False
P4_baseline_then_example_forward__file_name__matlab1,P_Amp_V3_count,12.0,12,0.0,True
P4_baseline_then_example_forward__file_name__matlab1,P_Amp_V4,0.025,0.04040005857965711,0.015400058579657108,False
P4_baseline_then_example_forward__file_name__matlab1,P_Amp_V4_iqr,0.0275,0.015706271005964743,0.011793728994035257,False
P4_baseline_then_example_forward__file_name__matlab1,P_Amp_V4_count,12.0,12,0.0,True
P4_baseline_then_example_forward__file_name__matlab1,P_Amp_V5,0.03,0.041662318569649276,0.011662318569649277,False
P4_baseline_then_example_forward__file_name__matlab1,P_Amp_V5_iqr,0.0375,0.010592188678760654,0.026907811321239344,False
P4_baseline_then_example_forward__file_name__matlab1,P_Amp_V5_count,12.0,12,0.0,True
P4_baseline_then_example_forward__file_name__matlab1,P_Amp_V6,0.04,0.03686483041194687,0.003135169588053134,False
P4_baseline_then_example_forward__file_name__matlab1,P_Amp_V6_iqr,0.05,0.0137581886592445,0.036241811340755506,False
P4_baseline_then_example_forward__file_name__matlab1,P_Amp_V6_count,12.0,12,0.0,True
P4_baseline_then_example_forward__file_name__matlab1,P_Amp_aVF,0.09,0.006592151754888134,0.08340784824511187,False
P4_baseline_then_example_forward__file_name__matlab1,P_Amp_aVF_iqr,0.0325,0.032563788858069806,6.378885806980483e-05,False
P4_baseline_then_example_forward__file_name__matlab1,P_Amp_aVF_count,12.0,12,0.0,True
P4_baseline_then_example_forward__file_name__matlab1,P_Amp_aVL,0.02,0.03719479625506204,0.017194796255062043,False
P4_baseline_then_example_forward__file_name__matlab1,P_Amp_aVL_iqr,0.045,0.01983030008635049,0.025169699913649507,False
P4_baseline_then_example_forward__file_name__matlab1,P_Amp_aVL_count,12.0,12,0.0,True
P4_baseline_then_example_forward__file_name__matlab1,P_Amp_aVR,-0.095,-0.10176360906708068,0.006763609067080678,False
P4_baseline_then_example_forward__file_name__matlab1,P_Amp_aVR_iqr,0.02,0.01505961245295627,0.004940387547043731,False
P4_baseline_then_example_forward__file_name__matlab1,P_Amp_aVR_count,12.0,12,0.0,True
P4_baseline_then_example_forward__file_name__matlab1,Q_Amp_I,-0.14,-0.12374711257732808,0.016252887422671933,False
P4_baseline_then_example_forward__file_name__matlab1,Q_Amp_I_iqr,0.0425,0.02787794898004993,0.014622051019950073,False
P4_baseline_then_example_forward__file_name__matlab1,Q_Amp_I_count,12.0,12,0.0,True
P4_baseline_then_example_forward__file_name__matlab1,Q_Amp_II,-0.14,-0.08864300961710599,0.05135699038289403,False
P4_baseline_then_example_forward__file_name__matlab1,Q_Amp_II_iqr,0.0325,0.009998828231255433,0.02250117176874457,False
P4_baseline_then_example_forward__file_name__matlab1,Q_Amp_II_count,12.0,12,0.0,True
P4_baseline_then_example_forward__file_name__matlab1,Q_Amp_III,0.06,0.023152547912507773,0.036847452087492225,False
P4_baseline_then_example_forward__file_name__matlab1,Q_Amp_III_iqr,0.035,0.00726679969102996,0.027733200308970044,False
P4_baseline_then_example_forward__file_name__matlab1,Q_Amp_III_count,12.0,12,0.0,True
P4_baseline_then_example_forward__file_name__matlab1,Q_Amp_V1,0.2,0.24078199867572148,0.040781998675721465,False
P4_baseline_then_example_forward__file_name__matlab1,Q_Amp_V1_iqr,0.0399999999999999,0.033281947548992274,0.006718052451007622,False
P4_baseline_then_example_forward__file_name__matlab1,Q_Amp_V1_count,12.0,12,0.0,True
P4_baseline_then_example_forward__file_name__matlab1,Q_Amp_V2,-0.0849999999999999,-0.01852033720566613,0.06647966279433376,False
P4_baseline_then_example_forward__file_name__matlab1,Q_Amp_V2_iqr,0.0224999999999999,0.009708576338447602,0.012791423661552297,False
P4_baseline_then_example_forward__file_name__matlab1,Q_Amp_V2_count,12.0,12,0.0,True
P4_baseline_then_example_forward__file_name__matlab1,Q_Amp_V3,-0.045,-0.017674425035056097,0.0273255749649439,False
P4_baseline_then_example_forward__file_name__matlab1,Q_Amp_V3_iqr,0.0325,0.012758855474986262,0.01974114452501374,False
P4_baseline_then_example_forward__file_name__matlab1,Q_Amp_V3_count,12.0,12,0.0,True
P4_baseline_then_example_forward__file_name__matlab1,Q_Amp_V4,-0.1,-0.09045895728751527,0.009541042712484737,False
P4_baseline_then_example_forward__file_name__matlab1,Q_Amp_V4_iqr,0.0125,0.01172049734110664,0.0007795026588933614,False
P4_baseline_then_example_forward__file_name__matlab1,Q_Amp_V4_count,12.0,12,0.0,True
P4_baseline_then_example_forward__file_name__matlab1,Q_Amp_V5,-0.17,-0.16501206257581433,0.004987937424185684,False
P4_baseline_then_example_forward__file_name__matlab1,Q_Amp_V5_iqr,0.0375,0.003736672987579237,0.03376332701242076,False
P4_baseline_then_example_forward__file_name__matlab1,Q_Amp_V5_count,12.0,12,0.0,True
P4_baseline_then_example_forward__file_name__matlab1,Q_Amp_V6,-0.155,-0.1639950900416718,0.008995090041671788,False
P4_baseline_then_example_forward__file_name__matlab1,Q_Amp_V6_iqr,0.0499999999999999,0.008528599907767748,0.04147140009223215,False
P4_baseline_then_example_forward__file_name__matlab1,Q_Amp_V6_count,12.0,12,0.0,True
P4_baseline_then_example_forward__file_name__matlab1,Q_Amp_aVF,-0.105,0.023733232094121454,0.12873323209412146,False
P4_baseline_then_example_forward__file_name__matlab1,Q_Amp_aVF_iqr,0.0375,0.03570900838146465,0.0017909916185353467,False
P4_baseline_then_example_forward__file_name__matlab1,Q_Amp_aVF_count,12.0,12,0.0,True
P4_baseline_then_example_forward__file_name__matlab1,Q_Amp_aVL,-0.075,-0.06446478566983899,0.01053521433016101,False
P4_baseline_then_example_forward__file_name__matlab1,Q_Amp_aVL_iqr,0.0424999999999999,0.010648510912217406,0.03185148908778249,False
P4_baseline_then_example_forward__file_name__matlab1,Q_Amp_aVL_count,12.0,12,0.0,True
P4_baseline_then_example_forward__file_name__matlab1,Q_Amp_aVR,0.145,0.13608904876235284,0.008910951237647152,False
P4_baseline_then_example_forward__file_name__matlab1,Q_Amp_aVR_iqr,0.0325,0.00953433438871712,0.02296566561128288,False
P4_baseline_then_example_forward__file_name__matlab1,Q_Amp_aVR_count,12.0,12,0.0,True
P4_baseline_then_example_forward__file_name__matlab1,R_Amp_I,1.6,1.5540428865026539,0.045957113497346214,False
P4_baseline_then_example_forward__file_name__matlab1,R_Amp_I_iqr,0.1224999999999998,0.10506170162382711,0.017438298376172695,False
P4_baseline_then_example_forward__file_name__matlab1,R_Amp_I_count,12.0,12,0.0,True
P4_baseline_then_example_forward__file_name__matlab1,R_Amp_II,0.975,0.9856004979745963,0.010600497974596279,False
P4_baseline_then_example_forward__file_name__matlab1,R_Amp_II_iqr,0.045,0.03384345506459607,0.011156544935403925,False
P4_baseline_then_example_forward__file_name__matlab1,R_Amp_II_count,12.0,12,0.0,True
P4_baseline_then_example_forward__file_name__matlab1,R_Amp_III,-0.71,-0.667859908858418,0.042140091141582015,False
P4_baseline_then_example_forward__file_name__matlab1,R_Amp_III_iqr,0.14,0.12424089141600436,0.01575910858399565,False
P4_baseline_then_example_forward__file_name__matlab1,R_Amp_III_count,12.0,12,0.0,True
P4_baseline_then_example_forward__file_name__matlab1,R_Amp_V1,-0.955,-0.9146676174888386,0.040332382511161335,False
P4_baseline_then_example_forward__file_name__matlab1,R_Amp_V1_iqr,0.1149999999999999,0.1532239020940197,0.03822390209401981,False
P4_baseline_then_example_forward__file_name__matlab1,R_Amp_V1_count,12.0,12,0.0,True
P4_baseline_then_example_forward__file_name__matlab1,R_Amp_V2,0.885,1.0217818890152763,0.13678188901527633,False
P4_baseline_then_example_forward__file_name__matlab1,R_Amp_V2_iqr,0.075,0.05308404291339275,0.02191595708660725,False
P4_baseline_then_example_forward__file_name__matlab1,R_Amp_V2_count,12.0,12,0.0,True
P4_baseline_then_example_forward__file_name__matlab1,R_Amp_V3,1.68,1.7096246636944499,0.029624663694449938,False
P4_baseline_then_example_forward__file_name__matlab1,R_Amp_V3_iqr,0.0949999999999999,0.0821405130586057,0.012859486941394202,False
P4_baseline_then_example_forward__file_name__matlab1,R_Amp_V3_count,12.0,12,0.0,True
P4_baseline_then_example_forward__file_name__matlab1,R_Amp_V4,1.835,1.8084583877349252,0.026541612265074788,False
P4_baseline_then_example_forward__file_name__matlab1,R_Amp_V4_iqr,0.1624999999999998,0.12248902674922513,0.040010973250774684,False
P4_baseline_then_example_forward__file_name__matlab1,R_Amp_V4_count,12.0,12,0.0,True
P4_baseline_then_example_forward__file_name__matlab1,R_Amp_V5,1.6,1.5325527224980722,0.06744727750192792,False
P4_baseline_then_example_forward__file_name__matlab1,R_Amp_V5_iqr,0.0749999999999997,0.0843304599000434,0.009330459900043692,False
P4_baseline_then_example_forward__file_name__matlab1,R_Amp_V5_count,12.0,12,0.0,True
P4_baseline_then_example_forward__file_name__matlab1,R_Amp_V6,1.17,1.0923833880115394,0.07761661198846048,False
P4_baseline_then_example_forward__file_name__matlab1,R_Amp_V6_iqr,0.0524999999999999,0.052319211987554404,0.0001807880124454972,False
P4_baseline_then_example_forward__file_name__matlab1,R_Amp_V6_count,12.0,12,0.0,True
P4_baseline_then_example_forward__file_name__matlab1,R_Amp_aVF,0.255,0.7954726438508379,0.5404726438508379,False
P4_baseline_then_example_forward__file_name__matlab1,R_Amp_aVF_iqr,0.09,0.147346770515685,0.057346770515685014,False
P4_baseline_then_example_forward__file_name__matlab1,R_Amp_aVF_count,12.0,12,0.0,True
P4_baseline_then_example_forward__file_name__matlab1,R_Amp_aVL,1.15,0.1190102361486134,1.0309897638513865,False
P4_baseline_then_example_forward__file_name__matlab1,R_Amp_aVL_iqr,0.1549999999999998,0.05487787272207227,0.10012212727792753,False
P4_baseline_then_example_forward__file_name__matlab1,R_Amp_aVL_count,12.0,12,0.0,True
P4_baseline_then_example_forward__file_name__matlab1,R_Amp_aVR,-1.3,-1.2281560722686407,0.07184392773135939,False
P4_baseline_then_example_forward__file_name__matlab1,R_Amp_aVR_iqr,0.09,0.03408957743245633,0.055910422567543666,False
P4_baseline_then_example_forward__file_name__matlab1,R_Amp_aVR_count,12.0,12,0.0,True
P4_baseline_then_example_forward__file_name__matlab1,S_Amp_I,-0.12,-0.09710409650200681,0.022895903497993184,False
P4_baseline_then_example_forward__file_name__matlab1,S_Amp_I_iqr,0.0525,0.02749143824469691,0.02500856175530309,False
P4_baseline_then_example_forward__file_name__matlab1,S_Amp_I_count,12.0,12,0.0,True
P4_baseline_then_example_forward__file_name__matlab1,S_Amp_II,-0.0849999999999999,-0.007417461428586911,0.07758253857141298,False
P4_baseline_then_example_forward__file_name__matlab1,S_Amp_II_iqr,0.0375,0.007139176808187644,0.030360823191812353,False
P4_baseline_then_example_forward__file_name__matlab1,S_Amp_II_count,12.0,12,0.0,True
P4_baseline_then_example_forward__file_name__matlab1,S_Amp_III,-0.02,0.001292666785027219,0.02129266678502722,False
P4_baseline_then_example_forward__file_name__matlab1,S_Amp_III_iqr,0.09,0.053244941350483466,0.03675505864951653,False
P4_baseline_then_example_forward__file_name__matlab1,S_Amp_III_count,12.0,12,0.0,True
P4_baseline_then_example_forward__file_name__matlab1,S_Amp_V1,0.02,0.03196002768145139,0.01196002768145139,False
P4_baseline_then_example_forward__file_name__matlab1,S_Amp_V1_iqr,0.025,0.011421348816395498,0.013578651183604504,False
P4_baseline_then_example_forward__file_name__matlab1,S_Amp_V1_count,12.0,12,0.0,True
P4_baseline_then_example_forward__file_name__matlab1,S_Amp_V2,-0.735,-0.7253322440572324,0.009667755942767586,False
P4_baseline_then_example_forward__file_name__matlab1,S_Amp_V2_iqr,0.05,0.027638085385643385,0.022361914614356618,False
P4_baseline_then_example_forward__file_name__matlab1,S_Amp_V2_count,12.0,12,0.0,True
P4_baseline_then_example_forward__file_name__matlab1,S_Amp_V3,-0.325,-0.41675791699853365,0.09175791699853364,False
P4_baseline_then_example_forward__file_name__matlab1,S_Amp_V3_iqr,0.0575,0.016498597508964596,0.041001402491035406,False
P4_baseline_then_example_forward__file_name__matlab1,S_Amp_V3_count,12.0,12,0.0,True
P4_baseline_then_example_forward__file_name__matlab1,S_Amp_V4,-0.13,-0.18340334343595172,0.05340334343595171,False
P4_baseline_then_example_forward__file_name__matlab1,S_Amp_V4_iqr,0.03,0.018750484690767122,0.011249515309232877,False
P4_baseline_then_example_forward__file_name__matlab1,S_Amp_V4_count,12.0,12,0.0,True
P4_baseline_then_example_forward__file_name__matlab1,S_Amp_V5,-0.065,-0.038457443389911625,0.026542556610088378,False
P4_baseline_then_example_forward__file_name__matlab1,S_Amp_V5_iqr,0.04,0.0073135793326652085,0.03268642066733479,False
P4_baseline_then_example_forward__file_name__matlab1,S_Amp_V5_count,12.0,12,0.0,True
P4_baseline_then_example_forward__file_name__matlab1,S_Amp_V6,-0.09,-0.053372213394559734,0.03662778660544026,False
P4_baseline_then_example_forward__file_name__matlab1,S_Amp_V6_iqr,0.0625,0.026058089448654627,0.03644191055134537,False
P4_baseline_then_example_forward__file_name__matlab1,S_Amp_V6_count,12.0,12,0.0,True
P4_baseline_then_example_forward__file_name__matlab1,S_Amp_aVF,-0.065,0.055289965059390475,0.12028996505939048,False
P4_baseline_then_example_forward__file_name__matlab1,S_Amp_aVF_iqr,0.0275,0.022796396676553955,0.004703603323446045,False
P4_baseline_then_example_forward__file_name__matlab1,S_Amp_aVF_count,12.0,12,0.0,True
P4_baseline_then_example_forward__file_name__matlab1,S_Amp_aVL,-0.07,-0.03161233333894331,0.038387666661056696,False
P4_baseline_then_example_forward__file_name__matlab1,S_Amp_aVL_iqr,0.0699999999999999,0.028785058340671955,0.041214941659327944,False
P4_baseline_then_example_forward__file_name__matlab1,S_Amp_aVL_count,12.0,12,0.0,True
P4_baseline_then_example_forward__file_name__matlab1,S_Amp_aVR,0.07,0.0473048762460761,0.022695123753923907,False
P4_baseline_then_example_forward__file_name__matlab1,S_Amp_aVR_iqr,0.035,0.05563498528813837,0.02063498528813837,False
P4_baseline_then_example_forward__file_name__matlab1,S_Amp_aVR_count,12.0,12,0.0,True
P4_baseline_then_example_forward__file_name__matlab1,T_Amp_I,0.065,0.12251301943770582,0.057513019437705815,False
P4_baseline_then_example_forward__file_name__matlab1,T_Amp_I_iqr,0.03,0.012446577572489972,0.017553422427510026,False
P4_baseline_then_example_forward__file_name__matlab1,T_Amp_I_count,12.0,12,0.0,True
P4_baseline_then_example_forward__file_name__matlab1,T_Amp_II,-0.1,-0.0017357952186164388,0.09826420478138356,False
P4_baseline_then_example_forward__file_name__matlab1,T_Amp_II_iqr,0.025,0.012356130506533105,0.012643869493466896,False
P4_baseline_then_example_forward__file_name__matlab1,T_Amp_II_count,12.0,12,0.0,True
P4_baseline_then_example_forward__file_name__matlab1,T_Amp_III,-0.15,-0.17162570250341813,0.021625702503418137,False
P4_baseline_then_example_forward__file_name__matlab1,T_Amp_III_iqr,0.055,0.014405949112369254,0.040594050887630746,False
P4_baseline_then_example_forward__file_name__matlab1,T_Amp_III_count,12.0,12,0.0,True
P4_baseline_then_example_forward__file_name__matlab1,T_Amp_V1,0.11,0.0952048640519885,0.014795135948011504,False
P4_baseline_then_example_forward__file_name__matlab1,T_Amp_V1_iqr,0.0249999999999999,0.01399582864832169,0.011004171351678211,False
P4_baseline_then_example_forward__file_name__matlab1,T_Amp_V1_count,12.0,12,0.0,True
P4_baseline_then_example_forward__file_name__matlab1,T_Amp_V2,0.29,0.3206943883814678,0.03069438838146782,False
P4_baseline_then_example_forward__file_name__matlab1,T_Amp_V2_iqr,0.0399999999999999,0.024313753139890537,0.01568624686010936,False
P4_baseline_then_example_forward__file_name__matlab1,T_Amp_V2_count,12.0,12,0.0,True
P4_baseline_then_example_forward__file_name__matlab1,T_Amp_V3,0.17,0.22061725238244256,0.05061725238244255,False
P4_baseline_then_example_forward__file_name__matlab1,T_Amp_V3_iqr,0.0375,0.01037931009755072,0.02712068990244928,False
P4_baseline_then_example_forward__file_name__matlab1,T_Amp_V3_count,12.0,12,0.0,True
P4_baseline_then_example_forward__file_name__matlab1,T_Amp_V4,0.055,0.09963890582403859,0.04463890582403859,False
P4_baseline_then_example_forward__file_name__matlab1,T_Amp_V4_iqr,0.035,0.011916802189539472,0.023083197810460532,False
P4_baseline_then_example_forward__file_name__matlab1,T_Amp_V4_count,12.0,12,0.0,True
P4_baseline_then_example_forward__file_name__matlab1,T_Amp_V5,-0.115,-0.06093555607172002,0.054064443928279984,False
P4_baseline_then_example_forward__file_name__matlab1,T_Amp_V5_iqr,0.0475,0.009317997108410171,0.03818200289158983,False
P4_baseline_then_example_forward__file_name__matlab1,T_Amp_V5_count,12.0,12,0.0,True
P4_baseline_then_example_forward__file_name__matlab1,T_Amp_V6,-0.11,-0.07307187516456112,0.03692812483543888,False
P4_baseline_then_example_forward__file_name__matlab1,T_Amp_V6_iqr,0.0575,0.014906082752876276,0.042593917247123726,False
P4_baseline_then_example_forward__file_name__matlab1,T_Amp_V6_count,12.0,12,0.0,True
P4_baseline_then_example_forward__file_name__matlab1,T_Amp_aVF,-0.1149999999999999,0.1345665814336213,0.2495665814336212,False
P4_baseline_then_example_forward__file_name__matlab1,T_Amp_aVF_iqr,0.0425,0.0139693634601252,0.028530636539874803,False
P4_baseline_then_example_forward__file_name__matlab1,T_Amp_aVF_count,12.0,12,0.0,True
P4_baseline_then_example_forward__file_name__matlab1,T_Amp_aVL,0.1,-0.11068332953733359,0.2106833295373336,False
P4_baseline_then_example_forward__file_name__matlab1,T_Amp_aVL_iqr,0.0424999999999999,0.01564345767136724,0.02685654232863266,False
P4_baseline_then_example_forward__file_name__matlab1,T_Amp_aVL_count,12.0,12,0.0,True
P4_baseline_then_example_forward__file_name__matlab1,T_Amp_aVR,-0.015,-0.05668078791309142,0.04168078791309142,False
P4_baseline_then_example_forward__file_name__matlab1,T_Amp_aVR_iqr,0.0225,0.01016639649196966,0.012333603508030339,False
P4_baseline_then_example_forward__file_name__matlab1,T_Amp_aVR_count,12.0,12,0.0,True
