feature,family,published_column,feature_type,required_input,available_input,ecgdeli_function,formula_known,aggregation_known,reconstructability,status,comparison_status,notes
PQ_Int_I,PQ_Int,PQ_Int_I,interval,"P onset, QRS onset",published fiducial sample indices for record 00513,ExtractIntervalFeaturesFromFPT,yes,"yes for this record: median, linear IQR, finite count",REPRODUCIBLE_FROM_FIDUCIALS,EXACT_FROM_FIDUCIALS,EXACT,
PQ_Int_I_iqr,PQ_Int,PQ_Int_I_iqr,interval,"P onset, QRS onset",published fiducial sample indices for record 00513,ExtractIntervalFeaturesFromFPT,yes,"yes for this record: median, linear IQR, finite count",REPRODUCIBLE_FROM_FIDUCIALS,EXACT_FROM_FIDUCIALS,EXACT,
PQ_Int_I_count,PQ_Int,PQ_Int_I_count,interval,"P onset, QRS onset",published fiducial sample indices for record 00513,ExtractIntervalFeaturesFromFPT,yes,"yes for this record: median, linear IQR, finite count",REPRODUCIBLE_FROM_FIDUCIALS,EXACT_FROM_FIDUCIALS,EXACT,
PQ_Int_II,PQ_Int,PQ_Int_II,interval,"P onset, QRS onset",published fiducial sample indices for record 00513,ExtractIntervalFeaturesFromFPT,yes,"yes for this record: median, linear IQR, finite count",REPRODUCIBLE_FROM_FIDUCIALS,EXACT_FROM_FIDUCIALS,EXACT,
PQ_Int_II_iqr,PQ_Int,PQ_Int_II_iqr,interval,"P onset, QRS onset",published fiducial sample indices for record 00513,ExtractIntervalFeaturesFromFPT,yes,"yes for this record: median, linear IQR, finite count",REPRODUCIBLE_FROM_FIDUCIALS,EXACT_FROM_FIDUCIALS,EXACT,
PQ_Int_II_count,PQ_Int,PQ_Int_II_count,interval,"P onset, QRS onset",published fiducial sample indices for record 00513,ExtractIntervalFeaturesFromFPT,yes,"yes for this record: median, linear IQR, finite count",REPRODUCIBLE_FROM_FIDUCIALS,EXACT_FROM_FIDUCIALS,EXACT,
PQ_Int_III,PQ_Int,PQ_Int_III,interval,"P onset, QRS onset",published fiducial sample indices for record 00513,ExtractIntervalFeaturesFromFPT,yes,"yes for this record: median, linear IQR, finite count",REPRODUCIBLE_FROM_FIDUCIALS,EXACT_FROM_FIDUCIALS,EXACT,
PQ_Int_III_iqr,PQ_Int,PQ_Int_III_iqr,interval,"P onset, QRS onset",published fiducial sample indices for record 00513,ExtractIntervalFeaturesFromFPT,yes,"yes for this record: median, linear IQR, finite count",REPRODUCIBLE_FROM_FIDUCIALS,EXACT_FROM_FIDUCIALS,EXACT,
PQ_Int_III_count,PQ_Int,PQ_Int_III_count,interval,"P onset, QRS onset",published fiducial sample indices for record 00513,ExtractIntervalFeaturesFromFPT,yes,"yes for this record: median, linear IQR, finite count",REPRODUCIBLE_FROM_FIDUCIALS,EXACT_FROM_FIDUCIALS,EXACT,
PQ_Int_V1,PQ_Int,PQ_Int_V1,interval,"P onset, QRS onset",published fiducial sample indices for record 00513,ExtractIntervalFeaturesFromFPT,yes,"yes for this record: median, linear IQR, finite count",REPRODUCIBLE_FROM_FIDUCIALS,EXACT_FROM_FIDUCIALS,EXACT,
PQ_Int_V1_iqr,PQ_Int,PQ_Int_V1_iqr,interval,"P onset, QRS onset",published fiducial sample indices for record 00513,ExtractIntervalFeaturesFromFPT,yes,"yes for this record: median, linear IQR, finite count",REPRODUCIBLE_FROM_FIDUCIALS,EXACT_FROM_FIDUCIALS,EXACT,
PQ_Int_V1_count,PQ_Int,PQ_Int_V1_count,interval,"P onset, QRS onset",published fiducial sample indices for record 00513,ExtractIntervalFeaturesFromFPT,yes,"yes for this record: median, linear IQR, finite count",REPRODUCIBLE_FROM_FIDUCIALS,EXACT_FROM_FIDUCIALS,EXACT,
PQ_Int_V2,PQ_Int,PQ_Int_V2,interval,"P onset, QRS onset",published fiducial sample indices for record 00513,ExtractIntervalFeaturesFromFPT,yes,"yes for this record: median, linear IQR, finite count",REPRODUCIBLE_FROM_FIDUCIALS,EXACT_FROM_FIDUCIALS,EXACT,
PQ_Int_V2_iqr,PQ_Int,PQ_Int_V2_iqr,interval,"P onset, QRS onset",published fiducial sample indices for record 00513,ExtractIntervalFeaturesFromFPT,yes,"yes for this record: median, linear IQR, finite count",REPRODUCIBLE_FROM_FIDUCIALS,EXACT_FROM_FIDUCIALS,EXACT,
PQ_Int_V2_count,PQ_Int,PQ_Int_V2_count,interval,"P onset, QRS onset",published fiducial sample indices for record 00513,ExtractIntervalFeaturesFromFPT,yes,"yes for this record: median, linear IQR, finite count",REPRODUCIBLE_FROM_FIDUCIALS,EXACT_FROM_FIDUCIALS,EXACT,
PQ_Int_V3,PQ_Int,PQ_Int_V3,interval,"P onset, QRS onset",published fiducial sample indices for record 00513,ExtractIntervalFeaturesFromFPT,yes,"yes for this record: median, linear IQR, finite count",REPRODUCIBLE_FROM_FIDUCIALS,EXACT_FROM_FIDUCIALS,EXACT,
PQ_Int_V3_iqr,PQ_Int,PQ_Int_V3_iqr,interval,"P onset, QRS onset",published fiducial sample indices for record 00513,ExtractIntervalFeaturesFromFPT,yes,"yes for this record: median, linear IQR, finite count",REPRODUCIBLE_FROM_FIDUCIALS,EXACT_FROM_FIDUCIALS,EXACT,
PQ_Int_V3_count,PQ_Int,PQ_Int_V3_count,interval,"P onset, QRS onset",published fiducial sample indices for record 00513,ExtractIntervalFeaturesFromFPT,yes,"yes for this record: median, linear IQR, finite count",REPRODUCIBLE_FROM_FIDUCIALS,EXACT_FROM_FIDUCIALS,EXACT,
PQ_Int_V4,PQ_Int,PQ_Int_V4,interval,"P onset, QRS onset",published fiducial sample indices for record 00513,ExtractIntervalFeaturesFromFPT,yes,"yes for this record: median, linear IQR, finite count",REPRODUCIBLE_FROM_FIDUCIALS,EXACT_FROM_FIDUCIALS,EXACT,
PQ_Int_V4_iqr,PQ_Int,PQ_Int_V4_iqr,interval,"P onset, QRS onset",published fiducial sample indices for record 00513,ExtractIntervalFeaturesFromFPT,yes,"yes for this record: median, linear IQR, finite count",REPRODUCIBLE_FROM_FIDUCIALS,EXACT_FROM_FIDUCIALS,EXACT,
PQ_Int_V4_count,PQ_Int,PQ_Int_V4_count,interval,"P onset, QRS onset",published fiducial sample indices for record 00513,ExtractIntervalFeaturesFromFPT,yes,"yes for this record: median, linear IQR, finite count",REPRODUCIBLE_FROM_FIDUCIALS,EXACT_FROM_FIDUCIALS,EXACT,
PQ_Int_V5,PQ_Int,PQ_Int_V5,interval,"P onset, QRS onset",published fiducial sample indices for record 00513,ExtractIntervalFeaturesFromFPT,yes,"yes for this record: median, linear IQR, finite count",REPRODUCIBLE_FROM_FIDUCIALS,EXACT_FROM_FIDUCIALS,EXACT,
PQ_Int_V5_iqr,PQ_Int,PQ_Int_V5_iqr,interval,"P onset, QRS onset",published fiducial sample indices for record 00513,ExtractIntervalFeaturesFromFPT,yes,"yes for this record: median, linear IQR, finite count",REPRODUCIBLE_FROM_FIDUCIALS,EXACT_FROM_FIDUCIALS,EXACT,
PQ_Int_V5_count,PQ_Int,PQ_Int_V5_count,interval,"P onset, QRS onset",published fiducial sample indices for record 00513,ExtractIntervalFeaturesFromFPT,yes,"yes for this record: median, linear IQR, finite count",REPRODUCIBLE_FROM_FIDUCIALS,EXACT_FROM_FIDUCIALS,EXACT,
PQ_Int_V6,PQ_Int,PQ_Int_V6,interval,"P onset, QRS onset",published fiducial sample indices for record 00513,ExtractIntervalFeaturesFromFPT,yes,"yes for this record: median, linear IQR, finite count",REPRODUCIBLE_FROM_FIDUCIALS,EXACT_FROM_FIDUCIALS,EXACT,
PQ_Int_V6_iqr,PQ_Int,PQ_Int_V6_iqr,interval,"P onset, QRS onset",published fiducial sample indices for record 00513,ExtractIntervalFeaturesFromFPT,yes,"yes for this record: median, linear IQR, finite count",REPRODUCIBLE_FROM_FIDUCIALS,EXACT_FROM_FIDUCIALS,EXACT,
PQ_Int_V6_count,PQ_Int,PQ_Int_V6_count,interval,"P onset, QRS onset",published fiducial sample indices for record 00513,ExtractIntervalFeaturesFromFPT,yes,"yes for this record: median, linear IQR, finite count",REPRODUCIBLE_FROM_FIDUCIALS,EXACT_FROM_FIDUCIALS,EXACT,
PQ_Int_aVF,PQ_Int,PQ_Int_aVF,interval,"P onset, QRS onset",published fiducial sample indices for record 00513,ExtractIntervalFeaturesFromFPT,yes,"yes for this record: median, linear IQR, finite count",REPRODUCIBLE_FROM_FIDUCIALS,EXACT_FROM_FIDUCIALS,EXACT,
PQ_Int_aVF_iqr,PQ_Int,PQ_Int_aVF_iqr,interval,"P onset, QRS onset",published fiducial sample indices for record 00513,ExtractIntervalFeaturesFromFPT,yes,"yes for this record: median, linear IQR, finite count",REPRODUCIBLE_FROM_FIDUCIALS,EXACT_FROM_FIDUCIALS,EXACT,
PQ_Int_aVF_count,PQ_Int,PQ_Int_aVF_count,interval,"P onset, QRS onset",published fiducial sample indices for record 00513,ExtractIntervalFeaturesFromFPT,yes,"yes for this record: median, linear IQR, finite count",REPRODUCIBLE_FROM_FIDUCIALS,EXACT_FROM_FIDUCIALS,EXACT,
PQ_Int_aVL,PQ_Int,PQ_Int_aVL,interval,"P onset, QRS onset",published fiducial sample indices for record 00513,ExtractIntervalFeaturesFromFPT,yes,"yes for this record: median, linear IQR, finite count",REPRODUCIBLE_FROM_FIDUCIALS,EXACT_FROM_FIDUCIALS,EXACT,
PQ_Int_aVL_iqr,PQ_Int,PQ_Int_aVL_iqr,interval,"P onset, QRS onset",published fiducial sample indices for record 00513,ExtractIntervalFeaturesFromFPT,yes,"yes for this record: median, linear IQR, finite count",REPRODUCIBLE_FROM_FIDUCIALS,EXACT_FROM_FIDUCIALS,EXACT,
PQ_Int_aVL_count,PQ_Int,PQ_Int_aVL_count,interval,"P onset, QRS onset",published fiducial sample indices for record 00513,ExtractIntervalFeaturesFromFPT,yes,"yes for this record: median, linear IQR, finite count",REPRODUCIBLE_FROM_FIDUCIALS,EXACT_FROM_FIDUCIALS,EXACT,
PQ_Int_aVR,PQ_Int,PQ_Int_aVR,interval,"P onset, QRS onset",published fiducial sample indices for record 00513,ExtractIntervalFeaturesFromFPT,yes,"yes for this record: median, linear IQR, finite count",REPRODUCIBLE_FROM_FIDUCIALS,EXACT_FROM_FIDUCIALS,EXACT,
PQ_Int_aVR_iqr,PQ_Int,PQ_Int_aVR_iqr,interval,"P onset, QRS onset",published fiducial sample indices for record 00513,ExtractIntervalFeaturesFromFPT,yes,"yes for this record: median, linear IQR, finite count",REPRODUCIBLE_FROM_FIDUCIALS,EXACT_FROM_FIDUCIALS,EXACT,
PQ_Int_aVR_count,PQ_Int,PQ_Int_aVR_count,interval,"P onset, QRS onset",published fiducial sample indices for record 00513,ExtractIntervalFeaturesFromFPT,yes,"yes for this record: median, linear IQR, finite count",REPRODUCIBLE_FROM_FIDUCIALS,EXACT_FROM_FIDUCIALS,EXACT,
PQ_Int_Global,PQ_Int,PQ_Int_Global,interval,"P onset, QRS onset",published fiducial sample indices for record 00513,ExtractIntervalFeaturesFromFPT,yes,"yes for this record: median, linear IQR, finite count",REPRODUCIBLE_FROM_FIDUCIALS,EXACT_FROM_FIDUCIALS,EXACT,
PQ_Int_Global_iqr,PQ_Int,PQ_Int_Global_iqr,interval,"P onset, QRS onset",published fiducial sample indices for record 00513,ExtractIntervalFeaturesFromFPT,yes,"yes for this record: median, linear IQR, finite count",REPRODUCIBLE_FROM_FIDUCIALS,EXACT_FROM_FIDUCIALS,EXACT,
PQ_Int_Global_count,PQ_Int,PQ_Int_Global_count,interval,"P onset, QRS onset",published fiducial sample indices for record 00513,ExtractIntervalFeaturesFromFPT,yes,"yes for this record: median, linear IQR, finite count",REPRODUCIBLE_FROM_FIDUCIALS,EXACT_FROM_FIDUCIALS,EXACT,
PR_Int_I,PR_Int,PR_Int_I,interval,"P onset, R peak",published fiducial sample indices for record 00513,ExtractIntervalFeaturesFromFPT,yes,"yes for this record: median, linear IQR, finite count",REPRODUCIBLE_FROM_FIDUCIALS,EXACT_FROM_FIDUCIALS,EXACT,
PR_Int_I_iqr,PR_Int,PR_Int_I_iqr,interval,"P onset, R peak",published fiducial sample indices for record 00513,ExtractIntervalFeaturesFromFPT,yes,"yes for this record: median, linear IQR, finite count",REPRODUCIBLE_FROM_FIDUCIALS,EXACT_FROM_FIDUCIALS,EXACT,
PR_Int_I_count,PR_Int,PR_Int_I_count,interval,"P onset, R peak",published fiducial sample indices for record 00513,ExtractIntervalFeaturesFromFPT,yes,"yes for this record: median, linear IQR, finite count",REPRODUCIBLE_FROM_FIDUCIALS,EXACT_FROM_FIDUCIALS,EXACT,
PR_Int_II,PR_Int,PR_Int_II,interval,"P onset, R peak",published fiducial sample indices for record 00513,ExtractIntervalFeaturesFromFPT,yes,"yes for this record: median, linear IQR, finite count",REPRODUCIBLE_FROM_FIDUCIALS,EXACT_FROM_FIDUCIALS,EXACT,
PR_Int_II_iqr,PR_Int,PR_Int_II_iqr,interval,"P onset, R peak",published fiducial sample indices for record 00513,ExtractIntervalFeaturesFromFPT,yes,"yes for this record: median, linear IQR, finite count",REPRODUCIBLE_FROM_FIDUCIALS,EXACT_FROM_FIDUCIALS,EXACT,
PR_Int_II_count,PR_Int,PR_Int_II_count,interval,"P onset, R peak",published fiducial sample indices for record 00513,ExtractIntervalFeaturesFromFPT,yes,"yes for this record: median, linear IQR, finite count",REPRODUCIBLE_FROM_FIDUCIALS,EXACT_FROM_FIDUCIALS,EXACT,
PR_Int_III,PR_Int,PR_Int_III,interval,"P onset, R peak",published fiducial sample indices for record 00513,ExtractIntervalFeaturesFromFPT,yes,"yes for this record: median, linear IQR, finite count",REPRODUCIBLE_FROM_FIDUCIALS,EXACT_FROM_FIDUCIALS,EXACT,
PR_Int_III_iqr,PR_Int,PR_Int_III_iqr,interval,"P onset, R peak",published fiducial sample indices for record 00513,ExtractIntervalFeaturesFromFPT,yes,"yes for this record: median, linear IQR, finite count",REPRODUCIBLE_FROM_FIDUCIALS,EXACT_FROM_FIDUCIALS,EXACT,
PR_Int_III_count,PR_Int,PR_Int_III_count,interval,"P onset, R peak",published fiducial sample indices for record 00513,ExtractIntervalFeaturesFromFPT,yes,"yes for this record: median, linear IQR, finite count",REPRODUCIBLE_FROM_FIDUCIALS,EXACT_FROM_FIDUCIALS,EXACT,
PR_Int_V1,PR_Int,PR_Int_V1,interval,"P onset, R peak",published fiducial sample indices for record 00513,ExtractIntervalFeaturesFromFPT,yes,"yes for this record: median, linear IQR, finite count",REPRODUCIBLE_FROM_FIDUCIALS,EXACT_FROM_FIDUCIALS,EXACT,
PR_Int_V1_iqr,PR_Int,PR_Int_V1_iqr,interval,"P onset, R peak",published fiducial sample indices for record 00513,ExtractIntervalFeaturesFromFPT,yes,"yes for this record: median, linear IQR, finite count",REPRODUCIBLE_FROM_FIDUCIALS,EXACT_FROM_FIDUCIALS,EXACT,
PR_Int_V1_count,PR_Int,PR_Int_V1_count,interval,"P onset, R peak",published fiducial sample indices for record 00513,ExtractIntervalFeaturesFromFPT,yes,"yes for this record: median, linear IQR, finite count",REPRODUCIBLE_FROM_FIDUCIALS,EXACT_FROM_FIDUCIALS,EXACT,
PR_Int_V2,PR_Int,PR_Int_V2,interval,"P onset, R peak",published fiducial sample indices for record 00513,ExtractIntervalFeaturesFromFPT,yes,"yes for this record: median, linear IQR, finite count",REPRODUCIBLE_FROM_FIDUCIALS,EXACT_FROM_FIDUCIALS,EXACT,
PR_Int_V2_iqr,PR_Int,PR_Int_V2_iqr,interval,"P onset, R peak",published fiducial sample indices for record 00513,ExtractIntervalFeaturesFromFPT,yes,"yes for this record: median, linear IQR, finite count",REPRODUCIBLE_FROM_FIDUCIALS,EXACT_FROM_FIDUCIALS,EXACT,
PR_Int_V2_count,PR_Int,PR_Int_V2_count,interval,"P onset, R peak",published fiducial sample indices for record 00513,ExtractIntervalFeaturesFromFPT,yes,"yes for this record: median, linear IQR, finite count",REPRODUCIBLE_FROM_FIDUCIALS,EXACT_FROM_FIDUCIALS,EXACT,
PR_Int_V3,PR_Int,PR_Int_V3,interval,"P onset, R peak",published fiducial sample indices for record 00513,ExtractIntervalFeaturesFromFPT,yes,"yes for this record: median, linear IQR, finite count",REPRODUCIBLE_FROM_FIDUCIALS,EXACT_FROM_FIDUCIALS,EXACT,
PR_Int_V3_iqr,PR_Int,PR_Int_V3_iqr,interval,"P onset, R peak",published fiducial sample indices for record 00513,ExtractIntervalFeaturesFromFPT,yes,"yes for this record: median, linear IQR, finite count",REPRODUCIBLE_FROM_FIDUCIALS,EXACT_FROM_FIDUCIALS,EXACT,
PR_Int_V3_count,PR_Int,PR_Int_V3_count,interval,"P onset, R peak",published fiducial sample indices for record 00513,ExtractIntervalFeaturesFromFPT,yes,"yes for this record: median, linear IQR, finite count",REPRODUCIBLE_FROM_FIDUCIALS,EXACT_FROM_FIDUCIALS,EXACT,
PR_Int_V4,PR_Int,PR_Int_V4,interval,"P onset, R peak",published fiducial sample indices for record 00513,ExtractIntervalFeaturesFromFPT,yes,"yes for this record: median, linear IQR, finite count",REPRODUCIBLE_FROM_FIDUCIALS,EXACT_FROM_FIDUCIALS,EXACT,
PR_Int_V4_iqr,PR_Int,PR_Int_V4_iqr,interval,"P onset, R peak",published fiducial sample indices for record 00513,ExtractIntervalFeaturesFromFPT,yes,"yes for this record: median, linear IQR, finite count",REPRODUCIBLE_FROM_FIDUCIALS,EXACT_FROM_FIDUCIALS,EXACT,
PR_Int_V4_count,PR_Int,PR_Int_V4_count,interval,"P onset, R peak",published fiducial sample indices for record 00513,ExtractIntervalFeaturesFromFPT,yes,"yes for this record: median, linear IQR, finite count",REPRODUCIBLE_FROM_FIDUCIALS,EXACT_FROM_FIDUCIALS,EXACT,
PR_Int_V5,PR_Int,PR_Int_V5,interval,"P onset, R peak",published fiducial sample indices for record 00513,ExtractIntervalFeaturesFromFPT,yes,"yes for this record: median, linear IQR, finite count",REPRODUCIBLE_FROM_FIDUCIALS,EXACT_FROM_FIDUCIALS,EXACT,
PR_Int_V5_iqr,PR_Int,PR_Int_V5_iqr,interval,"P onset, R peak",published fiducial sample indices for record 00513,ExtractIntervalFeaturesFromFPT,yes,"yes for this record: median, linear IQR, finite count",REPRODUCIBLE_FROM_FIDUCIALS,EXACT_FROM_FIDUCIALS,EXACT,
PR_Int_V5_count,PR_Int,PR_Int_V5_count,interval,"P onset, R peak",published fiducial sample indices for record 00513,ExtractIntervalFeaturesFromFPT,yes,"yes for this record: median, linear IQR, finite count",REPRODUCIBLE_FROM_FIDUCIALS,EXACT_FROM_FIDUCIALS,EXACT,
PR_Int_V6,PR_Int,PR_Int_V6,interval,"P onset, R peak",published fiducial sample indices for record 00513,ExtractIntervalFeaturesFromFPT,yes,"yes for this record: median, linear IQR, finite count",REPRODUCIBLE_FROM_FIDUCIALS,EXACT_FROM_FIDUCIALS,EXACT,
PR_Int_V6_iqr,PR_Int,PR_Int_V6_iqr,interval,"P onset, R peak",published fiducial sample indices for record 00513,ExtractIntervalFeaturesFromFPT,yes,"yes for this record: median, linear IQR, finite count",REPRODUCIBLE_FROM_FIDUCIALS,EXACT_FROM_FIDUCIALS,EXACT,
PR_Int_V6_count,PR_Int,PR_Int_V6_count,interval,"P onset, R peak",published fiducial sample indices for record 00513,ExtractIntervalFeaturesFromFPT,yes,"yes for this record: median, linear IQR, finite count",REPRODUCIBLE_FROM_FIDUCIALS,EXACT_FROM_FIDUCIALS,EXACT,
PR_Int_aVF,PR_Int,PR_Int_aVF,interval,"P onset, R peak",published fiducial sample indices for record 00513,ExtractIntervalFeaturesFromFPT,yes,"yes for this record: median, linear IQR, finite count",REPRODUCIBLE_FROM_FIDUCIALS,EXACT_FROM_FIDUCIALS,EXACT,
PR_Int_aVF_iqr,PR_Int,PR_Int_aVF_iqr,interval,"P onset, R peak",published fiducial sample indices for record 00513,ExtractIntervalFeaturesFromFPT,yes,"yes for this record: median, linear IQR, finite count",REPRODUCIBLE_FROM_FIDUCIALS,EXACT_FROM_FIDUCIALS,EXACT,
PR_Int_aVF_count,PR_Int,PR_Int_aVF_count,interval,"P onset, R peak",published fiducial sample indices for record 00513,ExtractIntervalFeaturesFromFPT,yes,"yes for this record: median, linear IQR, finite count",REPRODUCIBLE_FROM_FIDUCIALS,EXACT_FROM_FIDUCIALS,EXACT,
PR_Int_aVL,PR_Int,PR_Int_aVL,interval,"P onset, R peak",published fiducial sample indices for record 00513,ExtractIntervalFeaturesFromFPT,yes,"yes for this record: median, linear IQR, finite count",REPRODUCIBLE_FROM_FIDUCIALS,EXACT_FROM_FIDUCIALS,EXACT,
PR_Int_aVL_iqr,PR_Int,PR_Int_aVL_iqr,interval,"P onset, R peak",published fiducial sample indices for record 00513,ExtractIntervalFeaturesFromFPT,yes,"yes for this record: median, linear IQR, finite count",REPRODUCIBLE_FROM_FIDUCIALS,EXACT_FROM_FIDUCIALS,EXACT,
PR_Int_aVL_count,PR_Int,PR_Int_aVL_count,interval,"P onset, R peak",published fiducial sample indices for record 00513,ExtractIntervalFeaturesFromFPT,yes,"yes for this record: median, linear IQR, finite count",REPRODUCIBLE_FROM_FIDUCIALS,EXACT_FROM_FIDUCIALS,EXACT,
PR_Int_aVR,PR_Int,PR_Int_aVR,interval,"P onset, R peak",published fiducial sample indices for record 00513,ExtractIntervalFeaturesFromFPT,yes,"yes for this record: median, linear IQR, finite count",REPRODUCIBLE_FROM_FIDUCIALS,EXACT_FROM_FIDUCIALS,EXACT,
PR_Int_aVR_iqr,PR_Int,PR_Int_aVR_iqr,interval,"P onset, R peak",published fiducial sample indices for record 00513,ExtractIntervalFeaturesFromFPT,yes,"yes for this record: median, linear IQR, finite count",REPRODUCIBLE_FROM_FIDUCIALS,EXACT_FROM_FIDUCIALS,EXACT,
PR_Int_aVR_count,PR_Int,PR_Int_aVR_count,interval,"P onset, R peak",published fiducial sample indices for record 00513,ExtractIntervalFeaturesFromFPT,yes,"yes for this record: median, linear IQR, finite count",REPRODUCIBLE_FROM_FIDUCIALS,EXACT_FROM_FIDUCIALS,EXACT,
PR_Int_Global,PR_Int,PR_Int_Global,interval,"P onset, R peak",published fiducial sample indices for record 00513,ExtractIntervalFeaturesFromFPT,yes,"yes for this record: median, linear IQR, finite count",REPRODUCIBLE_FROM_FIDUCIALS,EXACT_FROM_FIDUCIALS,EXACT,
PR_Int_Global_iqr,PR_Int,PR_Int_Global_iqr,interval,"P onset, R peak",published fiducial sample indices for record 00513,ExtractIntervalFeaturesFromFPT,yes,"yes for this record: median, linear IQR, finite count",REPRODUCIBLE_FROM_FIDUCIALS,EXACT_FROM_FIDUCIALS,EXACT,
PR_Int_Global_count,PR_Int,PR_Int_Global_count,interval,"P onset, R peak",published fiducial sample indices for record 00513,ExtractIntervalFeaturesFromFPT,yes,"yes for this record: median, linear IQR, finite count",REPRODUCIBLE_FROM_FIDUCIALS,EXACT_FROM_FIDUCIALS,EXACT,
P_Amp_I,P_Amp,P_Amp_I,amplitude,conditioned signal sample at P peak,P peak sample index is public; the conditioned signal matrix is not,ExtractAmplitudeFeaturesFromFPT,"yes: the sample at the fiducial, no unit conversion inside the function","paper states median, IQR and count; not executed, because the sample value is absent",REPRODUCIBLE_FROM_RAW_SIGNAL,RECONSTRUCTABLE_FROM_RAW,NOT_REPRODUCIBLE,numerical match is not established; raw ADC was not substituted for the author matrix
P_Amp_I_iqr,P_Amp,P_Amp_I_iqr,amplitude,conditioned signal sample at P peak,P peak sample index is public; the conditioned signal matrix is not,ExtractAmplitudeFeaturesFromFPT,"yes: the sample at the fiducial, no unit conversion inside the function","paper states median, IQR and count; not executed, because the sample value is absent",REPRODUCIBLE_FROM_RAW_SIGNAL,RECONSTRUCTABLE_FROM_RAW,NOT_REPRODUCIBLE,numerical match is not established; raw ADC was not substituted for the author matrix
P_Amp_I_count,P_Amp,P_Amp_I_count,amplitude,conditioned signal sample at P peak,P peak sample index is public; the conditioned signal matrix is not,ExtractAmplitudeFeaturesFromFPT,"yes: the sample at the fiducial, no unit conversion inside the function","paper states median, IQR and count; not executed, because the sample value is absent",REPRODUCIBLE_FROM_RAW_SIGNAL,RECONSTRUCTABLE_FROM_RAW,NOT_REPRODUCIBLE,numerical match is not established; raw ADC was not substituted for the author matrix
P_Amp_II,P_Amp,P_Amp_II,amplitude,conditioned signal sample at P peak,P peak sample index is public; the conditioned signal matrix is not,ExtractAmplitudeFeaturesFromFPT,"yes: the sample at the fiducial, no unit conversion inside the function","paper states median, IQR and count; not executed, because the sample value is absent",REPRODUCIBLE_FROM_RAW_SIGNAL,RECONSTRUCTABLE_FROM_RAW,NOT_REPRODUCIBLE,numerical match is not established; raw ADC was not substituted for the author matrix
P_Amp_II_iqr,P_Amp,P_Amp_II_iqr,amplitude,conditioned signal sample at P peak,P peak sample index is public; the conditioned signal matrix is not,ExtractAmplitudeFeaturesFromFPT,"yes: the sample at the fiducial, no unit conversion inside the function","paper states median, IQR and count; not executed, because the sample value is absent",REPRODUCIBLE_FROM_RAW_SIGNAL,RECONSTRUCTABLE_FROM_RAW,NOT_REPRODUCIBLE,numerical match is not established; raw ADC was not substituted for the author matrix
P_Amp_II_count,P_Amp,P_Amp_II_count,amplitude,conditioned signal sample at P peak,P peak sample index is public; the conditioned signal matrix is not,ExtractAmplitudeFeaturesFromFPT,"yes: the sample at the fiducial, no unit conversion inside the function","paper states median, IQR and count; not executed, because the sample value is absent",REPRODUCIBLE_FROM_RAW_SIGNAL,RECONSTRUCTABLE_FROM_RAW,NOT_REPRODUCIBLE,numerical match is not established; raw ADC was not substituted for the author matrix
P_Amp_III,P_Amp,P_Amp_III,amplitude,conditioned signal sample at P peak,P peak sample index is public; the conditioned signal matrix is not,ExtractAmplitudeFeaturesFromFPT,"yes: the sample at the fiducial, no unit conversion inside the function","paper states median, IQR and count; not executed, because the sample value is absent",REPRODUCIBLE_FROM_RAW_SIGNAL,RECONSTRUCTABLE_FROM_RAW,NOT_REPRODUCIBLE,numerical match is not established; raw ADC was not substituted for the author matrix
P_Amp_III_iqr,P_Amp,P_Amp_III_iqr,amplitude,conditioned signal sample at P peak,P peak sample index is public; the conditioned signal matrix is not,ExtractAmplitudeFeaturesFromFPT,"yes: the sample at the fiducial, no unit conversion inside the function","paper states median, IQR and count; not executed, because the sample value is absent",REPRODUCIBLE_FROM_RAW_SIGNAL,RECONSTRUCTABLE_FROM_RAW,NOT_REPRODUCIBLE,numerical match is not established; raw ADC was not substituted for the author matrix
P_Amp_III_count,P_Amp,P_Amp_III_count,amplitude,conditioned signal sample at P peak,P peak sample index is public; the conditioned signal matrix is not,ExtractAmplitudeFeaturesFromFPT,"yes: the sample at the fiducial, no unit conversion inside the function","paper states median, IQR and count; not executed, because the sample value is absent",REPRODUCIBLE_FROM_RAW_SIGNAL,RECONSTRUCTABLE_FROM_RAW,NOT_REPRODUCIBLE,numerical match is not established; raw ADC was not substituted for the author matrix
P_Amp_V1,P_Amp,P_Amp_V1,amplitude,conditioned signal sample at P peak,P peak sample index is public; the conditioned signal matrix is not,ExtractAmplitudeFeaturesFromFPT,"yes: the sample at the fiducial, no unit conversion inside the function","paper states median, IQR and count; not executed, because the sample value is absent",REPRODUCIBLE_FROM_RAW_SIGNAL,RECONSTRUCTABLE_FROM_RAW,NOT_REPRODUCIBLE,numerical match is not established; raw ADC was not substituted for the author matrix
P_Amp_V1_iqr,P_Amp,P_Amp_V1_iqr,amplitude,conditioned signal sample at P peak,P peak sample index is public; the conditioned signal matrix is not,ExtractAmplitudeFeaturesFromFPT,"yes: the sample at the fiducial, no unit conversion inside the function","paper states median, IQR and count; not executed, because the sample value is absent",REPRODUCIBLE_FROM_RAW_SIGNAL,RECONSTRUCTABLE_FROM_RAW,NOT_REPRODUCIBLE,numerical match is not established; raw ADC was not substituted for the author matrix
P_Amp_V1_count,P_Amp,P_Amp_V1_count,amplitude,conditioned signal sample at P peak,P peak sample index is public; the conditioned signal matrix is not,ExtractAmplitudeFeaturesFromFPT,"yes: the sample at the fiducial, no unit conversion inside the function","paper states median, IQR and count; not executed, because the sample value is absent",REPRODUCIBLE_FROM_RAW_SIGNAL,RECONSTRUCTABLE_FROM_RAW,NOT_REPRODUCIBLE,numerical match is not established; raw ADC was not substituted for the author matrix
P_Amp_V2,P_Amp,P_Amp_V2,amplitude,conditioned signal sample at P peak,P peak sample index is public; the conditioned signal matrix is not,ExtractAmplitudeFeaturesFromFPT,"yes: the sample at the fiducial, no unit conversion inside the function","paper states median, IQR and count; not executed, because the sample value is absent",REPRODUCIBLE_FROM_RAW_SIGNAL,RECONSTRUCTABLE_FROM_RAW,NOT_REPRODUCIBLE,numerical match is not established; raw ADC was not substituted for the author matrix
P_Amp_V2_iqr,P_Amp,P_Amp_V2_iqr,amplitude,conditioned signal sample at P peak,P peak sample index is public; the conditioned signal matrix is not,ExtractAmplitudeFeaturesFromFPT,"yes: the sample at the fiducial, no unit conversion inside the function","paper states median, IQR and count; not executed, because the sample value is absent",REPRODUCIBLE_FROM_RAW_SIGNAL,RECONSTRUCTABLE_FROM_RAW,NOT_REPRODUCIBLE,numerical match is not established; raw ADC was not substituted for the author matrix
P_Amp_V2_count,P_Amp,P_Amp_V2_count,amplitude,conditioned signal sample at P peak,P peak sample index is public; the conditioned signal matrix is not,ExtractAmplitudeFeaturesFromFPT,"yes: the sample at the fiducial, no unit conversion inside the function","paper states median, IQR and count; not executed, because the sample value is absent",REPRODUCIBLE_FROM_RAW_SIGNAL,RECONSTRUCTABLE_FROM_RAW,NOT_REPRODUCIBLE,numerical match is not established; raw ADC was not substituted for the author matrix
P_Amp_V3,P_Amp,P_Amp_V3,amplitude,conditioned signal sample at P peak,P peak sample index is public; the conditioned signal matrix is not,ExtractAmplitudeFeaturesFromFPT,"yes: the sample at the fiducial, no unit conversion inside the function","paper states median, IQR and count; not executed, because the sample value is absent",REPRODUCIBLE_FROM_RAW_SIGNAL,RECONSTRUCTABLE_FROM_RAW,NOT_REPRODUCIBLE,numerical match is not established; raw ADC was not substituted for the author matrix
P_Amp_V3_iqr,P_Amp,P_Amp_V3_iqr,amplitude,conditioned signal sample at P peak,P peak sample index is public; the conditioned signal matrix is not,ExtractAmplitudeFeaturesFromFPT,"yes: the sample at the fiducial, no unit conversion inside the function","paper states median, IQR and count; not executed, because the sample value is absent",REPRODUCIBLE_FROM_RAW_SIGNAL,RECONSTRUCTABLE_FROM_RAW,NOT_REPRODUCIBLE,numerical match is not established; raw ADC was not substituted for the author matrix
P_Amp_V3_count,P_Amp,P_Amp_V3_count,amplitude,conditioned signal sample at P peak,P peak sample index is public; the conditioned signal matrix is not,ExtractAmplitudeFeaturesFromFPT,"yes: the sample at the fiducial, no unit conversion inside the function","paper states median, IQR and count; not executed, because the sample value is absent",REPRODUCIBLE_FROM_RAW_SIGNAL,RECONSTRUCTABLE_FROM_RAW,NOT_REPRODUCIBLE,numerical match is not established; raw ADC was not substituted for the author matrix
P_Amp_V4,P_Amp,P_Amp_V4,amplitude,conditioned signal sample at P peak,P peak sample index is public; the conditioned signal matrix is not,ExtractAmplitudeFeaturesFromFPT,"yes: the sample at the fiducial, no unit conversion inside the function","paper states median, IQR and count; not executed, because the sample value is absent",REPRODUCIBLE_FROM_RAW_SIGNAL,RECONSTRUCTABLE_FROM_RAW,NOT_REPRODUCIBLE,numerical match is not established; raw ADC was not substituted for the author matrix
P_Amp_V4_iqr,P_Amp,P_Amp_V4_iqr,amplitude,conditioned signal sample at P peak,P peak sample index is public; the conditioned signal matrix is not,ExtractAmplitudeFeaturesFromFPT,"yes: the sample at the fiducial, no unit conversion inside the function","paper states median, IQR and count; not executed, because the sample value is absent",REPRODUCIBLE_FROM_RAW_SIGNAL,RECONSTRUCTABLE_FROM_RAW,NOT_REPRODUCIBLE,numerical match is not established; raw ADC was not substituted for the author matrix
P_Amp_V4_count,P_Amp,P_Amp_V4_count,amplitude,conditioned signal sample at P peak,P peak sample index is public; the conditioned signal matrix is not,ExtractAmplitudeFeaturesFromFPT,"yes: the sample at the fiducial, no unit conversion inside the function","paper states median, IQR and count; not executed, because the sample value is absent",REPRODUCIBLE_FROM_RAW_SIGNAL,RECONSTRUCTABLE_FROM_RAW,NOT_REPRODUCIBLE,numerical match is not established; raw ADC was not substituted for the author matrix
P_Amp_V5,P_Amp,P_Amp_V5,amplitude,conditioned signal sample at P peak,P peak sample index is public; the conditioned signal matrix is not,ExtractAmplitudeFeaturesFromFPT,"yes: the sample at the fiducial, no unit conversion inside the function","paper states median, IQR and count; not executed, because the sample value is absent",REPRODUCIBLE_FROM_RAW_SIGNAL,RECONSTRUCTABLE_FROM_RAW,NOT_REPRODUCIBLE,numerical match is not established; raw ADC was not substituted for the author matrix
P_Amp_V5_iqr,P_Amp,P_Amp_V5_iqr,amplitude,conditioned signal sample at P peak,P peak sample index is public; the conditioned signal matrix is not,ExtractAmplitudeFeaturesFromFPT,"yes: the sample at the fiducial, no unit conversion inside the function","paper states median, IQR and count; not executed, because the sample value is absent",REPRODUCIBLE_FROM_RAW_SIGNAL,RECONSTRUCTABLE_FROM_RAW,NOT_REPRODUCIBLE,numerical match is not established; raw ADC was not substituted for the author matrix
P_Amp_V5_count,P_Amp,P_Amp_V5_count,amplitude,conditioned signal sample at P peak,P peak sample index is public; the conditioned signal matrix is not,ExtractAmplitudeFeaturesFromFPT,"yes: the sample at the fiducial, no unit conversion inside the function","paper states median, IQR and count; not executed, because the sample value is absent",REPRODUCIBLE_FROM_RAW_SIGNAL,RECONSTRUCTABLE_FROM_RAW,NOT_REPRODUCIBLE,numerical match is not established; raw ADC was not substituted for the author matrix
P_Amp_V6,P_Amp,P_Amp_V6,amplitude,conditioned signal sample at P peak,P peak sample index is public; the conditioned signal matrix is not,ExtractAmplitudeFeaturesFromFPT,"yes: the sample at the fiducial, no unit conversion inside the function","paper states median, IQR and count; not executed, because the sample value is absent",REPRODUCIBLE_FROM_RAW_SIGNAL,RECONSTRUCTABLE_FROM_RAW,NOT_REPRODUCIBLE,numerical match is not established; raw ADC was not substituted for the author matrix
P_Amp_V6_iqr,P_Amp,P_Amp_V6_iqr,amplitude,conditioned signal sample at P peak,P peak sample index is public; the conditioned signal matrix is not,ExtractAmplitudeFeaturesFromFPT,"yes: the sample at the fiducial, no unit conversion inside the function","paper states median, IQR and count; not executed, because the sample value is absent",REPRODUCIBLE_FROM_RAW_SIGNAL,RECONSTRUCTABLE_FROM_RAW,NOT_REPRODUCIBLE,numerical match is not established; raw ADC was not substituted for the author matrix
P_Amp_V6_count,P_Amp,P_Amp_V6_count,amplitude,conditioned signal sample at P peak,P peak sample index is public; the conditioned signal matrix is not,ExtractAmplitudeFeaturesFromFPT,"yes: the sample at the fiducial, no unit conversion inside the function","paper states median, IQR and count; not executed, because the sample value is absent",REPRODUCIBLE_FROM_RAW_SIGNAL,RECONSTRUCTABLE_FROM_RAW,NOT_REPRODUCIBLE,numerical match is not established; raw ADC was not substituted for the author matrix
P_Amp_aVF,P_Amp,P_Amp_aVF,amplitude,conditioned signal sample at P peak,P peak sample index is public; the conditioned signal matrix is not,ExtractAmplitudeFeaturesFromFPT,"yes: the sample at the fiducial, no unit conversion inside the function","paper states median, IQR and count; not executed, because the sample value is absent",REPRODUCIBLE_FROM_RAW_SIGNAL,RECONSTRUCTABLE_FROM_RAW,NOT_REPRODUCIBLE,numerical match is not established; raw ADC was not substituted for the author matrix
P_Amp_aVF_iqr,P_Amp,P_Amp_aVF_iqr,amplitude,conditioned signal sample at P peak,P peak sample index is public; the conditioned signal matrix is not,ExtractAmplitudeFeaturesFromFPT,"yes: the sample at the fiducial, no unit conversion inside the function","paper states median, IQR and count; not executed, because the sample value is absent",REPRODUCIBLE_FROM_RAW_SIGNAL,RECONSTRUCTABLE_FROM_RAW,NOT_REPRODUCIBLE,numerical match is not established; raw ADC was not substituted for the author matrix
P_Amp_aVF_count,P_Amp,P_Amp_aVF_count,amplitude,conditioned signal sample at P peak,P peak sample index is public; the conditioned signal matrix is not,ExtractAmplitudeFeaturesFromFPT,"yes: the sample at the fiducial, no unit conversion inside the function","paper states median, IQR and count; not executed, because the sample value is absent",REPRODUCIBLE_FROM_RAW_SIGNAL,RECONSTRUCTABLE_FROM_RAW,NOT_REPRODUCIBLE,numerical match is not established; raw ADC was not substituted for the author matrix
P_Amp_aVL,P_Amp,P_Amp_aVL,amplitude,conditioned signal sample at P peak,P peak sample index is public; the conditioned signal matrix is not,ExtractAmplitudeFeaturesFromFPT,"yes: the sample at the fiducial, no unit conversion inside the function","paper states median, IQR and count; not executed, because the sample value is absent",REPRODUCIBLE_FROM_RAW_SIGNAL,RECONSTRUCTABLE_FROM_RAW,NOT_REPRODUCIBLE,numerical match is not established; raw ADC was not substituted for the author matrix
P_Amp_aVL_iqr,P_Amp,P_Amp_aVL_iqr,amplitude,conditioned signal sample at P peak,P peak sample index is public; the conditioned signal matrix is not,ExtractAmplitudeFeaturesFromFPT,"yes: the sample at the fiducial, no unit conversion inside the function","paper states median, IQR and count; not executed, because the sample value is absent",REPRODUCIBLE_FROM_RAW_SIGNAL,RECONSTRUCTABLE_FROM_RAW,NOT_REPRODUCIBLE,numerical match is not established; raw ADC was not substituted for the author matrix
P_Amp_aVL_count,P_Amp,P_Amp_aVL_count,amplitude,conditioned signal sample at P peak,P peak sample index is public; the conditioned signal matrix is not,ExtractAmplitudeFeaturesFromFPT,"yes: the sample at the fiducial, no unit conversion inside the function","paper states median, IQR and count; not executed, because the sample value is absent",REPRODUCIBLE_FROM_RAW_SIGNAL,RECONSTRUCTABLE_FROM_RAW,NOT_REPRODUCIBLE,numerical match is not established; raw ADC was not substituted for the author matrix
P_Amp_aVR,P_Amp,P_Amp_aVR,amplitude,conditioned signal sample at P peak,P peak sample index is public; the conditioned signal matrix is not,ExtractAmplitudeFeaturesFromFPT,"yes: the sample at the fiducial, no unit conversion inside the function","paper states median, IQR and count; not executed, because the sample value is absent",REPRODUCIBLE_FROM_RAW_SIGNAL,RECONSTRUCTABLE_FROM_RAW,NOT_REPRODUCIBLE,numerical match is not established; raw ADC was not substituted for the author matrix
P_Amp_aVR_iqr,P_Amp,P_Amp_aVR_iqr,amplitude,conditioned signal sample at P peak,P peak sample index is public; the conditioned signal matrix is not,ExtractAmplitudeFeaturesFromFPT,"yes: the sample at the fiducial, no unit conversion inside the function","paper states median, IQR and count; not executed, because the sample value is absent",REPRODUCIBLE_FROM_RAW_SIGNAL,RECONSTRUCTABLE_FROM_RAW,NOT_REPRODUCIBLE,numerical match is not established; raw ADC was not substituted for the author matrix
P_Amp_aVR_count,P_Amp,P_Amp_aVR_count,amplitude,conditioned signal sample at P peak,P peak sample index is public; the conditioned signal matrix is not,ExtractAmplitudeFeaturesFromFPT,"yes: the sample at the fiducial, no unit conversion inside the function","paper states median, IQR and count; not executed, because the sample value is absent",REPRODUCIBLE_FROM_RAW_SIGNAL,RECONSTRUCTABLE_FROM_RAW,NOT_REPRODUCIBLE,numerical match is not established; raw ADC was not substituted for the author matrix
P_DurFull_I,P_DurFull,P_DurFull_I,interval,"P onset, P offset",published fiducial sample indices for record 00513,ExtractIntervalFeaturesFromFPT,yes,"yes for this record: median, linear IQR, finite count",REPRODUCIBLE_FROM_FIDUCIALS,EXACT_FROM_FIDUCIALS,EXACT,
P_DurFull_I_iqr,P_DurFull,P_DurFull_I_iqr,interval,"P onset, P offset",published fiducial sample indices for record 00513,ExtractIntervalFeaturesFromFPT,yes,"yes for this record: median, linear IQR, finite count",REPRODUCIBLE_FROM_FIDUCIALS,EXACT_FROM_FIDUCIALS,EXACT,
P_DurFull_I_count,P_DurFull,P_DurFull_I_count,interval,"P onset, P offset",published fiducial sample indices for record 00513,ExtractIntervalFeaturesFromFPT,yes,"yes for this record: median, linear IQR, finite count",REPRODUCIBLE_FROM_FIDUCIALS,EXACT_FROM_FIDUCIALS,EXACT,
P_DurFull_II,P_DurFull,P_DurFull_II,interval,"P onset, P offset",published fiducial sample indices for record 00513,ExtractIntervalFeaturesFromFPT,yes,"yes for this record: median, linear IQR, finite count",REPRODUCIBLE_FROM_FIDUCIALS,EXACT_FROM_FIDUCIALS,EXACT,
P_DurFull_II_iqr,P_DurFull,P_DurFull_II_iqr,interval,"P onset, P offset",published fiducial sample indices for record 00513,ExtractIntervalFeaturesFromFPT,yes,"yes for this record: median, linear IQR, finite count",REPRODUCIBLE_FROM_FIDUCIALS,EXACT_FROM_FIDUCIALS,EXACT,
P_DurFull_II_count,P_DurFull,P_DurFull_II_count,interval,"P onset, P offset",published fiducial sample indices for record 00513,ExtractIntervalFeaturesFromFPT,yes,"yes for this record: median, linear IQR, finite count",REPRODUCIBLE_FROM_FIDUCIALS,EXACT_FROM_FIDUCIALS,EXACT,
P_DurFull_III,P_DurFull,P_DurFull_III,interval,"P onset, P offset",published fiducial sample indices for record 00513,ExtractIntervalFeaturesFromFPT,yes,"yes for this record: median, linear IQR, finite count",REPRODUCIBLE_FROM_FIDUCIALS,EXACT_FROM_FIDUCIALS,EXACT,
P_DurFull_III_iqr,P_DurFull,P_DurFull_III_iqr,interval,"P onset, P offset",published fiducial sample indices for record 00513,ExtractIntervalFeaturesFromFPT,yes,"yes for this record: median, linear IQR, finite count",REPRODUCIBLE_FROM_FIDUCIALS,EXACT_FROM_FIDUCIALS,EXACT,
P_DurFull_III_count,P_DurFull,P_DurFull_III_count,interval,"P onset, P offset",published fiducial sample indices for record 00513,ExtractIntervalFeaturesFromFPT,yes,"yes for this record: median, linear IQR, finite count",REPRODUCIBLE_FROM_FIDUCIALS,EXACT_FROM_FIDUCIALS,EXACT,
P_DurFull_V1,P_DurFull,P_DurFull_V1,interval,"P onset, P offset",published fiducial sample indices for record 00513,ExtractIntervalFeaturesFromFPT,yes,"yes for this record: median, linear IQR, finite count",REPRODUCIBLE_FROM_FIDUCIALS,EXACT_FROM_FIDUCIALS,EXACT,
P_DurFull_V1_iqr,P_DurFull,P_DurFull_V1_iqr,interval,"P onset, P offset",published fiducial sample indices for record 00513,ExtractIntervalFeaturesFromFPT,yes,"yes for this record: median, linear IQR, finite count",REPRODUCIBLE_FROM_FIDUCIALS,EXACT_FROM_FIDUCIALS,EXACT,
P_DurFull_V1_count,P_DurFull,P_DurFull_V1_count,interval,"P onset, P offset",published fiducial sample indices for record 00513,ExtractIntervalFeaturesFromFPT,yes,"yes for this record: median, linear IQR, finite count",REPRODUCIBLE_FROM_FIDUCIALS,EXACT_FROM_FIDUCIALS,EXACT,
P_DurFull_V2,P_DurFull,P_DurFull_V2,interval,"P onset, P offset",published fiducial sample indices for record 00513,ExtractIntervalFeaturesFromFPT,yes,"yes for this record: median, linear IQR, finite count",REPRODUCIBLE_FROM_FIDUCIALS,EXACT_FROM_FIDUCIALS,EXACT,
P_DurFull_V2_iqr,P_DurFull,P_DurFull_V2_iqr,interval,"P onset, P offset",published fiducial sample indices for record 00513,ExtractIntervalFeaturesFromFPT,yes,"yes for this record: median, linear IQR, finite count",REPRODUCIBLE_FROM_FIDUCIALS,EXACT_FROM_FIDUCIALS,EXACT,
P_DurFull_V2_count,P_DurFull,P_DurFull_V2_count,interval,"P onset, P offset",published fiducial sample indices for record 00513,ExtractIntervalFeaturesFromFPT,yes,"yes for this record: median, linear IQR, finite count",REPRODUCIBLE_FROM_FIDUCIALS,EXACT_FROM_FIDUCIALS,EXACT,
P_DurFull_V3,P_DurFull,P_DurFull_V3,interval,"P onset, P offset",published fiducial sample indices for record 00513,ExtractIntervalFeaturesFromFPT,yes,"yes for this record: median, linear IQR, finite count",REPRODUCIBLE_FROM_FIDUCIALS,EXACT_FROM_FIDUCIALS,EXACT,
P_DurFull_V3_iqr,P_DurFull,P_DurFull_V3_iqr,interval,"P onset, P offset",published fiducial sample indices for record 00513,ExtractIntervalFeaturesFromFPT,yes,"yes for this record: median, linear IQR, finite count",REPRODUCIBLE_FROM_FIDUCIALS,EXACT_FROM_FIDUCIALS,EXACT,
P_DurFull_V3_count,P_DurFull,P_DurFull_V3_count,interval,"P onset, P offset",published fiducial sample indices for record 00513,ExtractIntervalFeaturesFromFPT,yes,"yes for this record: median, linear IQR, finite count",REPRODUCIBLE_FROM_FIDUCIALS,EXACT_FROM_FIDUCIALS,EXACT,
P_DurFull_V4,P_DurFull,P_DurFull_V4,interval,"P onset, P offset",published fiducial sample indices for record 00513,ExtractIntervalFeaturesFromFPT,yes,"yes for this record: median, linear IQR, finite count",REPRODUCIBLE_FROM_FIDUCIALS,EXACT_FROM_FIDUCIALS,EXACT,
P_DurFull_V4_iqr,P_DurFull,P_DurFull_V4_iqr,interval,"P onset, P offset",published fiducial sample indices for record 00513,ExtractIntervalFeaturesFromFPT,yes,"yes for this record: median, linear IQR, finite count",REPRODUCIBLE_FROM_FIDUCIALS,EXACT_FROM_FIDUCIALS,EXACT,
P_DurFull_V4_count,P_DurFull,P_DurFull_V4_count,interval,"P onset, P offset",published fiducial sample indices for record 00513,ExtractIntervalFeaturesFromFPT,yes,"yes for this record: median, linear IQR, finite count",REPRODUCIBLE_FROM_FIDUCIALS,EXACT_FROM_FIDUCIALS,EXACT,
P_DurFull_V5,P_DurFull,P_DurFull_V5,interval,"P onset, P offset",published fiducial sample indices for record 00513,ExtractIntervalFeaturesFromFPT,yes,"yes for this record: median, linear IQR, finite count",REPRODUCIBLE_FROM_FIDUCIALS,EXACT_FROM_FIDUCIALS,EXACT,
P_DurFull_V5_iqr,P_DurFull,P_DurFull_V5_iqr,interval,"P onset, P offset",published fiducial sample indices for record 00513,ExtractIntervalFeaturesFromFPT,yes,"yes for this record: median, linear IQR, finite count",REPRODUCIBLE_FROM_FIDUCIALS,EXACT_FROM_FIDUCIALS,EXACT,
P_DurFull_V5_count,P_DurFull,P_DurFull_V5_count,interval,"P onset, P offset",published fiducial sample indices for record 00513,ExtractIntervalFeaturesFromFPT,yes,"yes for this record: median, linear IQR, finite count",REPRODUCIBLE_FROM_FIDUCIALS,EXACT_FROM_FIDUCIALS,EXACT,
P_DurFull_V6,P_DurFull,P_DurFull_V6,interval,"P onset, P offset",published fiducial sample indices for record 00513,ExtractIntervalFeaturesFromFPT,yes,"yes for this record: median, linear IQR, finite count",REPRODUCIBLE_FROM_FIDUCIALS,EXACT_FROM_FIDUCIALS,EXACT,
P_DurFull_V6_iqr,P_DurFull,P_DurFull_V6_iqr,interval,"P onset, P offset",published fiducial sample indices for record 00513,ExtractIntervalFeaturesFromFPT,yes,"yes for this record: median, linear IQR, finite count",REPRODUCIBLE_FROM_FIDUCIALS,EXACT_FROM_FIDUCIALS,EXACT,
P_DurFull_V6_count,P_DurFull,P_DurFull_V6_count,interval,"P onset, P offset",published fiducial sample indices for record 00513,ExtractIntervalFeaturesFromFPT,yes,"yes for this record: median, linear IQR, finite count",REPRODUCIBLE_FROM_FIDUCIALS,EXACT_FROM_FIDUCIALS,EXACT,
P_DurFull_aVF,P_DurFull,P_DurFull_aVF,interval,"P onset, P offset",published fiducial sample indices for record 00513,ExtractIntervalFeaturesFromFPT,yes,"yes for this record: median, linear IQR, finite count",REPRODUCIBLE_FROM_FIDUCIALS,EXACT_FROM_FIDUCIALS,EXACT,
P_DurFull_aVF_iqr,P_DurFull,P_DurFull_aVF_iqr,interval,"P onset, P offset",published fiducial sample indices for record 00513,ExtractIntervalFeaturesFromFPT,yes,"yes for this record: median, linear IQR, finite count",REPRODUCIBLE_FROM_FIDUCIALS,EXACT_FROM_FIDUCIALS,EXACT,
P_DurFull_aVF_count,P_DurFull,P_DurFull_aVF_count,interval,"P onset, P offset",published fiducial sample indices for record 00513,ExtractIntervalFeaturesFromFPT,yes,"yes for this record: median, linear IQR, finite count",REPRODUCIBLE_FROM_FIDUCIALS,EXACT_FROM_FIDUCIALS,EXACT,
P_DurFull_aVL,P_DurFull,P_DurFull_aVL,interval,"P onset, P offset",published fiducial sample indices for record 00513,ExtractIntervalFeaturesFromFPT,yes,"yes for this record: median, linear IQR, finite count",REPRODUCIBLE_FROM_FIDUCIALS,EXACT_FROM_FIDUCIALS,EXACT,
P_DurFull_aVL_iqr,P_DurFull,P_DurFull_aVL_iqr,interval,"P onset, P offset",published fiducial sample indices for record 00513,ExtractIntervalFeaturesFromFPT,yes,"yes for this record: median, linear IQR, finite count",REPRODUCIBLE_FROM_FIDUCIALS,EXACT_FROM_FIDUCIALS,EXACT,
P_DurFull_aVL_count,P_DurFull,P_DurFull_aVL_count,interval,"P onset, P offset",published fiducial sample indices for record 00513,ExtractIntervalFeaturesFromFPT,yes,"yes for this record: median, linear IQR, finite count",REPRODUCIBLE_FROM_FIDUCIALS,EXACT_FROM_FIDUCIALS,EXACT,
P_DurFull_aVR,P_DurFull,P_DurFull_aVR,interval,"P onset, P offset",published fiducial sample indices for record 00513,ExtractIntervalFeaturesFromFPT,yes,"yes for this record: median, linear IQR, finite count",REPRODUCIBLE_FROM_FIDUCIALS,EXACT_FROM_FIDUCIALS,EXACT,
P_DurFull_aVR_iqr,P_DurFull,P_DurFull_aVR_iqr,interval,"P onset, P offset",published fiducial sample indices for record 00513,ExtractIntervalFeaturesFromFPT,yes,"yes for this record: median, linear IQR, finite count",REPRODUCIBLE_FROM_FIDUCIALS,EXACT_FROM_FIDUCIALS,EXACT,
P_DurFull_aVR_count,P_DurFull,P_DurFull_aVR_count,interval,"P onset, P offset",published fiducial sample indices for record 00513,ExtractIntervalFeaturesFromFPT,yes,"yes for this record: median, linear IQR, finite count",REPRODUCIBLE_FROM_FIDUCIALS,EXACT_FROM_FIDUCIALS,EXACT,
P_Dur_Global,P_Dur,P_Dur_Global,interval,"P onset, P offset across 12 leads",published fiducial sample indices for record 00513,ExtractIntervalFeaturesFromFPT,yes,"yes for this record: median, linear IQR, finite count",REPRODUCIBLE_FROM_FIDUCIALS,EXACT_FROM_FIDUCIALS,EXACT,
P_Dur_Global_iqr,P_Dur,P_Dur_Global_iqr,interval,"P onset, P offset across 12 leads",published fiducial sample indices for record 00513,ExtractIntervalFeaturesFromFPT,yes,"yes for this record: median, linear IQR, finite count",REPRODUCIBLE_FROM_FIDUCIALS,EXACT_FROM_FIDUCIALS,EXACT,
P_Dur_Global_count,P_Dur,P_Dur_Global_count,interval,"P onset, P offset across 12 leads",published fiducial sample indices for record 00513,ExtractIntervalFeaturesFromFPT,yes,"yes for this record: median, linear IQR, finite count",REPRODUCIBLE_FROM_FIDUCIALS,EXACT_FROM_FIDUCIALS,EXACT,
P_Morph_I,P_Morph,P_Morph_I,morphology,"signal, FPT, samplerate",FPT and raw signal are public; morphology codes are not in the atr files,Get_P_Morphology,the function is public and was not reimplemented,unknown how integer codes were reduced; not executed,REQUIRES_ECGDELI_INTERMEDIATE_OUTPUT,REQUIRES_ECGDELI_OUTPUT,NOT_REPRODUCIBLE,FIR design inside the function hardcodes SampleRate 1000; record 00513 is 500 Hz
P_Morph_I_iqr,P_Morph,P_Morph_I_iqr,morphology,"signal, FPT, samplerate",FPT and raw signal are public; morphology codes are not in the atr files,Get_P_Morphology,the function is public and was not reimplemented,unknown how integer codes were reduced; not executed,REQUIRES_ECGDELI_INTERMEDIATE_OUTPUT,REQUIRES_ECGDELI_OUTPUT,NOT_REPRODUCIBLE,FIR design inside the function hardcodes SampleRate 1000; record 00513 is 500 Hz
P_Morph_I_count,P_Morph,P_Morph_I_count,morphology,"signal, FPT, samplerate",FPT and raw signal are public; morphology codes are not in the atr files,Get_P_Morphology,the function is public and was not reimplemented,unknown how integer codes were reduced; not executed,REQUIRES_ECGDELI_INTERMEDIATE_OUTPUT,REQUIRES_ECGDELI_OUTPUT,NOT_REPRODUCIBLE,FIR design inside the function hardcodes SampleRate 1000; record 00513 is 500 Hz
P_Morph_II,P_Morph,P_Morph_II,morphology,"signal, FPT, samplerate",FPT and raw signal are public; morphology codes are not in the atr files,Get_P_Morphology,the function is public and was not reimplemented,unknown how integer codes were reduced; not executed,REQUIRES_ECGDELI_INTERMEDIATE_OUTPUT,REQUIRES_ECGDELI_OUTPUT,NOT_REPRODUCIBLE,FIR design inside the function hardcodes SampleRate 1000; record 00513 is 500 Hz
P_Morph_II_iqr,P_Morph,P_Morph_II_iqr,morphology,"signal, FPT, samplerate",FPT and raw signal are public; morphology codes are not in the atr files,Get_P_Morphology,the function is public and was not reimplemented,unknown how integer codes were reduced; not executed,REQUIRES_ECGDELI_INTERMEDIATE_OUTPUT,REQUIRES_ECGDELI_OUTPUT,NOT_REPRODUCIBLE,FIR design inside the function hardcodes SampleRate 1000; record 00513 is 500 Hz
P_Morph_II_count,P_Morph,P_Morph_II_count,morphology,"signal, FPT, samplerate",FPT and raw signal are public; morphology codes are not in the atr files,Get_P_Morphology,the function is public and was not reimplemented,unknown how integer codes were reduced; not executed,REQUIRES_ECGDELI_INTERMEDIATE_OUTPUT,REQUIRES_ECGDELI_OUTPUT,NOT_REPRODUCIBLE,FIR design inside the function hardcodes SampleRate 1000; record 00513 is 500 Hz
P_Morph_III,P_Morph,P_Morph_III,morphology,"signal, FPT, samplerate",FPT and raw signal are public; morphology codes are not in the atr files,Get_P_Morphology,the function is public and was not reimplemented,unknown how integer codes were reduced; not executed,REQUIRES_ECGDELI_INTERMEDIATE_OUTPUT,REQUIRES_ECGDELI_OUTPUT,NOT_REPRODUCIBLE,FIR design inside the function hardcodes SampleRate 1000; record 00513 is 500 Hz
P_Morph_III_iqr,P_Morph,P_Morph_III_iqr,morphology,"signal, FPT, samplerate",FPT and raw signal are public; morphology codes are not in the atr files,Get_P_Morphology,the function is public and was not reimplemented,unknown how integer codes were reduced; not executed,REQUIRES_ECGDELI_INTERMEDIATE_OUTPUT,REQUIRES_ECGDELI_OUTPUT,NOT_REPRODUCIBLE,FIR design inside the function hardcodes SampleRate 1000; record 00513 is 500 Hz
P_Morph_III_count,P_Morph,P_Morph_III_count,morphology,"signal, FPT, samplerate",FPT and raw signal are public; morphology codes are not in the atr files,Get_P_Morphology,the function is public and was not reimplemented,unknown how integer codes were reduced; not executed,REQUIRES_ECGDELI_INTERMEDIATE_OUTPUT,REQUIRES_ECGDELI_OUTPUT,NOT_REPRODUCIBLE,FIR design inside the function hardcodes SampleRate 1000; record 00513 is 500 Hz
P_Morph_V1,P_Morph,P_Morph_V1,morphology,"signal, FPT, samplerate",FPT and raw signal are public; morphology codes are not in the atr files,Get_P_Morphology,the function is public and was not reimplemented,unknown how integer codes were reduced; not executed,REQUIRES_ECGDELI_INTERMEDIATE_OUTPUT,REQUIRES_ECGDELI_OUTPUT,NOT_REPRODUCIBLE,FIR design inside the function hardcodes SampleRate 1000; record 00513 is 500 Hz
P_Morph_V1_iqr,P_Morph,P_Morph_V1_iqr,morphology,"signal, FPT, samplerate",FPT and raw signal are public; morphology codes are not in the atr files,Get_P_Morphology,the function is public and was not reimplemented,unknown how integer codes were reduced; not executed,REQUIRES_ECGDELI_INTERMEDIATE_OUTPUT,REQUIRES_ECGDELI_OUTPUT,NOT_REPRODUCIBLE,FIR design inside the function hardcodes SampleRate 1000; record 00513 is 500 Hz
P_Morph_V1_count,P_Morph,P_Morph_V1_count,morphology,"signal, FPT, samplerate",FPT and raw signal are public; morphology codes are not in the atr files,Get_P_Morphology,the function is public and was not reimplemented,unknown how integer codes were reduced; not executed,REQUIRES_ECGDELI_INTERMEDIATE_OUTPUT,REQUIRES_ECGDELI_OUTPUT,NOT_REPRODUCIBLE,FIR design inside the function hardcodes SampleRate 1000; record 00513 is 500 Hz
P_Morph_V2,P_Morph,P_Morph_V2,morphology,"signal, FPT, samplerate",FPT and raw signal are public; morphology codes are not in the atr files,Get_P_Morphology,the function is public and was not reimplemented,unknown how integer codes were reduced; not executed,REQUIRES_ECGDELI_INTERMEDIATE_OUTPUT,REQUIRES_ECGDELI_OUTPUT,NOT_REPRODUCIBLE,FIR design inside the function hardcodes SampleRate 1000; record 00513 is 500 Hz
P_Morph_V2_iqr,P_Morph,P_Morph_V2_iqr,morphology,"signal, FPT, samplerate",FPT and raw signal are public; morphology codes are not in the atr files,Get_P_Morphology,the function is public and was not reimplemented,unknown how integer codes were reduced; not executed,REQUIRES_ECGDELI_INTERMEDIATE_OUTPUT,REQUIRES_ECGDELI_OUTPUT,NOT_REPRODUCIBLE,FIR design inside the function hardcodes SampleRate 1000; record 00513 is 500 Hz
P_Morph_V2_count,P_Morph,P_Morph_V2_count,morphology,"signal, FPT, samplerate",FPT and raw signal are public; morphology codes are not in the atr files,Get_P_Morphology,the function is public and was not reimplemented,unknown how integer codes were reduced; not executed,REQUIRES_ECGDELI_INTERMEDIATE_OUTPUT,REQUIRES_ECGDELI_OUTPUT,NOT_REPRODUCIBLE,FIR design inside the function hardcodes SampleRate 1000; record 00513 is 500 Hz
P_Morph_V3,P_Morph,P_Morph_V3,morphology,"signal, FPT, samplerate",FPT and raw signal are public; morphology codes are not in the atr files,Get_P_Morphology,the function is public and was not reimplemented,unknown how integer codes were reduced; not executed,REQUIRES_ECGDELI_INTERMEDIATE_OUTPUT,REQUIRES_ECGDELI_OUTPUT,NOT_REPRODUCIBLE,FIR design inside the function hardcodes SampleRate 1000; record 00513 is 500 Hz
P_Morph_V3_iqr,P_Morph,P_Morph_V3_iqr,morphology,"signal, FPT, samplerate",FPT and raw signal are public; morphology codes are not in the atr files,Get_P_Morphology,the function is public and was not reimplemented,unknown how integer codes were reduced; not executed,REQUIRES_ECGDELI_INTERMEDIATE_OUTPUT,REQUIRES_ECGDELI_OUTPUT,NOT_REPRODUCIBLE,FIR design inside the function hardcodes SampleRate 1000; record 00513 is 500 Hz
P_Morph_V3_count,P_Morph,P_Morph_V3_count,morphology,"signal, FPT, samplerate",FPT and raw signal are public; morphology codes are not in the atr files,Get_P_Morphology,the function is public and was not reimplemented,unknown how integer codes were reduced; not executed,REQUIRES_ECGDELI_INTERMEDIATE_OUTPUT,REQUIRES_ECGDELI_OUTPUT,NOT_REPRODUCIBLE,FIR design inside the function hardcodes SampleRate 1000; record 00513 is 500 Hz
P_Morph_V4,P_Morph,P_Morph_V4,morphology,"signal, FPT, samplerate",FPT and raw signal are public; morphology codes are not in the atr files,Get_P_Morphology,the function is public and was not reimplemented,unknown how integer codes were reduced; not executed,REQUIRES_ECGDELI_INTERMEDIATE_OUTPUT,REQUIRES_ECGDELI_OUTPUT,NOT_REPRODUCIBLE,FIR design inside the function hardcodes SampleRate 1000; record 00513 is 500 Hz
P_Morph_V4_iqr,P_Morph,P_Morph_V4_iqr,morphology,"signal, FPT, samplerate",FPT and raw signal are public; morphology codes are not in the atr files,Get_P_Morphology,the function is public and was not reimplemented,unknown how integer codes were reduced; not executed,REQUIRES_ECGDELI_INTERMEDIATE_OUTPUT,REQUIRES_ECGDELI_OUTPUT,NOT_REPRODUCIBLE,FIR design inside the function hardcodes SampleRate 1000; record 00513 is 500 Hz
P_Morph_V4_count,P_Morph,P_Morph_V4_count,morphology,"signal, FPT, samplerate",FPT and raw signal are public; morphology codes are not in the atr files,Get_P_Morphology,the function is public and was not reimplemented,unknown how integer codes were reduced; not executed,REQUIRES_ECGDELI_INTERMEDIATE_OUTPUT,REQUIRES_ECGDELI_OUTPUT,NOT_REPRODUCIBLE,FIR design inside the function hardcodes SampleRate 1000; record 00513 is 500 Hz
P_Morph_V5,P_Morph,P_Morph_V5,morphology,"signal, FPT, samplerate",FPT and raw signal are public; morphology codes are not in the atr files,Get_P_Morphology,the function is public and was not reimplemented,unknown how integer codes were reduced; not executed,REQUIRES_ECGDELI_INTERMEDIATE_OUTPUT,REQUIRES_ECGDELI_OUTPUT,NOT_REPRODUCIBLE,FIR design inside the function hardcodes SampleRate 1000; record 00513 is 500 Hz
P_Morph_V5_iqr,P_Morph,P_Morph_V5_iqr,morphology,"signal, FPT, samplerate",FPT and raw signal are public; morphology codes are not in the atr files,Get_P_Morphology,the function is public and was not reimplemented,unknown how integer codes were reduced; not executed,REQUIRES_ECGDELI_INTERMEDIATE_OUTPUT,REQUIRES_ECGDELI_OUTPUT,NOT_REPRODUCIBLE,FIR design inside the function hardcodes SampleRate 1000; record 00513 is 500 Hz
P_Morph_V5_count,P_Morph,P_Morph_V5_count,morphology,"signal, FPT, samplerate",FPT and raw signal are public; morphology codes are not in the atr files,Get_P_Morphology,the function is public and was not reimplemented,unknown how integer codes were reduced; not executed,REQUIRES_ECGDELI_INTERMEDIATE_OUTPUT,REQUIRES_ECGDELI_OUTPUT,NOT_REPRODUCIBLE,FIR design inside the function hardcodes SampleRate 1000; record 00513 is 500 Hz
P_Morph_V6,P_Morph,P_Morph_V6,morphology,"signal, FPT, samplerate",FPT and raw signal are public; morphology codes are not in the atr files,Get_P_Morphology,the function is public and was not reimplemented,unknown how integer codes were reduced; not executed,REQUIRES_ECGDELI_INTERMEDIATE_OUTPUT,REQUIRES_ECGDELI_OUTPUT,NOT_REPRODUCIBLE,FIR design inside the function hardcodes SampleRate 1000; record 00513 is 500 Hz
P_Morph_V6_iqr,P_Morph,P_Morph_V6_iqr,morphology,"signal, FPT, samplerate",FPT and raw signal are public; morphology codes are not in the atr files,Get_P_Morphology,the function is public and was not reimplemented,unknown how integer codes were reduced; not executed,REQUIRES_ECGDELI_INTERMEDIATE_OUTPUT,REQUIRES_ECGDELI_OUTPUT,NOT_REPRODUCIBLE,FIR design inside the function hardcodes SampleRate 1000; record 00513 is 500 Hz
P_Morph_V6_count,P_Morph,P_Morph_V6_count,morphology,"signal, FPT, samplerate",FPT and raw signal are public; morphology codes are not in the atr files,Get_P_Morphology,the function is public and was not reimplemented,unknown how integer codes were reduced; not executed,REQUIRES_ECGDELI_INTERMEDIATE_OUTPUT,REQUIRES_ECGDELI_OUTPUT,NOT_REPRODUCIBLE,FIR design inside the function hardcodes SampleRate 1000; record 00513 is 500 Hz
P_Morph_aVF,P_Morph,P_Morph_aVF,morphology,"signal, FPT, samplerate",FPT and raw signal are public; morphology codes are not in the atr files,Get_P_Morphology,the function is public and was not reimplemented,unknown how integer codes were reduced; not executed,REQUIRES_ECGDELI_INTERMEDIATE_OUTPUT,REQUIRES_ECGDELI_OUTPUT,NOT_REPRODUCIBLE,FIR design inside the function hardcodes SampleRate 1000; record 00513 is 500 Hz
P_Morph_aVF_iqr,P_Morph,P_Morph_aVF_iqr,morphology,"signal, FPT, samplerate",FPT and raw signal are public; morphology codes are not in the atr files,Get_P_Morphology,the function is public and was not reimplemented,unknown how integer codes were reduced; not executed,REQUIRES_ECGDELI_INTERMEDIATE_OUTPUT,REQUIRES_ECGDELI_OUTPUT,NOT_REPRODUCIBLE,FIR design inside the function hardcodes SampleRate 1000; record 00513 is 500 Hz
P_Morph_aVF_count,P_Morph,P_Morph_aVF_count,morphology,"signal, FPT, samplerate",FPT and raw signal are public; morphology codes are not in the atr files,Get_P_Morphology,the function is public and was not reimplemented,unknown how integer codes were reduced; not executed,REQUIRES_ECGDELI_INTERMEDIATE_OUTPUT,REQUIRES_ECGDELI_OUTPUT,NOT_REPRODUCIBLE,FIR design inside the function hardcodes SampleRate 1000; record 00513 is 500 Hz
P_Morph_aVL,P_Morph,P_Morph_aVL,morphology,"signal, FPT, samplerate",FPT and raw signal are public; morphology codes are not in the atr files,Get_P_Morphology,the function is public and was not reimplemented,unknown how integer codes were reduced; not executed,REQUIRES_ECGDELI_INTERMEDIATE_OUTPUT,REQUIRES_ECGDELI_OUTPUT,NOT_REPRODUCIBLE,FIR design inside the function hardcodes SampleRate 1000; record 00513 is 500 Hz
P_Morph_aVL_iqr,P_Morph,P_Morph_aVL_iqr,morphology,"signal, FPT, samplerate",FPT and raw signal are public; morphology codes are not in the atr files,Get_P_Morphology,the function is public and was not reimplemented,unknown how integer codes were reduced; not executed,REQUIRES_ECGDELI_INTERMEDIATE_OUTPUT,REQUIRES_ECGDELI_OUTPUT,NOT_REPRODUCIBLE,FIR design inside the function hardcodes SampleRate 1000; record 00513 is 500 Hz
P_Morph_aVL_count,P_Morph,P_Morph_aVL_count,morphology,"signal, FPT, samplerate",FPT and raw signal are public; morphology codes are not in the atr files,Get_P_Morphology,the function is public and was not reimplemented,unknown how integer codes were reduced; not executed,REQUIRES_ECGDELI_INTERMEDIATE_OUTPUT,REQUIRES_ECGDELI_OUTPUT,NOT_REPRODUCIBLE,FIR design inside the function hardcodes SampleRate 1000; record 00513 is 500 Hz
P_Morph_aVR,P_Morph,P_Morph_aVR,morphology,"signal, FPT, samplerate",FPT and raw signal are public; morphology codes are not in the atr files,Get_P_Morphology,the function is public and was not reimplemented,unknown how integer codes were reduced; not executed,REQUIRES_ECGDELI_INTERMEDIATE_OUTPUT,REQUIRES_ECGDELI_OUTPUT,NOT_REPRODUCIBLE,FIR design inside the function hardcodes SampleRate 1000; record 00513 is 500 Hz
P_Morph_aVR_iqr,P_Morph,P_Morph_aVR_iqr,morphology,"signal, FPT, samplerate",FPT and raw signal are public; morphology codes are not in the atr files,Get_P_Morphology,the function is public and was not reimplemented,unknown how integer codes were reduced; not executed,REQUIRES_ECGDELI_INTERMEDIATE_OUTPUT,REQUIRES_ECGDELI_OUTPUT,NOT_REPRODUCIBLE,FIR design inside the function hardcodes SampleRate 1000; record 00513 is 500 Hz
P_Morph_aVR_count,P_Morph,P_Morph_aVR_count,morphology,"signal, FPT, samplerate",FPT and raw signal are public; morphology codes are not in the atr files,Get_P_Morphology,the function is public and was not reimplemented,unknown how integer codes were reduced; not executed,REQUIRES_ECGDELI_INTERMEDIATE_OUTPUT,REQUIRES_ECGDELI_OUTPUT,NOT_REPRODUCIBLE,FIR design inside the function hardcodes SampleRate 1000; record 00513 is 500 Hz
Q_Amp_I,Q_Amp,Q_Amp_I,amplitude,conditioned signal sample at Q peak,Q peak sample index is public; the conditioned signal matrix is not,ExtractAmplitudeFeaturesFromFPT,"yes: the sample at the fiducial, no unit conversion inside the function","paper states median, IQR and count; not executed, because the sample value is absent",REPRODUCIBLE_FROM_RAW_SIGNAL,RECONSTRUCTABLE_FROM_RAW,NOT_REPRODUCIBLE,numerical match is not established; raw ADC was not substituted for the author matrix
Q_Amp_I_iqr,Q_Amp,Q_Amp_I_iqr,amplitude,conditioned signal sample at Q peak,Q peak sample index is public; the conditioned signal matrix is not,ExtractAmplitudeFeaturesFromFPT,"yes: the sample at the fiducial, no unit conversion inside the function","paper states median, IQR and count; not executed, because the sample value is absent",REPRODUCIBLE_FROM_RAW_SIGNAL,RECONSTRUCTABLE_FROM_RAW,NOT_REPRODUCIBLE,numerical match is not established; raw ADC was not substituted for the author matrix
Q_Amp_I_count,Q_Amp,Q_Amp_I_count,amplitude,conditioned signal sample at Q peak,Q peak sample index is public; the conditioned signal matrix is not,ExtractAmplitudeFeaturesFromFPT,"yes: the sample at the fiducial, no unit conversion inside the function","paper states median, IQR and count; not executed, because the sample value is absent",REPRODUCIBLE_FROM_RAW_SIGNAL,RECONSTRUCTABLE_FROM_RAW,NOT_REPRODUCIBLE,numerical match is not established; raw ADC was not substituted for the author matrix
Q_Amp_II,Q_Amp,Q_Amp_II,amplitude,conditioned signal sample at Q peak,Q peak sample index is public; the conditioned signal matrix is not,ExtractAmplitudeFeaturesFromFPT,"yes: the sample at the fiducial, no unit conversion inside the function","paper states median, IQR and count; not executed, because the sample value is absent",REPRODUCIBLE_FROM_RAW_SIGNAL,RECONSTRUCTABLE_FROM_RAW,NOT_REPRODUCIBLE,numerical match is not established; raw ADC was not substituted for the author matrix
Q_Amp_II_iqr,Q_Amp,Q_Amp_II_iqr,amplitude,conditioned signal sample at Q peak,Q peak sample index is public; the conditioned signal matrix is not,ExtractAmplitudeFeaturesFromFPT,"yes: the sample at the fiducial, no unit conversion inside the function","paper states median, IQR and count; not executed, because the sample value is absent",REPRODUCIBLE_FROM_RAW_SIGNAL,RECONSTRUCTABLE_FROM_RAW,NOT_REPRODUCIBLE,numerical match is not established; raw ADC was not substituted for the author matrix
Q_Amp_II_count,Q_Amp,Q_Amp_II_count,amplitude,conditioned signal sample at Q peak,Q peak sample index is public; the conditioned signal matrix is not,ExtractAmplitudeFeaturesFromFPT,"yes: the sample at the fiducial, no unit conversion inside the function","paper states median, IQR and count; not executed, because the sample value is absent",REPRODUCIBLE_FROM_RAW_SIGNAL,RECONSTRUCTABLE_FROM_RAW,NOT_REPRODUCIBLE,numerical match is not established; raw ADC was not substituted for the author matrix
Q_Amp_III,Q_Amp,Q_Amp_III,amplitude,conditioned signal sample at Q peak,Q peak sample index is public; the conditioned signal matrix is not,ExtractAmplitudeFeaturesFromFPT,"yes: the sample at the fiducial, no unit conversion inside the function","paper states median, IQR and count; not executed, because the sample value is absent",REPRODUCIBLE_FROM_RAW_SIGNAL,RECONSTRUCTABLE_FROM_RAW,NOT_REPRODUCIBLE,numerical match is not established; raw ADC was not substituted for the author matrix
Q_Amp_III_iqr,Q_Amp,Q_Amp_III_iqr,amplitude,conditioned signal sample at Q peak,Q peak sample index is public; the conditioned signal matrix is not,ExtractAmplitudeFeaturesFromFPT,"yes: the sample at the fiducial, no unit conversion inside the function","paper states median, IQR and count; not executed, because the sample value is absent",REPRODUCIBLE_FROM_RAW_SIGNAL,RECONSTRUCTABLE_FROM_RAW,NOT_REPRODUCIBLE,numerical match is not established; raw ADC was not substituted for the author matrix
Q_Amp_III_count,Q_Amp,Q_Amp_III_count,amplitude,conditioned signal sample at Q peak,Q peak sample index is public; the conditioned signal matrix is not,ExtractAmplitudeFeaturesFromFPT,"yes: the sample at the fiducial, no unit conversion inside the function","paper states median, IQR and count; not executed, because the sample value is absent",REPRODUCIBLE_FROM_RAW_SIGNAL,RECONSTRUCTABLE_FROM_RAW,NOT_REPRODUCIBLE,numerical match is not established; raw ADC was not substituted for the author matrix
Q_Amp_V1,Q_Amp,Q_Amp_V1,amplitude,conditioned signal sample at Q peak,Q peak sample index is public; the conditioned signal matrix is not,ExtractAmplitudeFeaturesFromFPT,"yes: the sample at the fiducial, no unit conversion inside the function","paper states median, IQR and count; not executed, because the sample value is absent",REPRODUCIBLE_FROM_RAW_SIGNAL,RECONSTRUCTABLE_FROM_RAW,NOT_REPRODUCIBLE,numerical match is not established; raw ADC was not substituted for the author matrix
Q_Amp_V1_iqr,Q_Amp,Q_Amp_V1_iqr,amplitude,conditioned signal sample at Q peak,Q peak sample index is public; the conditioned signal matrix is not,ExtractAmplitudeFeaturesFromFPT,"yes: the sample at the fiducial, no unit conversion inside the function","paper states median, IQR and count; not executed, because the sample value is absent",REPRODUCIBLE_FROM_RAW_SIGNAL,RECONSTRUCTABLE_FROM_RAW,NOT_REPRODUCIBLE,numerical match is not established; raw ADC was not substituted for the author matrix
Q_Amp_V1_count,Q_Amp,Q_Amp_V1_count,amplitude,conditioned signal sample at Q peak,Q peak sample index is public; the conditioned signal matrix is not,ExtractAmplitudeFeaturesFromFPT,"yes: the sample at the fiducial, no unit conversion inside the function","paper states median, IQR and count; not executed, because the sample value is absent",REPRODUCIBLE_FROM_RAW_SIGNAL,RECONSTRUCTABLE_FROM_RAW,NOT_REPRODUCIBLE,numerical match is not established; raw ADC was not substituted for the author matrix
Q_Amp_V2,Q_Amp,Q_Amp_V2,amplitude,conditioned signal sample at Q peak,Q peak sample index is public; the conditioned signal matrix is not,ExtractAmplitudeFeaturesFromFPT,"yes: the sample at the fiducial, no unit conversion inside the function","paper states median, IQR and count; not executed, because the sample value is absent",REPRODUCIBLE_FROM_RAW_SIGNAL,RECONSTRUCTABLE_FROM_RAW,NOT_REPRODUCIBLE,numerical match is not established; raw ADC was not substituted for the author matrix
Q_Amp_V2_iqr,Q_Amp,Q_Amp_V2_iqr,amplitude,conditioned signal sample at Q peak,Q peak sample index is public; the conditioned signal matrix is not,ExtractAmplitudeFeaturesFromFPT,"yes: the sample at the fiducial, no unit conversion inside the function","paper states median, IQR and count; not executed, because the sample value is absent",REPRODUCIBLE_FROM_RAW_SIGNAL,RECONSTRUCTABLE_FROM_RAW,NOT_REPRODUCIBLE,numerical match is not established; raw ADC was not substituted for the author matrix
Q_Amp_V2_count,Q_Amp,Q_Amp_V2_count,amplitude,conditioned signal sample at Q peak,Q peak sample index is public; the conditioned signal matrix is not,ExtractAmplitudeFeaturesFromFPT,"yes: the sample at the fiducial, no unit conversion inside the function","paper states median, IQR and count; not executed, because the sample value is absent",REPRODUCIBLE_FROM_RAW_SIGNAL,RECONSTRUCTABLE_FROM_RAW,NOT_REPRODUCIBLE,numerical match is not established; raw ADC was not substituted for the author matrix
Q_Amp_V3,Q_Amp,Q_Amp_V3,amplitude,conditioned signal sample at Q peak,Q peak sample index is public; the conditioned signal matrix is not,ExtractAmplitudeFeaturesFromFPT,"yes: the sample at the fiducial, no unit conversion inside the function","paper states median, IQR and count; not executed, because the sample value is absent",REPRODUCIBLE_FROM_RAW_SIGNAL,RECONSTRUCTABLE_FROM_RAW,NOT_REPRODUCIBLE,numerical match is not established; raw ADC was not substituted for the author matrix
Q_Amp_V3_iqr,Q_Amp,Q_Amp_V3_iqr,amplitude,conditioned signal sample at Q peak,Q peak sample index is public; the conditioned signal matrix is not,ExtractAmplitudeFeaturesFromFPT,"yes: the sample at the fiducial, no unit conversion inside the function","paper states median, IQR and count; not executed, because the sample value is absent",REPRODUCIBLE_FROM_RAW_SIGNAL,RECONSTRUCTABLE_FROM_RAW,NOT_REPRODUCIBLE,numerical match is not established; raw ADC was not substituted for the author matrix
Q_Amp_V3_count,Q_Amp,Q_Amp_V3_count,amplitude,conditioned signal sample at Q peak,Q peak sample index is public; the conditioned signal matrix is not,ExtractAmplitudeFeaturesFromFPT,"yes: the sample at the fiducial, no unit conversion inside the function","paper states median, IQR and count; not executed, because the sample value is absent",REPRODUCIBLE_FROM_RAW_SIGNAL,RECONSTRUCTABLE_FROM_RAW,NOT_REPRODUCIBLE,numerical match is not established; raw ADC was not substituted for the author matrix
Q_Amp_V4,Q_Amp,Q_Amp_V4,amplitude,conditioned signal sample at Q peak,Q peak sample index is public; the conditioned signal matrix is not,ExtractAmplitudeFeaturesFromFPT,"yes: the sample at the fiducial, no unit conversion inside the function","paper states median, IQR and count; not executed, because the sample value is absent",REPRODUCIBLE_FROM_RAW_SIGNAL,RECONSTRUCTABLE_FROM_RAW,NOT_REPRODUCIBLE,numerical match is not established; raw ADC was not substituted for the author matrix
Q_Amp_V4_iqr,Q_Amp,Q_Amp_V4_iqr,amplitude,conditioned signal sample at Q peak,Q peak sample index is public; the conditioned signal matrix is not,ExtractAmplitudeFeaturesFromFPT,"yes: the sample at the fiducial, no unit conversion inside the function","paper states median, IQR and count; not executed, because the sample value is absent",REPRODUCIBLE_FROM_RAW_SIGNAL,RECONSTRUCTABLE_FROM_RAW,NOT_REPRODUCIBLE,numerical match is not established; raw ADC was not substituted for the author matrix
Q_Amp_V4_count,Q_Amp,Q_Amp_V4_count,amplitude,conditioned signal sample at Q peak,Q peak sample index is public; the conditioned signal matrix is not,ExtractAmplitudeFeaturesFromFPT,"yes: the sample at the fiducial, no unit conversion inside the function","paper states median, IQR and count; not executed, because the sample value is absent",REPRODUCIBLE_FROM_RAW_SIGNAL,RECONSTRUCTABLE_FROM_RAW,NOT_REPRODUCIBLE,numerical match is not established; raw ADC was not substituted for the author matrix
Q_Amp_V5,Q_Amp,Q_Amp_V5,amplitude,conditioned signal sample at Q peak,Q peak sample index is public; the conditioned signal matrix is not,ExtractAmplitudeFeaturesFromFPT,"yes: the sample at the fiducial, no unit conversion inside the function","paper states median, IQR and count; not executed, because the sample value is absent",REPRODUCIBLE_FROM_RAW_SIGNAL,RECONSTRUCTABLE_FROM_RAW,NOT_REPRODUCIBLE,numerical match is not established; raw ADC was not substituted for the author matrix
Q_Amp_V5_iqr,Q_Amp,Q_Amp_V5_iqr,amplitude,conditioned signal sample at Q peak,Q peak sample index is public; the conditioned signal matrix is not,ExtractAmplitudeFeaturesFromFPT,"yes: the sample at the fiducial, no unit conversion inside the function","paper states median, IQR and count; not executed, because the sample value is absent",REPRODUCIBLE_FROM_RAW_SIGNAL,RECONSTRUCTABLE_FROM_RAW,NOT_REPRODUCIBLE,numerical match is not established; raw ADC was not substituted for the author matrix
Q_Amp_V5_count,Q_Amp,Q_Amp_V5_count,amplitude,conditioned signal sample at Q peak,Q peak sample index is public; the conditioned signal matrix is not,ExtractAmplitudeFeaturesFromFPT,"yes: the sample at the fiducial, no unit conversion inside the function","paper states median, IQR and count; not executed, because the sample value is absent",REPRODUCIBLE_FROM_RAW_SIGNAL,RECONSTRUCTABLE_FROM_RAW,NOT_REPRODUCIBLE,numerical match is not established; raw ADC was not substituted for the author matrix
Q_Amp_V6,Q_Amp,Q_Amp_V6,amplitude,conditioned signal sample at Q peak,Q peak sample index is public; the conditioned signal matrix is not,ExtractAmplitudeFeaturesFromFPT,"yes: the sample at the fiducial, no unit conversion inside the function","paper states median, IQR and count; not executed, because the sample value is absent",REPRODUCIBLE_FROM_RAW_SIGNAL,RECONSTRUCTABLE_FROM_RAW,NOT_REPRODUCIBLE,numerical match is not established; raw ADC was not substituted for the author matrix
Q_Amp_V6_iqr,Q_Amp,Q_Amp_V6_iqr,amplitude,conditioned signal sample at Q peak,Q peak sample index is public; the conditioned signal matrix is not,ExtractAmplitudeFeaturesFromFPT,"yes: the sample at the fiducial, no unit conversion inside the function","paper states median, IQR and count; not executed, because the sample value is absent",REPRODUCIBLE_FROM_RAW_SIGNAL,RECONSTRUCTABLE_FROM_RAW,NOT_REPRODUCIBLE,numerical match is not established; raw ADC was not substituted for the author matrix
Q_Amp_V6_count,Q_Amp,Q_Amp_V6_count,amplitude,conditioned signal sample at Q peak,Q peak sample index is public; the conditioned signal matrix is not,ExtractAmplitudeFeaturesFromFPT,"yes: the sample at the fiducial, no unit conversion inside the function","paper states median, IQR and count; not executed, because the sample value is absent",REPRODUCIBLE_FROM_RAW_SIGNAL,RECONSTRUCTABLE_FROM_RAW,NOT_REPRODUCIBLE,numerical match is not established; raw ADC was not substituted for the author matrix
Q_Amp_aVF,Q_Amp,Q_Amp_aVF,amplitude,conditioned signal sample at Q peak,Q peak sample index is public; the conditioned signal matrix is not,ExtractAmplitudeFeaturesFromFPT,"yes: the sample at the fiducial, no unit conversion inside the function","paper states median, IQR and count; not executed, because the sample value is absent",REPRODUCIBLE_FROM_RAW_SIGNAL,RECONSTRUCTABLE_FROM_RAW,NOT_REPRODUCIBLE,numerical match is not established; raw ADC was not substituted for the author matrix
Q_Amp_aVF_iqr,Q_Amp,Q_Amp_aVF_iqr,amplitude,conditioned signal sample at Q peak,Q peak sample index is public; the conditioned signal matrix is not,ExtractAmplitudeFeaturesFromFPT,"yes: the sample at the fiducial, no unit conversion inside the function","paper states median, IQR and count; not executed, because the sample value is absent",REPRODUCIBLE_FROM_RAW_SIGNAL,RECONSTRUCTABLE_FROM_RAW,NOT_REPRODUCIBLE,numerical match is not established; raw ADC was not substituted for the author matrix
Q_Amp_aVF_count,Q_Amp,Q_Amp_aVF_count,amplitude,conditioned signal sample at Q peak,Q peak sample index is public; the conditioned signal matrix is not,ExtractAmplitudeFeaturesFromFPT,"yes: the sample at the fiducial, no unit conversion inside the function","paper states median, IQR and count; not executed, because the sample value is absent",REPRODUCIBLE_FROM_RAW_SIGNAL,RECONSTRUCTABLE_FROM_RAW,NOT_REPRODUCIBLE,numerical match is not established; raw ADC was not substituted for the author matrix
Q_Amp_aVL,Q_Amp,Q_Amp_aVL,amplitude,conditioned signal sample at Q peak,Q peak sample index is public; the conditioned signal matrix is not,ExtractAmplitudeFeaturesFromFPT,"yes: the sample at the fiducial, no unit conversion inside the function","paper states median, IQR and count; not executed, because the sample value is absent",REPRODUCIBLE_FROM_RAW_SIGNAL,RECONSTRUCTABLE_FROM_RAW,NOT_REPRODUCIBLE,numerical match is not established; raw ADC was not substituted for the author matrix
Q_Amp_aVL_iqr,Q_Amp,Q_Amp_aVL_iqr,amplitude,conditioned signal sample at Q peak,Q peak sample index is public; the conditioned signal matrix is not,ExtractAmplitudeFeaturesFromFPT,"yes: the sample at the fiducial, no unit conversion inside the function","paper states median, IQR and count; not executed, because the sample value is absent",REPRODUCIBLE_FROM_RAW_SIGNAL,RECONSTRUCTABLE_FROM_RAW,NOT_REPRODUCIBLE,numerical match is not established; raw ADC was not substituted for the author matrix
Q_Amp_aVL_count,Q_Amp,Q_Amp_aVL_count,amplitude,conditioned signal sample at Q peak,Q peak sample index is public; the conditioned signal matrix is not,ExtractAmplitudeFeaturesFromFPT,"yes: the sample at the fiducial, no unit conversion inside the function","paper states median, IQR and count; not executed, because the sample value is absent",REPRODUCIBLE_FROM_RAW_SIGNAL,RECONSTRUCTABLE_FROM_RAW,NOT_REPRODUCIBLE,numerical match is not established; raw ADC was not substituted for the author matrix
Q_Amp_aVR,Q_Amp,Q_Amp_aVR,amplitude,conditioned signal sample at Q peak,Q peak sample index is public; the conditioned signal matrix is not,ExtractAmplitudeFeaturesFromFPT,"yes: the sample at the fiducial, no unit conversion inside the function","paper states median, IQR and count; not executed, because the sample value is absent",REPRODUCIBLE_FROM_RAW_SIGNAL,RECONSTRUCTABLE_FROM_RAW,NOT_REPRODUCIBLE,numerical match is not established; raw ADC was not substituted for the author matrix
Q_Amp_aVR_iqr,Q_Amp,Q_Amp_aVR_iqr,amplitude,conditioned signal sample at Q peak,Q peak sample index is public; the conditioned signal matrix is not,ExtractAmplitudeFeaturesFromFPT,"yes: the sample at the fiducial, no unit conversion inside the function","paper states median, IQR and count; not executed, because the sample value is absent",REPRODUCIBLE_FROM_RAW_SIGNAL,RECONSTRUCTABLE_FROM_RAW,NOT_REPRODUCIBLE,numerical match is not established; raw ADC was not substituted for the author matrix
Q_Amp_aVR_count,Q_Amp,Q_Amp_aVR_count,amplitude,conditioned signal sample at Q peak,Q peak sample index is public; the conditioned signal matrix is not,ExtractAmplitudeFeaturesFromFPT,"yes: the sample at the fiducial, no unit conversion inside the function","paper states median, IQR and count; not executed, because the sample value is absent",REPRODUCIBLE_FROM_RAW_SIGNAL,RECONSTRUCTABLE_FROM_RAW,NOT_REPRODUCIBLE,numerical match is not established; raw ADC was not substituted for the author matrix
QRS_Dur_I,QRS_Dur,QRS_Dur_I,interval,"QRS onset, QRS offset",published fiducial sample indices for record 00513,ExtractIntervalFeaturesFromFPT,yes,"yes for this record: median, linear IQR, finite count",REPRODUCIBLE_FROM_FIDUCIALS,EXACT_FROM_FIDUCIALS,EXACT,
QRS_Dur_I_iqr,QRS_Dur,QRS_Dur_I_iqr,interval,"QRS onset, QRS offset",published fiducial sample indices for record 00513,ExtractIntervalFeaturesFromFPT,yes,"yes for this record: median, linear IQR, finite count",REPRODUCIBLE_FROM_FIDUCIALS,EXACT_FROM_FIDUCIALS,EXACT,
QRS_Dur_I_count,QRS_Dur,QRS_Dur_I_count,interval,"QRS onset, QRS offset",published fiducial sample indices for record 00513,ExtractIntervalFeaturesFromFPT,yes,"yes for this record: median, linear IQR, finite count",REPRODUCIBLE_FROM_FIDUCIALS,EXACT_FROM_FIDUCIALS,EXACT,
QRS_Dur_II,QRS_Dur,QRS_Dur_II,interval,"QRS onset, QRS offset",published fiducial sample indices for record 00513,ExtractIntervalFeaturesFromFPT,yes,"yes for this record: median, linear IQR, finite count",REPRODUCIBLE_FROM_FIDUCIALS,EXACT_FROM_FIDUCIALS,EXACT,
QRS_Dur_II_iqr,QRS_Dur,QRS_Dur_II_iqr,interval,"QRS onset, QRS offset",published fiducial sample indices for record 00513,ExtractIntervalFeaturesFromFPT,yes,"yes for this record: median, linear IQR, finite count",REPRODUCIBLE_FROM_FIDUCIALS,EXACT_FROM_FIDUCIALS,EXACT,
QRS_Dur_II_count,QRS_Dur,QRS_Dur_II_count,interval,"QRS onset, QRS offset",published fiducial sample indices for record 00513,ExtractIntervalFeaturesFromFPT,yes,"yes for this record: median, linear IQR, finite count",REPRODUCIBLE_FROM_FIDUCIALS,EXACT_FROM_FIDUCIALS,EXACT,
QRS_Dur_III,QRS_Dur,QRS_Dur_III,interval,"QRS onset, QRS offset",published fiducial sample indices for record 00513,ExtractIntervalFeaturesFromFPT,yes,"yes for this record: median, linear IQR, finite count",REPRODUCIBLE_FROM_FIDUCIALS,EXACT_FROM_FIDUCIALS,EXACT,
QRS_Dur_III_iqr,QRS_Dur,QRS_Dur_III_iqr,interval,"QRS onset, QRS offset",published fiducial sample indices for record 00513,ExtractIntervalFeaturesFromFPT,yes,"yes for this record: median, linear IQR, finite count",REPRODUCIBLE_FROM_FIDUCIALS,EXACT_FROM_FIDUCIALS,EXACT,
QRS_Dur_III_count,QRS_Dur,QRS_Dur_III_count,interval,"QRS onset, QRS offset",published fiducial sample indices for record 00513,ExtractIntervalFeaturesFromFPT,yes,"yes for this record: median, linear IQR, finite count",REPRODUCIBLE_FROM_FIDUCIALS,EXACT_FROM_FIDUCIALS,EXACT,
QRS_Dur_V1,QRS_Dur,QRS_Dur_V1,interval,"QRS onset, QRS offset",published fiducial sample indices for record 00513,ExtractIntervalFeaturesFromFPT,yes,"yes for this record: median, linear IQR, finite count",REPRODUCIBLE_FROM_FIDUCIALS,EXACT_FROM_FIDUCIALS,EXACT,
QRS_Dur_V1_iqr,QRS_Dur,QRS_Dur_V1_iqr,interval,"QRS onset, QRS offset",published fiducial sample indices for record 00513,ExtractIntervalFeaturesFromFPT,yes,"yes for this record: median, linear IQR, finite count",REPRODUCIBLE_FROM_FIDUCIALS,EXACT_FROM_FIDUCIALS,EXACT,
QRS_Dur_V1_count,QRS_Dur,QRS_Dur_V1_count,interval,"QRS onset, QRS offset",published fiducial sample indices for record 00513,ExtractIntervalFeaturesFromFPT,yes,"yes for this record: median, linear IQR, finite count",REPRODUCIBLE_FROM_FIDUCIALS,EXACT_FROM_FIDUCIALS,EXACT,
QRS_Dur_V2,QRS_Dur,QRS_Dur_V2,interval,"QRS onset, QRS offset",published fiducial sample indices for record 00513,ExtractIntervalFeaturesFromFPT,yes,"yes for this record: median, linear IQR, finite count",REPRODUCIBLE_FROM_FIDUCIALS,EXACT_FROM_FIDUCIALS,EXACT,
QRS_Dur_V2_iqr,QRS_Dur,QRS_Dur_V2_iqr,interval,"QRS onset, QRS offset",published fiducial sample indices for record 00513,ExtractIntervalFeaturesFromFPT,yes,"yes for this record: median, linear IQR, finite count",REPRODUCIBLE_FROM_FIDUCIALS,EXACT_FROM_FIDUCIALS,EXACT,
QRS_Dur_V2_count,QRS_Dur,QRS_Dur_V2_count,interval,"QRS onset, QRS offset",published fiducial sample indices for record 00513,ExtractIntervalFeaturesFromFPT,yes,"yes for this record: median, linear IQR, finite count",REPRODUCIBLE_FROM_FIDUCIALS,EXACT_FROM_FIDUCIALS,EXACT,
QRS_Dur_V3,QRS_Dur,QRS_Dur_V3,interval,"QRS onset, QRS offset",published fiducial sample indices for record 00513,ExtractIntervalFeaturesFromFPT,yes,"yes for this record: median, linear IQR, finite count",REPRODUCIBLE_FROM_FIDUCIALS,EXACT_FROM_FIDUCIALS,EXACT,
QRS_Dur_V3_iqr,QRS_Dur,QRS_Dur_V3_iqr,interval,"QRS onset, QRS offset",published fiducial sample indices for record 00513,ExtractIntervalFeaturesFromFPT,yes,"yes for this record: median, linear IQR, finite count",REPRODUCIBLE_FROM_FIDUCIALS,EXACT_FROM_FIDUCIALS,EXACT,
QRS_Dur_V3_count,QRS_Dur,QRS_Dur_V3_count,interval,"QRS onset, QRS offset",published fiducial sample indices for record 00513,ExtractIntervalFeaturesFromFPT,yes,"yes for this record: median, linear IQR, finite count",REPRODUCIBLE_FROM_FIDUCIALS,EXACT_FROM_FIDUCIALS,EXACT,
QRS_Dur_V4,QRS_Dur,QRS_Dur_V4,interval,"QRS onset, QRS offset",published fiducial sample indices for record 00513,ExtractIntervalFeaturesFromFPT,yes,"yes for this record: median, linear IQR, finite count",REPRODUCIBLE_FROM_FIDUCIALS,EXACT_FROM_FIDUCIALS,EXACT,
QRS_Dur_V4_iqr,QRS_Dur,QRS_Dur_V4_iqr,interval,"QRS onset, QRS offset",published fiducial sample indices for record 00513,ExtractIntervalFeaturesFromFPT,yes,"yes for this record: median, linear IQR, finite count",REPRODUCIBLE_FROM_FIDUCIALS,EXACT_FROM_FIDUCIALS,EXACT,
QRS_Dur_V4_count,QRS_Dur,QRS_Dur_V4_count,interval,"QRS onset, QRS offset",published fiducial sample indices for record 00513,ExtractIntervalFeaturesFromFPT,yes,"yes for this record: median, linear IQR, finite count",REPRODUCIBLE_FROM_FIDUCIALS,EXACT_FROM_FIDUCIALS,EXACT,
QRS_Dur_V5,QRS_Dur,QRS_Dur_V5,interval,"QRS onset, QRS offset",published fiducial sample indices for record 00513,ExtractIntervalFeaturesFromFPT,yes,"yes for this record: median, linear IQR, finite count",REPRODUCIBLE_FROM_FIDUCIALS,EXACT_FROM_FIDUCIALS,EXACT,
QRS_Dur_V5_iqr,QRS_Dur,QRS_Dur_V5_iqr,interval,"QRS onset, QRS offset",published fiducial sample indices for record 00513,ExtractIntervalFeaturesFromFPT,yes,"yes for this record: median, linear IQR, finite count",REPRODUCIBLE_FROM_FIDUCIALS,EXACT_FROM_FIDUCIALS,EXACT,
QRS_Dur_V5_count,QRS_Dur,QRS_Dur_V5_count,interval,"QRS onset, QRS offset",published fiducial sample indices for record 00513,ExtractIntervalFeaturesFromFPT,yes,"yes for this record: median, linear IQR, finite count",REPRODUCIBLE_FROM_FIDUCIALS,EXACT_FROM_FIDUCIALS,EXACT,
QRS_Dur_V6,QRS_Dur,QRS_Dur_V6,interval,"QRS onset, QRS offset",published fiducial sample indices for record 00513,ExtractIntervalFeaturesFromFPT,yes,"yes for this record: median, linear IQR, finite count",REPRODUCIBLE_FROM_FIDUCIALS,EXACT_FROM_FIDUCIALS,EXACT,
QRS_Dur_V6_iqr,QRS_Dur,QRS_Dur_V6_iqr,interval,"QRS onset, QRS offset",published fiducial sample indices for record 00513,ExtractIntervalFeaturesFromFPT,yes,"yes for this record: median, linear IQR, finite count",REPRODUCIBLE_FROM_FIDUCIALS,EXACT_FROM_FIDUCIALS,EXACT,
QRS_Dur_V6_count,QRS_Dur,QRS_Dur_V6_count,interval,"QRS onset, QRS offset",published fiducial sample indices for record 00513,ExtractIntervalFeaturesFromFPT,yes,"yes for this record: median, linear IQR, finite count",REPRODUCIBLE_FROM_FIDUCIALS,EXACT_FROM_FIDUCIALS,EXACT,
QRS_Dur_aVF,QRS_Dur,QRS_Dur_aVF,interval,"QRS onset, QRS offset",published fiducial sample indices for record 00513,ExtractIntervalFeaturesFromFPT,yes,"yes for this record: median, linear IQR, finite count",REPRODUCIBLE_FROM_FIDUCIALS,EXACT_FROM_FIDUCIALS,EXACT,
QRS_Dur_aVF_iqr,QRS_Dur,QRS_Dur_aVF_iqr,interval,"QRS onset, QRS offset",published fiducial sample indices for record 00513,ExtractIntervalFeaturesFromFPT,yes,"yes for this record: median, linear IQR, finite count",REPRODUCIBLE_FROM_FIDUCIALS,EXACT_FROM_FIDUCIALS,EXACT,
QRS_Dur_aVF_count,QRS_Dur,QRS_Dur_aVF_count,interval,"QRS onset, QRS offset",published fiducial sample indices for record 00513,ExtractIntervalFeaturesFromFPT,yes,"yes for this record: median, linear IQR, finite count",REPRODUCIBLE_FROM_FIDUCIALS,EXACT_FROM_FIDUCIALS,EXACT,
QRS_Dur_aVL,QRS_Dur,QRS_Dur_aVL,interval,"QRS onset, QRS offset",published fiducial sample indices for record 00513,ExtractIntervalFeaturesFromFPT,yes,"yes for this record: median, linear IQR, finite count",REPRODUCIBLE_FROM_FIDUCIALS,EXACT_FROM_FIDUCIALS,EXACT,
QRS_Dur_aVL_iqr,QRS_Dur,QRS_Dur_aVL_iqr,interval,"QRS onset, QRS offset",published fiducial sample indices for record 00513,ExtractIntervalFeaturesFromFPT,yes,"yes for this record: median, linear IQR, finite count",REPRODUCIBLE_FROM_FIDUCIALS,EXACT_FROM_FIDUCIALS,EXACT,
QRS_Dur_aVL_count,QRS_Dur,QRS_Dur_aVL_count,interval,"QRS onset, QRS offset",published fiducial sample indices for record 00513,ExtractIntervalFeaturesFromFPT,yes,"yes for this record: median, linear IQR, finite count",REPRODUCIBLE_FROM_FIDUCIALS,EXACT_FROM_FIDUCIALS,EXACT,
QRS_Dur_aVR,QRS_Dur,QRS_Dur_aVR,interval,"QRS onset, QRS offset",published fiducial sample indices for record 00513,ExtractIntervalFeaturesFromFPT,yes,"yes for this record: median, linear IQR, finite count",REPRODUCIBLE_FROM_FIDUCIALS,EXACT_FROM_FIDUCIALS,EXACT,
QRS_Dur_aVR_iqr,QRS_Dur,QRS_Dur_aVR_iqr,interval,"QRS onset, QRS offset",published fiducial sample indices for record 00513,ExtractIntervalFeaturesFromFPT,yes,"yes for this record: median, linear IQR, finite count",REPRODUCIBLE_FROM_FIDUCIALS,EXACT_FROM_FIDUCIALS,EXACT,
QRS_Dur_aVR_count,QRS_Dur,QRS_Dur_aVR_count,interval,"QRS onset, QRS offset",published fiducial sample indices for record 00513,ExtractIntervalFeaturesFromFPT,yes,"yes for this record: median, linear IQR, finite count",REPRODUCIBLE_FROM_FIDUCIALS,EXACT_FROM_FIDUCIALS,EXACT,
QRS_Dur_Global,QRS_Dur,QRS_Dur_Global,interval,"QRS onset, QRS offset",published fiducial sample indices for record 00513,ExtractIntervalFeaturesFromFPT,yes,"yes for this record: median, linear IQR, finite count",REPRODUCIBLE_FROM_FIDUCIALS,EXACT_FROM_FIDUCIALS,EXACT,
QRS_Dur_Global_iqr,QRS_Dur,QRS_Dur_Global_iqr,interval,"QRS onset, QRS offset",published fiducial sample indices for record 00513,ExtractIntervalFeaturesFromFPT,yes,"yes for this record: median, linear IQR, finite count",REPRODUCIBLE_FROM_FIDUCIALS,EXACT_FROM_FIDUCIALS,EXACT,
QRS_Dur_Global_count,QRS_Dur,QRS_Dur_Global_count,interval,"QRS onset, QRS offset",published fiducial sample indices for record 00513,ExtractIntervalFeaturesFromFPT,yes,"yes for this record: median, linear IQR, finite count",REPRODUCIBLE_FROM_FIDUCIALS,EXACT_FROM_FIDUCIALS,EXACT,
QT_IntCorr_I,QT_IntCorr,QT_IntCorr_I,corrected_interval,per-lead QT and a correction whose function is not in ECGDeli 1.1,per-lead QT can be computed; the per-lead correction cannot,none in v1.1; Framingham there is only the sync column,no,no,REQUIRES_UNKNOWN_AUTHOR_ALGORITHM,REQUIRES_UNKNOWN_CODE,NOT_REPRODUCIBLE,dictionary name QTci_X is not an implementation
QT_IntCorr_I_iqr,QT_IntCorr,QT_IntCorr_I_iqr,corrected_interval,per-lead QT and a correction whose function is not in ECGDeli 1.1,per-lead QT can be computed; the per-lead correction cannot,none in v1.1; Framingham there is only the sync column,no,no,REQUIRES_UNKNOWN_AUTHOR_ALGORITHM,REQUIRES_UNKNOWN_CODE,NOT_REPRODUCIBLE,dictionary name QTci_X is not an implementation
QT_IntCorr_I_count,QT_IntCorr,QT_IntCorr_I_count,corrected_interval,per-lead QT and a correction whose function is not in ECGDeli 1.1,per-lead QT can be computed; the per-lead correction cannot,none in v1.1; Framingham there is only the sync column,no,no,REQUIRES_UNKNOWN_AUTHOR_ALGORITHM,REQUIRES_UNKNOWN_CODE,NOT_REPRODUCIBLE,dictionary name QTci_X is not an implementation
QT_IntCorr_II,QT_IntCorr,QT_IntCorr_II,corrected_interval,per-lead QT and a correction whose function is not in ECGDeli 1.1,per-lead QT can be computed; the per-lead correction cannot,none in v1.1; Framingham there is only the sync column,no,no,REQUIRES_UNKNOWN_AUTHOR_ALGORITHM,REQUIRES_UNKNOWN_CODE,NOT_REPRODUCIBLE,dictionary name QTci_X is not an implementation
QT_IntCorr_II_iqr,QT_IntCorr,QT_IntCorr_II_iqr,corrected_interval,per-lead QT and a correction whose function is not in ECGDeli 1.1,per-lead QT can be computed; the per-lead correction cannot,none in v1.1; Framingham there is only the sync column,no,no,REQUIRES_UNKNOWN_AUTHOR_ALGORITHM,REQUIRES_UNKNOWN_CODE,NOT_REPRODUCIBLE,dictionary name QTci_X is not an implementation
QT_IntCorr_II_count,QT_IntCorr,QT_IntCorr_II_count,corrected_interval,per-lead QT and a correction whose function is not in ECGDeli 1.1,per-lead QT can be computed; the per-lead correction cannot,none in v1.1; Framingham there is only the sync column,no,no,REQUIRES_UNKNOWN_AUTHOR_ALGORITHM,REQUIRES_UNKNOWN_CODE,NOT_REPRODUCIBLE,dictionary name QTci_X is not an implementation
QT_IntCorr_III,QT_IntCorr,QT_IntCorr_III,corrected_interval,per-lead QT and a correction whose function is not in ECGDeli 1.1,per-lead QT can be computed; the per-lead correction cannot,none in v1.1; Framingham there is only the sync column,no,no,REQUIRES_UNKNOWN_AUTHOR_ALGORITHM,REQUIRES_UNKNOWN_CODE,NOT_REPRODUCIBLE,dictionary name QTci_X is not an implementation
QT_IntCorr_III_iqr,QT_IntCorr,QT_IntCorr_III_iqr,corrected_interval,per-lead QT and a correction whose function is not in ECGDeli 1.1,per-lead QT can be computed; the per-lead correction cannot,none in v1.1; Framingham there is only the sync column,no,no,REQUIRES_UNKNOWN_AUTHOR_ALGORITHM,REQUIRES_UNKNOWN_CODE,NOT_REPRODUCIBLE,dictionary name QTci_X is not an implementation
QT_IntCorr_III_count,QT_IntCorr,QT_IntCorr_III_count,corrected_interval,per-lead QT and a correction whose function is not in ECGDeli 1.1,per-lead QT can be computed; the per-lead correction cannot,none in v1.1; Framingham there is only the sync column,no,no,REQUIRES_UNKNOWN_AUTHOR_ALGORITHM,REQUIRES_UNKNOWN_CODE,NOT_REPRODUCIBLE,dictionary name QTci_X is not an implementation
QT_IntCorr_V1,QT_IntCorr,QT_IntCorr_V1,corrected_interval,per-lead QT and a correction whose function is not in ECGDeli 1.1,per-lead QT can be computed; the per-lead correction cannot,none in v1.1; Framingham there is only the sync column,no,no,REQUIRES_UNKNOWN_AUTHOR_ALGORITHM,REQUIRES_UNKNOWN_CODE,NOT_REPRODUCIBLE,dictionary name QTci_X is not an implementation
QT_IntCorr_V1_iqr,QT_IntCorr,QT_IntCorr_V1_iqr,corrected_interval,per-lead QT and a correction whose function is not in ECGDeli 1.1,per-lead QT can be computed; the per-lead correction cannot,none in v1.1; Framingham there is only the sync column,no,no,REQUIRES_UNKNOWN_AUTHOR_ALGORITHM,REQUIRES_UNKNOWN_CODE,NOT_REPRODUCIBLE,dictionary name QTci_X is not an implementation
QT_IntCorr_V1_count,QT_IntCorr,QT_IntCorr_V1_count,corrected_interval,per-lead QT and a correction whose function is not in ECGDeli 1.1,per-lead QT can be computed; the per-lead correction cannot,none in v1.1; Framingham there is only the sync column,no,no,REQUIRES_UNKNOWN_AUTHOR_ALGORITHM,REQUIRES_UNKNOWN_CODE,NOT_REPRODUCIBLE,dictionary name QTci_X is not an implementation
QT_IntCorr_V2,QT_IntCorr,QT_IntCorr_V2,corrected_interval,per-lead QT and a correction whose function is not in ECGDeli 1.1,per-lead QT can be computed; the per-lead correction cannot,none in v1.1; Framingham there is only the sync column,no,no,REQUIRES_UNKNOWN_AUTHOR_ALGORITHM,REQUIRES_UNKNOWN_CODE,NOT_REPRODUCIBLE,dictionary name QTci_X is not an implementation
QT_IntCorr_V2_iqr,QT_IntCorr,QT_IntCorr_V2_iqr,corrected_interval,per-lead QT and a correction whose function is not in ECGDeli 1.1,per-lead QT can be computed; the per-lead correction cannot,none in v1.1; Framingham there is only the sync column,no,no,REQUIRES_UNKNOWN_AUTHOR_ALGORITHM,REQUIRES_UNKNOWN_CODE,NOT_REPRODUCIBLE,dictionary name QTci_X is not an implementation
QT_IntCorr_V2_count,QT_IntCorr,QT_IntCorr_V2_count,corrected_interval,per-lead QT and a correction whose function is not in ECGDeli 1.1,per-lead QT can be computed; the per-lead correction cannot,none in v1.1; Framingham there is only the sync column,no,no,REQUIRES_UNKNOWN_AUTHOR_ALGORITHM,REQUIRES_UNKNOWN_CODE,NOT_REPRODUCIBLE,dictionary name QTci_X is not an implementation
QT_IntCorr_V3,QT_IntCorr,QT_IntCorr_V3,corrected_interval,per-lead QT and a correction whose function is not in ECGDeli 1.1,per-lead QT can be computed; the per-lead correction cannot,none in v1.1; Framingham there is only the sync column,no,no,REQUIRES_UNKNOWN_AUTHOR_ALGORITHM,REQUIRES_UNKNOWN_CODE,NOT_REPRODUCIBLE,dictionary name QTci_X is not an implementation
QT_IntCorr_V3_iqr,QT_IntCorr,QT_IntCorr_V3_iqr,corrected_interval,per-lead QT and a correction whose function is not in ECGDeli 1.1,per-lead QT can be computed; the per-lead correction cannot,none in v1.1; Framingham there is only the sync column,no,no,REQUIRES_UNKNOWN_AUTHOR_ALGORITHM,REQUIRES_UNKNOWN_CODE,NOT_REPRODUCIBLE,dictionary name QTci_X is not an implementation
QT_IntCorr_V3_count,QT_IntCorr,QT_IntCorr_V3_count,corrected_interval,per-lead QT and a correction whose function is not in ECGDeli 1.1,per-lead QT can be computed; the per-lead correction cannot,none in v1.1; Framingham there is only the sync column,no,no,REQUIRES_UNKNOWN_AUTHOR_ALGORITHM,REQUIRES_UNKNOWN_CODE,NOT_REPRODUCIBLE,dictionary name QTci_X is not an implementation
QT_IntCorr_V4,QT_IntCorr,QT_IntCorr_V4,corrected_interval,per-lead QT and a correction whose function is not in ECGDeli 1.1,per-lead QT can be computed; the per-lead correction cannot,none in v1.1; Framingham there is only the sync column,no,no,REQUIRES_UNKNOWN_AUTHOR_ALGORITHM,REQUIRES_UNKNOWN_CODE,NOT_REPRODUCIBLE,dictionary name QTci_X is not an implementation
QT_IntCorr_V4_iqr,QT_IntCorr,QT_IntCorr_V4_iqr,corrected_interval,per-lead QT and a correction whose function is not in ECGDeli 1.1,per-lead QT can be computed; the per-lead correction cannot,none in v1.1; Framingham there is only the sync column,no,no,REQUIRES_UNKNOWN_AUTHOR_ALGORITHM,REQUIRES_UNKNOWN_CODE,NOT_REPRODUCIBLE,dictionary name QTci_X is not an implementation
QT_IntCorr_V4_count,QT_IntCorr,QT_IntCorr_V4_count,corrected_interval,per-lead QT and a correction whose function is not in ECGDeli 1.1,per-lead QT can be computed; the per-lead correction cannot,none in v1.1; Framingham there is only the sync column,no,no,REQUIRES_UNKNOWN_AUTHOR_ALGORITHM,REQUIRES_UNKNOWN_CODE,NOT_REPRODUCIBLE,dictionary name QTci_X is not an implementation
QT_IntCorr_V5,QT_IntCorr,QT_IntCorr_V5,corrected_interval,per-lead QT and a correction whose function is not in ECGDeli 1.1,per-lead QT can be computed; the per-lead correction cannot,none in v1.1; Framingham there is only the sync column,no,no,REQUIRES_UNKNOWN_AUTHOR_ALGORITHM,REQUIRES_UNKNOWN_CODE,NOT_REPRODUCIBLE,dictionary name QTci_X is not an implementation
QT_IntCorr_V5_iqr,QT_IntCorr,QT_IntCorr_V5_iqr,corrected_interval,per-lead QT and a correction whose function is not in ECGDeli 1.1,per-lead QT can be computed; the per-lead correction cannot,none in v1.1; Framingham there is only the sync column,no,no,REQUIRES_UNKNOWN_AUTHOR_ALGORITHM,REQUIRES_UNKNOWN_CODE,NOT_REPRODUCIBLE,dictionary name QTci_X is not an implementation
QT_IntCorr_V5_count,QT_IntCorr,QT_IntCorr_V5_count,corrected_interval,per-lead QT and a correction whose function is not in ECGDeli 1.1,per-lead QT can be computed; the per-lead correction cannot,none in v1.1; Framingham there is only the sync column,no,no,REQUIRES_UNKNOWN_AUTHOR_ALGORITHM,REQUIRES_UNKNOWN_CODE,NOT_REPRODUCIBLE,dictionary name QTci_X is not an implementation
QT_IntCorr_V6,QT_IntCorr,QT_IntCorr_V6,corrected_interval,per-lead QT and a correction whose function is not in ECGDeli 1.1,per-lead QT can be computed; the per-lead correction cannot,none in v1.1; Framingham there is only the sync column,no,no,REQUIRES_UNKNOWN_AUTHOR_ALGORITHM,REQUIRES_UNKNOWN_CODE,NOT_REPRODUCIBLE,dictionary name QTci_X is not an implementation
QT_IntCorr_V6_iqr,QT_IntCorr,QT_IntCorr_V6_iqr,corrected_interval,per-lead QT and a correction whose function is not in ECGDeli 1.1,per-lead QT can be computed; the per-lead correction cannot,none in v1.1; Framingham there is only the sync column,no,no,REQUIRES_UNKNOWN_AUTHOR_ALGORITHM,REQUIRES_UNKNOWN_CODE,NOT_REPRODUCIBLE,dictionary name QTci_X is not an implementation
QT_IntCorr_V6_count,QT_IntCorr,QT_IntCorr_V6_count,corrected_interval,per-lead QT and a correction whose function is not in ECGDeli 1.1,per-lead QT can be computed; the per-lead correction cannot,none in v1.1; Framingham there is only the sync column,no,no,REQUIRES_UNKNOWN_AUTHOR_ALGORITHM,REQUIRES_UNKNOWN_CODE,NOT_REPRODUCIBLE,dictionary name QTci_X is not an implementation
QT_IntCorr_aVF,QT_IntCorr,QT_IntCorr_aVF,corrected_interval,per-lead QT and a correction whose function is not in ECGDeli 1.1,per-lead QT can be computed; the per-lead correction cannot,none in v1.1; Framingham there is only the sync column,no,no,REQUIRES_UNKNOWN_AUTHOR_ALGORITHM,REQUIRES_UNKNOWN_CODE,NOT_REPRODUCIBLE,dictionary name QTci_X is not an implementation
QT_IntCorr_aVF_iqr,QT_IntCorr,QT_IntCorr_aVF_iqr,corrected_interval,per-lead QT and a correction whose function is not in ECGDeli 1.1,per-lead QT can be computed; the per-lead correction cannot,none in v1.1; Framingham there is only the sync column,no,no,REQUIRES_UNKNOWN_AUTHOR_ALGORITHM,REQUIRES_UNKNOWN_CODE,NOT_REPRODUCIBLE,dictionary name QTci_X is not an implementation
QT_IntCorr_aVF_count,QT_IntCorr,QT_IntCorr_aVF_count,corrected_interval,per-lead QT and a correction whose function is not in ECGDeli 1.1,per-lead QT can be computed; the per-lead correction cannot,none in v1.1; Framingham there is only the sync column,no,no,REQUIRES_UNKNOWN_AUTHOR_ALGORITHM,REQUIRES_UNKNOWN_CODE,NOT_REPRODUCIBLE,dictionary name QTci_X is not an implementation
QT_IntCorr_aVL,QT_IntCorr,QT_IntCorr_aVL,corrected_interval,per-lead QT and a correction whose function is not in ECGDeli 1.1,per-lead QT can be computed; the per-lead correction cannot,none in v1.1; Framingham there is only the sync column,no,no,REQUIRES_UNKNOWN_AUTHOR_ALGORITHM,REQUIRES_UNKNOWN_CODE,NOT_REPRODUCIBLE,dictionary name QTci_X is not an implementation
QT_IntCorr_aVL_iqr,QT_IntCorr,QT_IntCorr_aVL_iqr,corrected_interval,per-lead QT and a correction whose function is not in ECGDeli 1.1,per-lead QT can be computed; the per-lead correction cannot,none in v1.1; Framingham there is only the sync column,no,no,REQUIRES_UNKNOWN_AUTHOR_ALGORITHM,REQUIRES_UNKNOWN_CODE,NOT_REPRODUCIBLE,dictionary name QTci_X is not an implementation
QT_IntCorr_aVL_count,QT_IntCorr,QT_IntCorr_aVL_count,corrected_interval,per-lead QT and a correction whose function is not in ECGDeli 1.1,per-lead QT can be computed; the per-lead correction cannot,none in v1.1; Framingham there is only the sync column,no,no,REQUIRES_UNKNOWN_AUTHOR_ALGORITHM,REQUIRES_UNKNOWN_CODE,NOT_REPRODUCIBLE,dictionary name QTci_X is not an implementation
QT_IntCorr_aVR,QT_IntCorr,QT_IntCorr_aVR,corrected_interval,per-lead QT and a correction whose function is not in ECGDeli 1.1,per-lead QT can be computed; the per-lead correction cannot,none in v1.1; Framingham there is only the sync column,no,no,REQUIRES_UNKNOWN_AUTHOR_ALGORITHM,REQUIRES_UNKNOWN_CODE,NOT_REPRODUCIBLE,dictionary name QTci_X is not an implementation
QT_IntCorr_aVR_iqr,QT_IntCorr,QT_IntCorr_aVR_iqr,corrected_interval,per-lead QT and a correction whose function is not in ECGDeli 1.1,per-lead QT can be computed; the per-lead correction cannot,none in v1.1; Framingham there is only the sync column,no,no,REQUIRES_UNKNOWN_AUTHOR_ALGORITHM,REQUIRES_UNKNOWN_CODE,NOT_REPRODUCIBLE,dictionary name QTci_X is not an implementation
QT_IntCorr_aVR_count,QT_IntCorr,QT_IntCorr_aVR_count,corrected_interval,per-lead QT and a correction whose function is not in ECGDeli 1.1,per-lead QT can be computed; the per-lead correction cannot,none in v1.1; Framingham there is only the sync column,no,no,REQUIRES_UNKNOWN_AUTHOR_ALGORITHM,REQUIRES_UNKNOWN_CODE,NOT_REPRODUCIBLE,dictionary name QTci_X is not an implementation
QT_IntFramingham_Global,QT_IntFramingham,QT_IntFramingham_Global,interval,sync QT of beat i and the RR gap that starts at that R,published fiducial sample indices for record 00513,ExtractIntervalFeaturesFromFPT,yes,"yes for this record: median, linear IQR, finite count",REPRODUCIBLE_FROM_FIDUCIALS,EXACT_FROM_FIDUCIALS,DIFFERENT,"formula matches the published count; value and IQR differ by about 0.002 ms, above 1e-6"
QT_IntFramingham_Global_iqr,QT_IntFramingham,QT_IntFramingham_Global_iqr,interval,sync QT of beat i and the RR gap that starts at that R,published fiducial sample indices for record 00513,ExtractIntervalFeaturesFromFPT,yes,"yes for this record: median, linear IQR, finite count",REPRODUCIBLE_FROM_FIDUCIALS,EXACT_FROM_FIDUCIALS,DIFFERENT,"formula matches the published count; value and IQR differ by about 0.002 ms, above 1e-6"
QT_IntFramingham_Global_count,QT_IntFramingham,QT_IntFramingham_Global_count,interval,sync QT of beat i and the RR gap that starts at that R,published fiducial sample indices for record 00513,ExtractIntervalFeaturesFromFPT,yes,"yes for this record: median, linear IQR, finite count",REPRODUCIBLE_FROM_FIDUCIALS,EXACT_FROM_FIDUCIALS,EXACT,
QT_Int_I,QT_Int,QT_Int_I,interval,"QRS onset, T offset",published fiducial sample indices for record 00513,ExtractIntervalFeaturesFromFPT,yes,"yes for this record: median, linear IQR, finite count",REPRODUCIBLE_FROM_FIDUCIALS,EXACT_FROM_FIDUCIALS,EXACT,
QT_Int_I_iqr,QT_Int,QT_Int_I_iqr,interval,"QRS onset, T offset",published fiducial sample indices for record 00513,ExtractIntervalFeaturesFromFPT,yes,"yes for this record: median, linear IQR, finite count",REPRODUCIBLE_FROM_FIDUCIALS,EXACT_FROM_FIDUCIALS,EXACT,
QT_Int_I_count,QT_Int,QT_Int_I_count,interval,"QRS onset, T offset",published fiducial sample indices for record 00513,ExtractIntervalFeaturesFromFPT,yes,"yes for this record: median, linear IQR, finite count",REPRODUCIBLE_FROM_FIDUCIALS,EXACT_FROM_FIDUCIALS,EXACT,
QT_Int_II,QT_Int,QT_Int_II,interval,"QRS onset, T offset",published fiducial sample indices for record 00513,ExtractIntervalFeaturesFromFPT,yes,"yes for this record: median, linear IQR, finite count",REPRODUCIBLE_FROM_FIDUCIALS,EXACT_FROM_FIDUCIALS,EXACT,
QT_Int_II_iqr,QT_Int,QT_Int_II_iqr,interval,"QRS onset, T offset",published fiducial sample indices for record 00513,ExtractIntervalFeaturesFromFPT,yes,"yes for this record: median, linear IQR, finite count",REPRODUCIBLE_FROM_FIDUCIALS,EXACT_FROM_FIDUCIALS,EXACT,
QT_Int_II_count,QT_Int,QT_Int_II_count,interval,"QRS onset, T offset",published fiducial sample indices for record 00513,ExtractIntervalFeaturesFromFPT,yes,"yes for this record: median, linear IQR, finite count",REPRODUCIBLE_FROM_FIDUCIALS,EXACT_FROM_FIDUCIALS,EXACT,
QT_Int_III,QT_Int,QT_Int_III,interval,"QRS onset, T offset",published fiducial sample indices for record 00513,ExtractIntervalFeaturesFromFPT,yes,"yes for this record: median, linear IQR, finite count",REPRODUCIBLE_FROM_FIDUCIALS,EXACT_FROM_FIDUCIALS,EXACT,
QT_Int_III_iqr,QT_Int,QT_Int_III_iqr,interval,"QRS onset, T offset",published fiducial sample indices for record 00513,ExtractIntervalFeaturesFromFPT,yes,"yes for this record: median, linear IQR, finite count",REPRODUCIBLE_FROM_FIDUCIALS,EXACT_FROM_FIDUCIALS,EXACT,
QT_Int_III_count,QT_Int,QT_Int_III_count,interval,"QRS onset, T offset",published fiducial sample indices for record 00513,ExtractIntervalFeaturesFromFPT,yes,"yes for this record: median, linear IQR, finite count",REPRODUCIBLE_FROM_FIDUCIALS,EXACT_FROM_FIDUCIALS,EXACT,
QT_Int_V1,QT_Int,QT_Int_V1,interval,"QRS onset, T offset",published fiducial sample indices for record 00513,ExtractIntervalFeaturesFromFPT,yes,"yes for this record: median, linear IQR, finite count",REPRODUCIBLE_FROM_FIDUCIALS,EXACT_FROM_FIDUCIALS,EXACT,
QT_Int_V1_iqr,QT_Int,QT_Int_V1_iqr,interval,"QRS onset, T offset",published fiducial sample indices for record 00513,ExtractIntervalFeaturesFromFPT,yes,"yes for this record: median, linear IQR, finite count",REPRODUCIBLE_FROM_FIDUCIALS,EXACT_FROM_FIDUCIALS,EXACT,
QT_Int_V1_count,QT_Int,QT_Int_V1_count,interval,"QRS onset, T offset",published fiducial sample indices for record 00513,ExtractIntervalFeaturesFromFPT,yes,"yes for this record: median, linear IQR, finite count",REPRODUCIBLE_FROM_FIDUCIALS,EXACT_FROM_FIDUCIALS,EXACT,
QT_Int_V2,QT_Int,QT_Int_V2,interval,"QRS onset, T offset",published fiducial sample indices for record 00513,ExtractIntervalFeaturesFromFPT,yes,"yes for this record: median, linear IQR, finite count",REPRODUCIBLE_FROM_FIDUCIALS,EXACT_FROM_FIDUCIALS,EXACT,
QT_Int_V2_iqr,QT_Int,QT_Int_V2_iqr,interval,"QRS onset, T offset",published fiducial sample indices for record 00513,ExtractIntervalFeaturesFromFPT,yes,"yes for this record: median, linear IQR, finite count",REPRODUCIBLE_FROM_FIDUCIALS,EXACT_FROM_FIDUCIALS,EXACT,
QT_Int_V2_count,QT_Int,QT_Int_V2_count,interval,"QRS onset, T offset",published fiducial sample indices for record 00513,ExtractIntervalFeaturesFromFPT,yes,"yes for this record: median, linear IQR, finite count",REPRODUCIBLE_FROM_FIDUCIALS,EXACT_FROM_FIDUCIALS,EXACT,
QT_Int_V3,QT_Int,QT_Int_V3,interval,"QRS onset, T offset",published fiducial sample indices for record 00513,ExtractIntervalFeaturesFromFPT,yes,"yes for this record: median, linear IQR, finite count",REPRODUCIBLE_FROM_FIDUCIALS,EXACT_FROM_FIDUCIALS,EXACT,
QT_Int_V3_iqr,QT_Int,QT_Int_V3_iqr,interval,"QRS onset, T offset",published fiducial sample indices for record 00513,ExtractIntervalFeaturesFromFPT,yes,"yes for this record: median, linear IQR, finite count",REPRODUCIBLE_FROM_FIDUCIALS,EXACT_FROM_FIDUCIALS,EXACT,
QT_Int_V3_count,QT_Int,QT_Int_V3_count,interval,"QRS onset, T offset",published fiducial sample indices for record 00513,ExtractIntervalFeaturesFromFPT,yes,"yes for this record: median, linear IQR, finite count",REPRODUCIBLE_FROM_FIDUCIALS,EXACT_FROM_FIDUCIALS,EXACT,
QT_Int_V4,QT_Int,QT_Int_V4,interval,"QRS onset, T offset",published fiducial sample indices for record 00513,ExtractIntervalFeaturesFromFPT,yes,"yes for this record: median, linear IQR, finite count",REPRODUCIBLE_FROM_FIDUCIALS,EXACT_FROM_FIDUCIALS,EXACT,
QT_Int_V4_iqr,QT_Int,QT_Int_V4_iqr,interval,"QRS onset, T offset",published fiducial sample indices for record 00513,ExtractIntervalFeaturesFromFPT,yes,"yes for this record: median, linear IQR, finite count",REPRODUCIBLE_FROM_FIDUCIALS,EXACT_FROM_FIDUCIALS,EXACT,
QT_Int_V4_count,QT_Int,QT_Int_V4_count,interval,"QRS onset, T offset",published fiducial sample indices for record 00513,ExtractIntervalFeaturesFromFPT,yes,"yes for this record: median, linear IQR, finite count",REPRODUCIBLE_FROM_FIDUCIALS,EXACT_FROM_FIDUCIALS,EXACT,
QT_Int_V5,QT_Int,QT_Int_V5,interval,"QRS onset, T offset",published fiducial sample indices for record 00513,ExtractIntervalFeaturesFromFPT,yes,"yes for this record: median, linear IQR, finite count",REPRODUCIBLE_FROM_FIDUCIALS,EXACT_FROM_FIDUCIALS,EXACT,
QT_Int_V5_iqr,QT_Int,QT_Int_V5_iqr,interval,"QRS onset, T offset",published fiducial sample indices for record 00513,ExtractIntervalFeaturesFromFPT,yes,"yes for this record: median, linear IQR, finite count",REPRODUCIBLE_FROM_FIDUCIALS,EXACT_FROM_FIDUCIALS,EXACT,
QT_Int_V5_count,QT_Int,QT_Int_V5_count,interval,"QRS onset, T offset",published fiducial sample indices for record 00513,ExtractIntervalFeaturesFromFPT,yes,"yes for this record: median, linear IQR, finite count",REPRODUCIBLE_FROM_FIDUCIALS,EXACT_FROM_FIDUCIALS,EXACT,
QT_Int_V6,QT_Int,QT_Int_V6,interval,"QRS onset, T offset",published fiducial sample indices for record 00513,ExtractIntervalFeaturesFromFPT,yes,"yes for this record: median, linear IQR, finite count",REPRODUCIBLE_FROM_FIDUCIALS,EXACT_FROM_FIDUCIALS,EXACT,
QT_Int_V6_iqr,QT_Int,QT_Int_V6_iqr,interval,"QRS onset, T offset",published fiducial sample indices for record 00513,ExtractIntervalFeaturesFromFPT,yes,"yes for this record: median, linear IQR, finite count",REPRODUCIBLE_FROM_FIDUCIALS,EXACT_FROM_FIDUCIALS,EXACT,
QT_Int_V6_count,QT_Int,QT_Int_V6_count,interval,"QRS onset, T offset",published fiducial sample indices for record 00513,ExtractIntervalFeaturesFromFPT,yes,"yes for this record: median, linear IQR, finite count",REPRODUCIBLE_FROM_FIDUCIALS,EXACT_FROM_FIDUCIALS,EXACT,
QT_Int_aVF,QT_Int,QT_Int_aVF,interval,"QRS onset, T offset",published fiducial sample indices for record 00513,ExtractIntervalFeaturesFromFPT,yes,"yes for this record: median, linear IQR, finite count",REPRODUCIBLE_FROM_FIDUCIALS,EXACT_FROM_FIDUCIALS,EXACT,
QT_Int_aVF_iqr,QT_Int,QT_Int_aVF_iqr,interval,"QRS onset, T offset",published fiducial sample indices for record 00513,ExtractIntervalFeaturesFromFPT,yes,"yes for this record: median, linear IQR, finite count",REPRODUCIBLE_FROM_FIDUCIALS,EXACT_FROM_FIDUCIALS,EXACT,
QT_Int_aVF_count,QT_Int,QT_Int_aVF_count,interval,"QRS onset, T offset",published fiducial sample indices for record 00513,ExtractIntervalFeaturesFromFPT,yes,"yes for this record: median, linear IQR, finite count",REPRODUCIBLE_FROM_FIDUCIALS,EXACT_FROM_FIDUCIALS,EXACT,
QT_Int_aVL,QT_Int,QT_Int_aVL,interval,"QRS onset, T offset",published fiducial sample indices for record 00513,ExtractIntervalFeaturesFromFPT,yes,"yes for this record: median, linear IQR, finite count",REPRODUCIBLE_FROM_FIDUCIALS,EXACT_FROM_FIDUCIALS,EXACT,
QT_Int_aVL_iqr,QT_Int,QT_Int_aVL_iqr,interval,"QRS onset, T offset",published fiducial sample indices for record 00513,ExtractIntervalFeaturesFromFPT,yes,"yes for this record: median, linear IQR, finite count",REPRODUCIBLE_FROM_FIDUCIALS,EXACT_FROM_FIDUCIALS,EXACT,
QT_Int_aVL_count,QT_Int,QT_Int_aVL_count,interval,"QRS onset, T offset",published fiducial sample indices for record 00513,ExtractIntervalFeaturesFromFPT,yes,"yes for this record: median, linear IQR, finite count",REPRODUCIBLE_FROM_FIDUCIALS,EXACT_FROM_FIDUCIALS,EXACT,
QT_Int_aVR,QT_Int,QT_Int_aVR,interval,"QRS onset, T offset",published fiducial sample indices for record 00513,ExtractIntervalFeaturesFromFPT,yes,"yes for this record: median, linear IQR, finite count",REPRODUCIBLE_FROM_FIDUCIALS,EXACT_FROM_FIDUCIALS,EXACT,
QT_Int_aVR_iqr,QT_Int,QT_Int_aVR_iqr,interval,"QRS onset, T offset",published fiducial sample indices for record 00513,ExtractIntervalFeaturesFromFPT,yes,"yes for this record: median, linear IQR, finite count",REPRODUCIBLE_FROM_FIDUCIALS,EXACT_FROM_FIDUCIALS,EXACT,
QT_Int_aVR_count,QT_Int,QT_Int_aVR_count,interval,"QRS onset, T offset",published fiducial sample indices for record 00513,ExtractIntervalFeaturesFromFPT,yes,"yes for this record: median, linear IQR, finite count",REPRODUCIBLE_FROM_FIDUCIALS,EXACT_FROM_FIDUCIALS,EXACT,
QT_Int_Global,QT_Int,QT_Int_Global,interval,"QRS onset, T offset",published fiducial sample indices for record 00513,ExtractIntervalFeaturesFromFPT,yes,"yes for this record: median, linear IQR, finite count",REPRODUCIBLE_FROM_FIDUCIALS,EXACT_FROM_FIDUCIALS,EXACT,
QT_Int_Global_iqr,QT_Int,QT_Int_Global_iqr,interval,"QRS onset, T offset",published fiducial sample indices for record 00513,ExtractIntervalFeaturesFromFPT,yes,"yes for this record: median, linear IQR, finite count",REPRODUCIBLE_FROM_FIDUCIALS,EXACT_FROM_FIDUCIALS,EXACT,
QT_Int_Global_count,QT_Int,QT_Int_Global_count,interval,"QRS onset, T offset",published fiducial sample indices for record 00513,ExtractIntervalFeaturesFromFPT,yes,"yes for this record: median, linear IQR, finite count",REPRODUCIBLE_FROM_FIDUCIALS,EXACT_FROM_FIDUCIALS,EXACT,
R_Amp_I,R_Amp,R_Amp_I,amplitude,conditioned signal sample at R peak,R peak sample index is public; the conditioned signal matrix is not,ExtractAmplitudeFeaturesFromFPT,"yes: the sample at the fiducial, no unit conversion inside the function","paper states median, IQR and count; not executed, because the sample value is absent",REPRODUCIBLE_FROM_RAW_SIGNAL,RECONSTRUCTABLE_FROM_RAW,NOT_REPRODUCIBLE,numerical match is not established; raw ADC was not substituted for the author matrix
R_Amp_I_iqr,R_Amp,R_Amp_I_iqr,amplitude,conditioned signal sample at R peak,R peak sample index is public; the conditioned signal matrix is not,ExtractAmplitudeFeaturesFromFPT,"yes: the sample at the fiducial, no unit conversion inside the function","paper states median, IQR and count; not executed, because the sample value is absent",REPRODUCIBLE_FROM_RAW_SIGNAL,RECONSTRUCTABLE_FROM_RAW,NOT_REPRODUCIBLE,numerical match is not established; raw ADC was not substituted for the author matrix
R_Amp_I_count,R_Amp,R_Amp_I_count,amplitude,conditioned signal sample at R peak,R peak sample index is public; the conditioned signal matrix is not,ExtractAmplitudeFeaturesFromFPT,"yes: the sample at the fiducial, no unit conversion inside the function","paper states median, IQR and count; not executed, because the sample value is absent",REPRODUCIBLE_FROM_RAW_SIGNAL,RECONSTRUCTABLE_FROM_RAW,NOT_REPRODUCIBLE,numerical match is not established; raw ADC was not substituted for the author matrix
R_Amp_II,R_Amp,R_Amp_II,amplitude,conditioned signal sample at R peak,R peak sample index is public; the conditioned signal matrix is not,ExtractAmplitudeFeaturesFromFPT,"yes: the sample at the fiducial, no unit conversion inside the function","paper states median, IQR and count; not executed, because the sample value is absent",REPRODUCIBLE_FROM_RAW_SIGNAL,RECONSTRUCTABLE_FROM_RAW,NOT_REPRODUCIBLE,numerical match is not established; raw ADC was not substituted for the author matrix
R_Amp_II_iqr,R_Amp,R_Amp_II_iqr,amplitude,conditioned signal sample at R peak,R peak sample index is public; the conditioned signal matrix is not,ExtractAmplitudeFeaturesFromFPT,"yes: the sample at the fiducial, no unit conversion inside the function","paper states median, IQR and count; not executed, because the sample value is absent",REPRODUCIBLE_FROM_RAW_SIGNAL,RECONSTRUCTABLE_FROM_RAW,NOT_REPRODUCIBLE,numerical match is not established; raw ADC was not substituted for the author matrix
R_Amp_II_count,R_Amp,R_Amp_II_count,amplitude,conditioned signal sample at R peak,R peak sample index is public; the conditioned signal matrix is not,ExtractAmplitudeFeaturesFromFPT,"yes: the sample at the fiducial, no unit conversion inside the function","paper states median, IQR and count; not executed, because the sample value is absent",REPRODUCIBLE_FROM_RAW_SIGNAL,RECONSTRUCTABLE_FROM_RAW,NOT_REPRODUCIBLE,numerical match is not established; raw ADC was not substituted for the author matrix
R_Amp_III,R_Amp,R_Amp_III,amplitude,conditioned signal sample at R peak,R peak sample index is public; the conditioned signal matrix is not,ExtractAmplitudeFeaturesFromFPT,"yes: the sample at the fiducial, no unit conversion inside the function","paper states median, IQR and count; not executed, because the sample value is absent",REPRODUCIBLE_FROM_RAW_SIGNAL,RECONSTRUCTABLE_FROM_RAW,NOT_REPRODUCIBLE,numerical match is not established; raw ADC was not substituted for the author matrix
R_Amp_III_iqr,R_Amp,R_Amp_III_iqr,amplitude,conditioned signal sample at R peak,R peak sample index is public; the conditioned signal matrix is not,ExtractAmplitudeFeaturesFromFPT,"yes: the sample at the fiducial, no unit conversion inside the function","paper states median, IQR and count; not executed, because the sample value is absent",REPRODUCIBLE_FROM_RAW_SIGNAL,RECONSTRUCTABLE_FROM_RAW,NOT_REPRODUCIBLE,numerical match is not established; raw ADC was not substituted for the author matrix
R_Amp_III_count,R_Amp,R_Amp_III_count,amplitude,conditioned signal sample at R peak,R peak sample index is public; the conditioned signal matrix is not,ExtractAmplitudeFeaturesFromFPT,"yes: the sample at the fiducial, no unit conversion inside the function","paper states median, IQR and count; not executed, because the sample value is absent",REPRODUCIBLE_FROM_RAW_SIGNAL,RECONSTRUCTABLE_FROM_RAW,NOT_REPRODUCIBLE,numerical match is not established; raw ADC was not substituted for the author matrix
R_Amp_V1,R_Amp,R_Amp_V1,amplitude,conditioned signal sample at R peak,R peak sample index is public; the conditioned signal matrix is not,ExtractAmplitudeFeaturesFromFPT,"yes: the sample at the fiducial, no unit conversion inside the function","paper states median, IQR and count; not executed, because the sample value is absent",REPRODUCIBLE_FROM_RAW_SIGNAL,RECONSTRUCTABLE_FROM_RAW,NOT_REPRODUCIBLE,numerical match is not established; raw ADC was not substituted for the author matrix
R_Amp_V1_iqr,R_Amp,R_Amp_V1_iqr,amplitude,conditioned signal sample at R peak,R peak sample index is public; the conditioned signal matrix is not,ExtractAmplitudeFeaturesFromFPT,"yes: the sample at the fiducial, no unit conversion inside the function","paper states median, IQR and count; not executed, because the sample value is absent",REPRODUCIBLE_FROM_RAW_SIGNAL,RECONSTRUCTABLE_FROM_RAW,NOT_REPRODUCIBLE,numerical match is not established; raw ADC was not substituted for the author matrix
R_Amp_V1_count,R_Amp,R_Amp_V1_count,amplitude,conditioned signal sample at R peak,R peak sample index is public; the conditioned signal matrix is not,ExtractAmplitudeFeaturesFromFPT,"yes: the sample at the fiducial, no unit conversion inside the function","paper states median, IQR and count; not executed, because the sample value is absent",REPRODUCIBLE_FROM_RAW_SIGNAL,RECONSTRUCTABLE_FROM_RAW,NOT_REPRODUCIBLE,numerical match is not established; raw ADC was not substituted for the author matrix
R_Amp_V2,R_Amp,R_Amp_V2,amplitude,conditioned signal sample at R peak,R peak sample index is public; the conditioned signal matrix is not,ExtractAmplitudeFeaturesFromFPT,"yes: the sample at the fiducial, no unit conversion inside the function","paper states median, IQR and count; not executed, because the sample value is absent",REPRODUCIBLE_FROM_RAW_SIGNAL,RECONSTRUCTABLE_FROM_RAW,NOT_REPRODUCIBLE,numerical match is not established; raw ADC was not substituted for the author matrix
R_Amp_V2_iqr,R_Amp,R_Amp_V2_iqr,amplitude,conditioned signal sample at R peak,R peak sample index is public; the conditioned signal matrix is not,ExtractAmplitudeFeaturesFromFPT,"yes: the sample at the fiducial, no unit conversion inside the function","paper states median, IQR and count; not executed, because the sample value is absent",REPRODUCIBLE_FROM_RAW_SIGNAL,RECONSTRUCTABLE_FROM_RAW,NOT_REPRODUCIBLE,numerical match is not established; raw ADC was not substituted for the author matrix
R_Amp_V2_count,R_Amp,R_Amp_V2_count,amplitude,conditioned signal sample at R peak,R peak sample index is public; the conditioned signal matrix is not,ExtractAmplitudeFeaturesFromFPT,"yes: the sample at the fiducial, no unit conversion inside the function","paper states median, IQR and count; not executed, because the sample value is absent",REPRODUCIBLE_FROM_RAW_SIGNAL,RECONSTRUCTABLE_FROM_RAW,NOT_REPRODUCIBLE,numerical match is not established; raw ADC was not substituted for the author matrix
R_Amp_V3,R_Amp,R_Amp_V3,amplitude,conditioned signal sample at R peak,R peak sample index is public; the conditioned signal matrix is not,ExtractAmplitudeFeaturesFromFPT,"yes: the sample at the fiducial, no unit conversion inside the function","paper states median, IQR and count; not executed, because the sample value is absent",REPRODUCIBLE_FROM_RAW_SIGNAL,RECONSTRUCTABLE_FROM_RAW,NOT_REPRODUCIBLE,numerical match is not established; raw ADC was not substituted for the author matrix
R_Amp_V3_iqr,R_Amp,R_Amp_V3_iqr,amplitude,conditioned signal sample at R peak,R peak sample index is public; the conditioned signal matrix is not,ExtractAmplitudeFeaturesFromFPT,"yes: the sample at the fiducial, no unit conversion inside the function","paper states median, IQR and count; not executed, because the sample value is absent",REPRODUCIBLE_FROM_RAW_SIGNAL,RECONSTRUCTABLE_FROM_RAW,NOT_REPRODUCIBLE,numerical match is not established; raw ADC was not substituted for the author matrix
R_Amp_V3_count,R_Amp,R_Amp_V3_count,amplitude,conditioned signal sample at R peak,R peak sample index is public; the conditioned signal matrix is not,ExtractAmplitudeFeaturesFromFPT,"yes: the sample at the fiducial, no unit conversion inside the function","paper states median, IQR and count; not executed, because the sample value is absent",REPRODUCIBLE_FROM_RAW_SIGNAL,RECONSTRUCTABLE_FROM_RAW,NOT_REPRODUCIBLE,numerical match is not established; raw ADC was not substituted for the author matrix
R_Amp_V4,R_Amp,R_Amp_V4,amplitude,conditioned signal sample at R peak,R peak sample index is public; the conditioned signal matrix is not,ExtractAmplitudeFeaturesFromFPT,"yes: the sample at the fiducial, no unit conversion inside the function","paper states median, IQR and count; not executed, because the sample value is absent",REPRODUCIBLE_FROM_RAW_SIGNAL,RECONSTRUCTABLE_FROM_RAW,NOT_REPRODUCIBLE,numerical match is not established; raw ADC was not substituted for the author matrix
R_Amp_V4_iqr,R_Amp,R_Amp_V4_iqr,amplitude,conditioned signal sample at R peak,R peak sample index is public; the conditioned signal matrix is not,ExtractAmplitudeFeaturesFromFPT,"yes: the sample at the fiducial, no unit conversion inside the function","paper states median, IQR and count; not executed, because the sample value is absent",REPRODUCIBLE_FROM_RAW_SIGNAL,RECONSTRUCTABLE_FROM_RAW,NOT_REPRODUCIBLE,numerical match is not established; raw ADC was not substituted for the author matrix
R_Amp_V4_count,R_Amp,R_Amp_V4_count,amplitude,conditioned signal sample at R peak,R peak sample index is public; the conditioned signal matrix is not,ExtractAmplitudeFeaturesFromFPT,"yes: the sample at the fiducial, no unit conversion inside the function","paper states median, IQR and count; not executed, because the sample value is absent",REPRODUCIBLE_FROM_RAW_SIGNAL,RECONSTRUCTABLE_FROM_RAW,NOT_REPRODUCIBLE,numerical match is not established; raw ADC was not substituted for the author matrix
R_Amp_V5,R_Amp,R_Amp_V5,amplitude,conditioned signal sample at R peak,R peak sample index is public; the conditioned signal matrix is not,ExtractAmplitudeFeaturesFromFPT,"yes: the sample at the fiducial, no unit conversion inside the function","paper states median, IQR and count; not executed, because the sample value is absent",REPRODUCIBLE_FROM_RAW_SIGNAL,RECONSTRUCTABLE_FROM_RAW,NOT_REPRODUCIBLE,numerical match is not established; raw ADC was not substituted for the author matrix
R_Amp_V5_iqr,R_Amp,R_Amp_V5_iqr,amplitude,conditioned signal sample at R peak,R peak sample index is public; the conditioned signal matrix is not,ExtractAmplitudeFeaturesFromFPT,"yes: the sample at the fiducial, no unit conversion inside the function","paper states median, IQR and count; not executed, because the sample value is absent",REPRODUCIBLE_FROM_RAW_SIGNAL,RECONSTRUCTABLE_FROM_RAW,NOT_REPRODUCIBLE,numerical match is not established; raw ADC was not substituted for the author matrix
R_Amp_V5_count,R_Amp,R_Amp_V5_count,amplitude,conditioned signal sample at R peak,R peak sample index is public; the conditioned signal matrix is not,ExtractAmplitudeFeaturesFromFPT,"yes: the sample at the fiducial, no unit conversion inside the function","paper states median, IQR and count; not executed, because the sample value is absent",REPRODUCIBLE_FROM_RAW_SIGNAL,RECONSTRUCTABLE_FROM_RAW,NOT_REPRODUCIBLE,numerical match is not established; raw ADC was not substituted for the author matrix
R_Amp_V6,R_Amp,R_Amp_V6,amplitude,conditioned signal sample at R peak,R peak sample index is public; the conditioned signal matrix is not,ExtractAmplitudeFeaturesFromFPT,"yes: the sample at the fiducial, no unit conversion inside the function","paper states median, IQR and count; not executed, because the sample value is absent",REPRODUCIBLE_FROM_RAW_SIGNAL,RECONSTRUCTABLE_FROM_RAW,NOT_REPRODUCIBLE,numerical match is not established; raw ADC was not substituted for the author matrix
R_Amp_V6_iqr,R_Amp,R_Amp_V6_iqr,amplitude,conditioned signal sample at R peak,R peak sample index is public; the conditioned signal matrix is not,ExtractAmplitudeFeaturesFromFPT,"yes: the sample at the fiducial, no unit conversion inside the function","paper states median, IQR and count; not executed, because the sample value is absent",REPRODUCIBLE_FROM_RAW_SIGNAL,RECONSTRUCTABLE_FROM_RAW,NOT_REPRODUCIBLE,numerical match is not established; raw ADC was not substituted for the author matrix
R_Amp_V6_count,R_Amp,R_Amp_V6_count,amplitude,conditioned signal sample at R peak,R peak sample index is public; the conditioned signal matrix is not,ExtractAmplitudeFeaturesFromFPT,"yes: the sample at the fiducial, no unit conversion inside the function","paper states median, IQR and count; not executed, because the sample value is absent",REPRODUCIBLE_FROM_RAW_SIGNAL,RECONSTRUCTABLE_FROM_RAW,NOT_REPRODUCIBLE,numerical match is not established; raw ADC was not substituted for the author matrix
R_Amp_aVF,R_Amp,R_Amp_aVF,amplitude,conditioned signal sample at R peak,R peak sample index is public; the conditioned signal matrix is not,ExtractAmplitudeFeaturesFromFPT,"yes: the sample at the fiducial, no unit conversion inside the function","paper states median, IQR and count; not executed, because the sample value is absent",REPRODUCIBLE_FROM_RAW_SIGNAL,RECONSTRUCTABLE_FROM_RAW,NOT_REPRODUCIBLE,numerical match is not established; raw ADC was not substituted for the author matrix
R_Amp_aVF_iqr,R_Amp,R_Amp_aVF_iqr,amplitude,conditioned signal sample at R peak,R peak sample index is public; the conditioned signal matrix is not,ExtractAmplitudeFeaturesFromFPT,"yes: the sample at the fiducial, no unit conversion inside the function","paper states median, IQR and count; not executed, because the sample value is absent",REPRODUCIBLE_FROM_RAW_SIGNAL,RECONSTRUCTABLE_FROM_RAW,NOT_REPRODUCIBLE,numerical match is not established; raw ADC was not substituted for the author matrix
R_Amp_aVF_count,R_Amp,R_Amp_aVF_count,amplitude,conditioned signal sample at R peak,R peak sample index is public; the conditioned signal matrix is not,ExtractAmplitudeFeaturesFromFPT,"yes: the sample at the fiducial, no unit conversion inside the function","paper states median, IQR and count; not executed, because the sample value is absent",REPRODUCIBLE_FROM_RAW_SIGNAL,RECONSTRUCTABLE_FROM_RAW,NOT_REPRODUCIBLE,numerical match is not established; raw ADC was not substituted for the author matrix
R_Amp_aVL,R_Amp,R_Amp_aVL,amplitude,conditioned signal sample at R peak,R peak sample index is public; the conditioned signal matrix is not,ExtractAmplitudeFeaturesFromFPT,"yes: the sample at the fiducial, no unit conversion inside the function","paper states median, IQR and count; not executed, because the sample value is absent",REPRODUCIBLE_FROM_RAW_SIGNAL,RECONSTRUCTABLE_FROM_RAW,NOT_REPRODUCIBLE,numerical match is not established; raw ADC was not substituted for the author matrix
R_Amp_aVL_iqr,R_Amp,R_Amp_aVL_iqr,amplitude,conditioned signal sample at R peak,R peak sample index is public; the conditioned signal matrix is not,ExtractAmplitudeFeaturesFromFPT,"yes: the sample at the fiducial, no unit conversion inside the function","paper states median, IQR and count; not executed, because the sample value is absent",REPRODUCIBLE_FROM_RAW_SIGNAL,RECONSTRUCTABLE_FROM_RAW,NOT_REPRODUCIBLE,numerical match is not established; raw ADC was not substituted for the author matrix
R_Amp_aVL_count,R_Amp,R_Amp_aVL_count,amplitude,conditioned signal sample at R peak,R peak sample index is public; the conditioned signal matrix is not,ExtractAmplitudeFeaturesFromFPT,"yes: the sample at the fiducial, no unit conversion inside the function","paper states median, IQR and count; not executed, because the sample value is absent",REPRODUCIBLE_FROM_RAW_SIGNAL,RECONSTRUCTABLE_FROM_RAW,NOT_REPRODUCIBLE,numerical match is not established; raw ADC was not substituted for the author matrix
R_Amp_aVR,R_Amp,R_Amp_aVR,amplitude,conditioned signal sample at R peak,R peak sample index is public; the conditioned signal matrix is not,ExtractAmplitudeFeaturesFromFPT,"yes: the sample at the fiducial, no unit conversion inside the function","paper states median, IQR and count; not executed, because the sample value is absent",REPRODUCIBLE_FROM_RAW_SIGNAL,RECONSTRUCTABLE_FROM_RAW,NOT_REPRODUCIBLE,numerical match is not established; raw ADC was not substituted for the author matrix
R_Amp_aVR_iqr,R_Amp,R_Amp_aVR_iqr,amplitude,conditioned signal sample at R peak,R peak sample index is public; the conditioned signal matrix is not,ExtractAmplitudeFeaturesFromFPT,"yes: the sample at the fiducial, no unit conversion inside the function","paper states median, IQR and count; not executed, because the sample value is absent",REPRODUCIBLE_FROM_RAW_SIGNAL,RECONSTRUCTABLE_FROM_RAW,NOT_REPRODUCIBLE,numerical match is not established; raw ADC was not substituted for the author matrix
R_Amp_aVR_count,R_Amp,R_Amp_aVR_count,amplitude,conditioned signal sample at R peak,R peak sample index is public; the conditioned signal matrix is not,ExtractAmplitudeFeaturesFromFPT,"yes: the sample at the fiducial, no unit conversion inside the function","paper states median, IQR and count; not executed, because the sample value is absent",REPRODUCIBLE_FROM_RAW_SIGNAL,RECONSTRUCTABLE_FROM_RAW,NOT_REPRODUCIBLE,numerical match is not established; raw ADC was not substituted for the author matrix
RR_Mean_Global,RR_Mean,RR_Mean_Global,interval,successive global R peaks,published fiducial sample indices for record 00513,ExtractIntervalFeaturesFromFPT,yes,"yes for this record: median, linear IQR, finite count",REPRODUCIBLE_FROM_FIDUCIALS,EXACT_FROM_FIDUCIALS,EXACT,
RR_Mean_Global_iqr,RR_Mean,RR_Mean_Global_iqr,interval,successive global R peaks,published fiducial sample indices for record 00513,ExtractIntervalFeaturesFromFPT,yes,"yes for this record: median, linear IQR, finite count",REPRODUCIBLE_FROM_FIDUCIALS,EXACT_FROM_FIDUCIALS,EXACT,
RR_Mean_Global_count,RR_Mean,RR_Mean_Global_count,interval,successive global R peaks,published fiducial sample indices for record 00513,ExtractIntervalFeaturesFromFPT,yes,"yes for this record: median, linear IQR, finite count",REPRODUCIBLE_FROM_FIDUCIALS,EXACT_FROM_FIDUCIALS,EXACT,
S_Amp_I,S_Amp,S_Amp_I,amplitude,conditioned signal sample at S peak,S peak sample index is public; the conditioned signal matrix is not,ExtractAmplitudeFeaturesFromFPT,"yes: the sample at the fiducial, no unit conversion inside the function","paper states median, IQR and count; not executed, because the sample value is absent",REPRODUCIBLE_FROM_RAW_SIGNAL,RECONSTRUCTABLE_FROM_RAW,NOT_REPRODUCIBLE,numerical match is not established; raw ADC was not substituted for the author matrix
S_Amp_I_iqr,S_Amp,S_Amp_I_iqr,amplitude,conditioned signal sample at S peak,S peak sample index is public; the conditioned signal matrix is not,ExtractAmplitudeFeaturesFromFPT,"yes: the sample at the fiducial, no unit conversion inside the function","paper states median, IQR and count; not executed, because the sample value is absent",REPRODUCIBLE_FROM_RAW_SIGNAL,RECONSTRUCTABLE_FROM_RAW,NOT_REPRODUCIBLE,numerical match is not established; raw ADC was not substituted for the author matrix
S_Amp_I_count,S_Amp,S_Amp_I_count,amplitude,conditioned signal sample at S peak,S peak sample index is public; the conditioned signal matrix is not,ExtractAmplitudeFeaturesFromFPT,"yes: the sample at the fiducial, no unit conversion inside the function","paper states median, IQR and count; not executed, because the sample value is absent",REPRODUCIBLE_FROM_RAW_SIGNAL,RECONSTRUCTABLE_FROM_RAW,NOT_REPRODUCIBLE,numerical match is not established; raw ADC was not substituted for the author matrix
S_Amp_II,S_Amp,S_Amp_II,amplitude,conditioned signal sample at S peak,S peak sample index is public; the conditioned signal matrix is not,ExtractAmplitudeFeaturesFromFPT,"yes: the sample at the fiducial, no unit conversion inside the function","paper states median, IQR and count; not executed, because the sample value is absent",REPRODUCIBLE_FROM_RAW_SIGNAL,RECONSTRUCTABLE_FROM_RAW,NOT_REPRODUCIBLE,numerical match is not established; raw ADC was not substituted for the author matrix
S_Amp_II_iqr,S_Amp,S_Amp_II_iqr,amplitude,conditioned signal sample at S peak,S peak sample index is public; the conditioned signal matrix is not,ExtractAmplitudeFeaturesFromFPT,"yes: the sample at the fiducial, no unit conversion inside the function","paper states median, IQR and count; not executed, because the sample value is absent",REPRODUCIBLE_FROM_RAW_SIGNAL,RECONSTRUCTABLE_FROM_RAW,NOT_REPRODUCIBLE,numerical match is not established; raw ADC was not substituted for the author matrix
S_Amp_II_count,S_Amp,S_Amp_II_count,amplitude,conditioned signal sample at S peak,S peak sample index is public; the conditioned signal matrix is not,ExtractAmplitudeFeaturesFromFPT,"yes: the sample at the fiducial, no unit conversion inside the function","paper states median, IQR and count; not executed, because the sample value is absent",REPRODUCIBLE_FROM_RAW_SIGNAL,RECONSTRUCTABLE_FROM_RAW,NOT_REPRODUCIBLE,numerical match is not established; raw ADC was not substituted for the author matrix
S_Amp_III,S_Amp,S_Amp_III,amplitude,conditioned signal sample at S peak,S peak sample index is public; the conditioned signal matrix is not,ExtractAmplitudeFeaturesFromFPT,"yes: the sample at the fiducial, no unit conversion inside the function","paper states median, IQR and count; not executed, because the sample value is absent",REPRODUCIBLE_FROM_RAW_SIGNAL,RECONSTRUCTABLE_FROM_RAW,NOT_REPRODUCIBLE,numerical match is not established; raw ADC was not substituted for the author matrix
S_Amp_III_iqr,S_Amp,S_Amp_III_iqr,amplitude,conditioned signal sample at S peak,S peak sample index is public; the conditioned signal matrix is not,ExtractAmplitudeFeaturesFromFPT,"yes: the sample at the fiducial, no unit conversion inside the function","paper states median, IQR and count; not executed, because the sample value is absent",REPRODUCIBLE_FROM_RAW_SIGNAL,RECONSTRUCTABLE_FROM_RAW,NOT_REPRODUCIBLE,numerical match is not established; raw ADC was not substituted for the author matrix
S_Amp_III_count,S_Amp,S_Amp_III_count,amplitude,conditioned signal sample at S peak,S peak sample index is public; the conditioned signal matrix is not,ExtractAmplitudeFeaturesFromFPT,"yes: the sample at the fiducial, no unit conversion inside the function","paper states median, IQR and count; not executed, because the sample value is absent",REPRODUCIBLE_FROM_RAW_SIGNAL,RECONSTRUCTABLE_FROM_RAW,NOT_REPRODUCIBLE,numerical match is not established; raw ADC was not substituted for the author matrix
S_Amp_V1,S_Amp,S_Amp_V1,amplitude,conditioned signal sample at S peak,S peak sample index is public; the conditioned signal matrix is not,ExtractAmplitudeFeaturesFromFPT,"yes: the sample at the fiducial, no unit conversion inside the function","paper states median, IQR and count; not executed, because the sample value is absent",REPRODUCIBLE_FROM_RAW_SIGNAL,RECONSTRUCTABLE_FROM_RAW,NOT_REPRODUCIBLE,numerical match is not established; raw ADC was not substituted for the author matrix
S_Amp_V1_iqr,S_Amp,S_Amp_V1_iqr,amplitude,conditioned signal sample at S peak,S peak sample index is public; the conditioned signal matrix is not,ExtractAmplitudeFeaturesFromFPT,"yes: the sample at the fiducial, no unit conversion inside the function","paper states median, IQR and count; not executed, because the sample value is absent",REPRODUCIBLE_FROM_RAW_SIGNAL,RECONSTRUCTABLE_FROM_RAW,NOT_REPRODUCIBLE,numerical match is not established; raw ADC was not substituted for the author matrix
S_Amp_V1_count,S_Amp,S_Amp_V1_count,amplitude,conditioned signal sample at S peak,S peak sample index is public; the conditioned signal matrix is not,ExtractAmplitudeFeaturesFromFPT,"yes: the sample at the fiducial, no unit conversion inside the function","paper states median, IQR and count; not executed, because the sample value is absent",REPRODUCIBLE_FROM_RAW_SIGNAL,RECONSTRUCTABLE_FROM_RAW,NOT_REPRODUCIBLE,numerical match is not established; raw ADC was not substituted for the author matrix
S_Amp_V2,S_Amp,S_Amp_V2,amplitude,conditioned signal sample at S peak,S peak sample index is public; the conditioned signal matrix is not,ExtractAmplitudeFeaturesFromFPT,"yes: the sample at the fiducial, no unit conversion inside the function","paper states median, IQR and count; not executed, because the sample value is absent",REPRODUCIBLE_FROM_RAW_SIGNAL,RECONSTRUCTABLE_FROM_RAW,NOT_REPRODUCIBLE,numerical match is not established; raw ADC was not substituted for the author matrix
S_Amp_V2_iqr,S_Amp,S_Amp_V2_iqr,amplitude,conditioned signal sample at S peak,S peak sample index is public; the conditioned signal matrix is not,ExtractAmplitudeFeaturesFromFPT,"yes: the sample at the fiducial, no unit conversion inside the function","paper states median, IQR and count; not executed, because the sample value is absent",REPRODUCIBLE_FROM_RAW_SIGNAL,RECONSTRUCTABLE_FROM_RAW,NOT_REPRODUCIBLE,numerical match is not established; raw ADC was not substituted for the author matrix
S_Amp_V2_count,S_Amp,S_Amp_V2_count,amplitude,conditioned signal sample at S peak,S peak sample index is public; the conditioned signal matrix is not,ExtractAmplitudeFeaturesFromFPT,"yes: the sample at the fiducial, no unit conversion inside the function","paper states median, IQR and count; not executed, because the sample value is absent",REPRODUCIBLE_FROM_RAW_SIGNAL,RECONSTRUCTABLE_FROM_RAW,NOT_REPRODUCIBLE,numerical match is not established; raw ADC was not substituted for the author matrix
S_Amp_V3,S_Amp,S_Amp_V3,amplitude,conditioned signal sample at S peak,S peak sample index is public; the conditioned signal matrix is not,ExtractAmplitudeFeaturesFromFPT,"yes: the sample at the fiducial, no unit conversion inside the function","paper states median, IQR and count; not executed, because the sample value is absent",REPRODUCIBLE_FROM_RAW_SIGNAL,RECONSTRUCTABLE_FROM_RAW,NOT_REPRODUCIBLE,numerical match is not established; raw ADC was not substituted for the author matrix
S_Amp_V3_iqr,S_Amp,S_Amp_V3_iqr,amplitude,conditioned signal sample at S peak,S peak sample index is public; the conditioned signal matrix is not,ExtractAmplitudeFeaturesFromFPT,"yes: the sample at the fiducial, no unit conversion inside the function","paper states median, IQR and count; not executed, because the sample value is absent",REPRODUCIBLE_FROM_RAW_SIGNAL,RECONSTRUCTABLE_FROM_RAW,NOT_REPRODUCIBLE,numerical match is not established; raw ADC was not substituted for the author matrix
S_Amp_V3_count,S_Amp,S_Amp_V3_count,amplitude,conditioned signal sample at S peak,S peak sample index is public; the conditioned signal matrix is not,ExtractAmplitudeFeaturesFromFPT,"yes: the sample at the fiducial, no unit conversion inside the function","paper states median, IQR and count; not executed, because the sample value is absent",REPRODUCIBLE_FROM_RAW_SIGNAL,RECONSTRUCTABLE_FROM_RAW,NOT_REPRODUCIBLE,numerical match is not established; raw ADC was not substituted for the author matrix
S_Amp_V4,S_Amp,S_Amp_V4,amplitude,conditioned signal sample at S peak,S peak sample index is public; the conditioned signal matrix is not,ExtractAmplitudeFeaturesFromFPT,"yes: the sample at the fiducial, no unit conversion inside the function","paper states median, IQR and count; not executed, because the sample value is absent",REPRODUCIBLE_FROM_RAW_SIGNAL,RECONSTRUCTABLE_FROM_RAW,NOT_REPRODUCIBLE,numerical match is not established; raw ADC was not substituted for the author matrix
S_Amp_V4_iqr,S_Amp,S_Amp_V4_iqr,amplitude,conditioned signal sample at S peak,S peak sample index is public; the conditioned signal matrix is not,ExtractAmplitudeFeaturesFromFPT,"yes: the sample at the fiducial, no unit conversion inside the function","paper states median, IQR and count; not executed, because the sample value is absent",REPRODUCIBLE_FROM_RAW_SIGNAL,RECONSTRUCTABLE_FROM_RAW,NOT_REPRODUCIBLE,numerical match is not established; raw ADC was not substituted for the author matrix
S_Amp_V4_count,S_Amp,S_Amp_V4_count,amplitude,conditioned signal sample at S peak,S peak sample index is public; the conditioned signal matrix is not,ExtractAmplitudeFeaturesFromFPT,"yes: the sample at the fiducial, no unit conversion inside the function","paper states median, IQR and count; not executed, because the sample value is absent",REPRODUCIBLE_FROM_RAW_SIGNAL,RECONSTRUCTABLE_FROM_RAW,NOT_REPRODUCIBLE,numerical match is not established; raw ADC was not substituted for the author matrix
S_Amp_V5,S_Amp,S_Amp_V5,amplitude,conditioned signal sample at S peak,S peak sample index is public; the conditioned signal matrix is not,ExtractAmplitudeFeaturesFromFPT,"yes: the sample at the fiducial, no unit conversion inside the function","paper states median, IQR and count; not executed, because the sample value is absent",REPRODUCIBLE_FROM_RAW_SIGNAL,RECONSTRUCTABLE_FROM_RAW,NOT_REPRODUCIBLE,numerical match is not established; raw ADC was not substituted for the author matrix
S_Amp_V5_iqr,S_Amp,S_Amp_V5_iqr,amplitude,conditioned signal sample at S peak,S peak sample index is public; the conditioned signal matrix is not,ExtractAmplitudeFeaturesFromFPT,"yes: the sample at the fiducial, no unit conversion inside the function","paper states median, IQR and count; not executed, because the sample value is absent",REPRODUCIBLE_FROM_RAW_SIGNAL,RECONSTRUCTABLE_FROM_RAW,NOT_REPRODUCIBLE,numerical match is not established; raw ADC was not substituted for the author matrix
S_Amp_V5_count,S_Amp,S_Amp_V5_count,amplitude,conditioned signal sample at S peak,S peak sample index is public; the conditioned signal matrix is not,ExtractAmplitudeFeaturesFromFPT,"yes: the sample at the fiducial, no unit conversion inside the function","paper states median, IQR and count; not executed, because the sample value is absent",REPRODUCIBLE_FROM_RAW_SIGNAL,RECONSTRUCTABLE_FROM_RAW,NOT_REPRODUCIBLE,numerical match is not established; raw ADC was not substituted for the author matrix
S_Amp_V6,S_Amp,S_Amp_V6,amplitude,conditioned signal sample at S peak,S peak sample index is public; the conditioned signal matrix is not,ExtractAmplitudeFeaturesFromFPT,"yes: the sample at the fiducial, no unit conversion inside the function","paper states median, IQR and count; not executed, because the sample value is absent",REPRODUCIBLE_FROM_RAW_SIGNAL,RECONSTRUCTABLE_FROM_RAW,NOT_REPRODUCIBLE,numerical match is not established; raw ADC was not substituted for the author matrix
S_Amp_V6_iqr,S_Amp,S_Amp_V6_iqr,amplitude,conditioned signal sample at S peak,S peak sample index is public; the conditioned signal matrix is not,ExtractAmplitudeFeaturesFromFPT,"yes: the sample at the fiducial, no unit conversion inside the function","paper states median, IQR and count; not executed, because the sample value is absent",REPRODUCIBLE_FROM_RAW_SIGNAL,RECONSTRUCTABLE_FROM_RAW,NOT_REPRODUCIBLE,numerical match is not established; raw ADC was not substituted for the author matrix
S_Amp_V6_count,S_Amp,S_Amp_V6_count,amplitude,conditioned signal sample at S peak,S peak sample index is public; the conditioned signal matrix is not,ExtractAmplitudeFeaturesFromFPT,"yes: the sample at the fiducial, no unit conversion inside the function","paper states median, IQR and count; not executed, because the sample value is absent",REPRODUCIBLE_FROM_RAW_SIGNAL,RECONSTRUCTABLE_FROM_RAW,NOT_REPRODUCIBLE,numerical match is not established; raw ADC was not substituted for the author matrix
S_Amp_aVF,S_Amp,S_Amp_aVF,amplitude,conditioned signal sample at S peak,S peak sample index is public; the conditioned signal matrix is not,ExtractAmplitudeFeaturesFromFPT,"yes: the sample at the fiducial, no unit conversion inside the function","paper states median, IQR and count; not executed, because the sample value is absent",REPRODUCIBLE_FROM_RAW_SIGNAL,RECONSTRUCTABLE_FROM_RAW,NOT_REPRODUCIBLE,numerical match is not established; raw ADC was not substituted for the author matrix
S_Amp_aVF_iqr,S_Amp,S_Amp_aVF_iqr,amplitude,conditioned signal sample at S peak,S peak sample index is public; the conditioned signal matrix is not,ExtractAmplitudeFeaturesFromFPT,"yes: the sample at the fiducial, no unit conversion inside the function","paper states median, IQR and count; not executed, because the sample value is absent",REPRODUCIBLE_FROM_RAW_SIGNAL,RECONSTRUCTABLE_FROM_RAW,NOT_REPRODUCIBLE,numerical match is not established; raw ADC was not substituted for the author matrix
S_Amp_aVF_count,S_Amp,S_Amp_aVF_count,amplitude,conditioned signal sample at S peak,S peak sample index is public; the conditioned signal matrix is not,ExtractAmplitudeFeaturesFromFPT,"yes: the sample at the fiducial, no unit conversion inside the function","paper states median, IQR and count; not executed, because the sample value is absent",REPRODUCIBLE_FROM_RAW_SIGNAL,RECONSTRUCTABLE_FROM_RAW,NOT_REPRODUCIBLE,numerical match is not established; raw ADC was not substituted for the author matrix
S_Amp_aVL,S_Amp,S_Amp_aVL,amplitude,conditioned signal sample at S peak,S peak sample index is public; the conditioned signal matrix is not,ExtractAmplitudeFeaturesFromFPT,"yes: the sample at the fiducial, no unit conversion inside the function","paper states median, IQR and count; not executed, because the sample value is absent",REPRODUCIBLE_FROM_RAW_SIGNAL,RECONSTRUCTABLE_FROM_RAW,NOT_REPRODUCIBLE,numerical match is not established; raw ADC was not substituted for the author matrix
S_Amp_aVL_iqr,S_Amp,S_Amp_aVL_iqr,amplitude,conditioned signal sample at S peak,S peak sample index is public; the conditioned signal matrix is not,ExtractAmplitudeFeaturesFromFPT,"yes: the sample at the fiducial, no unit conversion inside the function","paper states median, IQR and count; not executed, because the sample value is absent",REPRODUCIBLE_FROM_RAW_SIGNAL,RECONSTRUCTABLE_FROM_RAW,NOT_REPRODUCIBLE,numerical match is not established; raw ADC was not substituted for the author matrix
S_Amp_aVL_count,S_Amp,S_Amp_aVL_count,amplitude,conditioned signal sample at S peak,S peak sample index is public; the conditioned signal matrix is not,ExtractAmplitudeFeaturesFromFPT,"yes: the sample at the fiducial, no unit conversion inside the function","paper states median, IQR and count; not executed, because the sample value is absent",REPRODUCIBLE_FROM_RAW_SIGNAL,RECONSTRUCTABLE_FROM_RAW,NOT_REPRODUCIBLE,numerical match is not established; raw ADC was not substituted for the author matrix
S_Amp_aVR,S_Amp,S_Amp_aVR,amplitude,conditioned signal sample at S peak,S peak sample index is public; the conditioned signal matrix is not,ExtractAmplitudeFeaturesFromFPT,"yes: the sample at the fiducial, no unit conversion inside the function","paper states median, IQR and count; not executed, because the sample value is absent",REPRODUCIBLE_FROM_RAW_SIGNAL,RECONSTRUCTABLE_FROM_RAW,NOT_REPRODUCIBLE,numerical match is not established; raw ADC was not substituted for the author matrix
S_Amp_aVR_iqr,S_Amp,S_Amp_aVR_iqr,amplitude,conditioned signal sample at S peak,S peak sample index is public; the conditioned signal matrix is not,ExtractAmplitudeFeaturesFromFPT,"yes: the sample at the fiducial, no unit conversion inside the function","paper states median, IQR and count; not executed, because the sample value is absent",REPRODUCIBLE_FROM_RAW_SIGNAL,RECONSTRUCTABLE_FROM_RAW,NOT_REPRODUCIBLE,numerical match is not established; raw ADC was not substituted for the author matrix
S_Amp_aVR_count,S_Amp,S_Amp_aVR_count,amplitude,conditioned signal sample at S peak,S peak sample index is public; the conditioned signal matrix is not,ExtractAmplitudeFeaturesFromFPT,"yes: the sample at the fiducial, no unit conversion inside the function","paper states median, IQR and count; not executed, because the sample value is absent",REPRODUCIBLE_FROM_RAW_SIGNAL,RECONSTRUCTABLE_FROM_RAW,NOT_REPRODUCIBLE,numerical match is not established; raw ADC was not substituted for the author matrix
ST_Elev_I,ST_Elev,ST_Elev_I,st,"ST elevation or depression from Gaussian fits, named STc in the dictionary",L-point sample index is in the fiducial file; elevation is not,T_Detection writes the L point only; no STc function in v1.1,no,no,REQUIRES_UNKNOWN_AUTHOR_ALGORITHM,REQUIRES_UNKNOWN_CODE,NOT_REPRODUCIBLE,no Gaussian parameters are exported by v1.1
ST_Elev_I_iqr,ST_Elev,ST_Elev_I_iqr,st,"ST elevation or depression from Gaussian fits, named STc in the dictionary",L-point sample index is in the fiducial file; elevation is not,T_Detection writes the L point only; no STc function in v1.1,no,no,REQUIRES_UNKNOWN_AUTHOR_ALGORITHM,REQUIRES_UNKNOWN_CODE,NOT_REPRODUCIBLE,no Gaussian parameters are exported by v1.1
ST_Elev_I_count,ST_Elev,ST_Elev_I_count,st,"ST elevation or depression from Gaussian fits, named STc in the dictionary",L-point sample index is in the fiducial file; elevation is not,T_Detection writes the L point only; no STc function in v1.1,no,no,REQUIRES_UNKNOWN_AUTHOR_ALGORITHM,REQUIRES_UNKNOWN_CODE,NOT_REPRODUCIBLE,no Gaussian parameters are exported by v1.1
ST_Elev_II,ST_Elev,ST_Elev_II,st,"ST elevation or depression from Gaussian fits, named STc in the dictionary",L-point sample index is in the fiducial file; elevation is not,T_Detection writes the L point only; no STc function in v1.1,no,no,REQUIRES_UNKNOWN_AUTHOR_ALGORITHM,REQUIRES_UNKNOWN_CODE,NOT_REPRODUCIBLE,no Gaussian parameters are exported by v1.1
ST_Elev_II_iqr,ST_Elev,ST_Elev_II_iqr,st,"ST elevation or depression from Gaussian fits, named STc in the dictionary",L-point sample index is in the fiducial file; elevation is not,T_Detection writes the L point only; no STc function in v1.1,no,no,REQUIRES_UNKNOWN_AUTHOR_ALGORITHM,REQUIRES_UNKNOWN_CODE,NOT_REPRODUCIBLE,no Gaussian parameters are exported by v1.1
ST_Elev_II_count,ST_Elev,ST_Elev_II_count,st,"ST elevation or depression from Gaussian fits, named STc in the dictionary",L-point sample index is in the fiducial file; elevation is not,T_Detection writes the L point only; no STc function in v1.1,no,no,REQUIRES_UNKNOWN_AUTHOR_ALGORITHM,REQUIRES_UNKNOWN_CODE,NOT_REPRODUCIBLE,no Gaussian parameters are exported by v1.1
ST_Elev_III,ST_Elev,ST_Elev_III,st,"ST elevation or depression from Gaussian fits, named STc in the dictionary",L-point sample index is in the fiducial file; elevation is not,T_Detection writes the L point only; no STc function in v1.1,no,no,REQUIRES_UNKNOWN_AUTHOR_ALGORITHM,REQUIRES_UNKNOWN_CODE,NOT_REPRODUCIBLE,no Gaussian parameters are exported by v1.1
ST_Elev_III_iqr,ST_Elev,ST_Elev_III_iqr,st,"ST elevation or depression from Gaussian fits, named STc in the dictionary",L-point sample index is in the fiducial file; elevation is not,T_Detection writes the L point only; no STc function in v1.1,no,no,REQUIRES_UNKNOWN_AUTHOR_ALGORITHM,REQUIRES_UNKNOWN_CODE,NOT_REPRODUCIBLE,no Gaussian parameters are exported by v1.1
ST_Elev_III_count,ST_Elev,ST_Elev_III_count,st,"ST elevation or depression from Gaussian fits, named STc in the dictionary",L-point sample index is in the fiducial file; elevation is not,T_Detection writes the L point only; no STc function in v1.1,no,no,REQUIRES_UNKNOWN_AUTHOR_ALGORITHM,REQUIRES_UNKNOWN_CODE,NOT_REPRODUCIBLE,no Gaussian parameters are exported by v1.1
ST_Elev_V1,ST_Elev,ST_Elev_V1,st,"ST elevation or depression from Gaussian fits, named STc in the dictionary",L-point sample index is in the fiducial file; elevation is not,T_Detection writes the L point only; no STc function in v1.1,no,no,REQUIRES_UNKNOWN_AUTHOR_ALGORITHM,REQUIRES_UNKNOWN_CODE,NOT_REPRODUCIBLE,no Gaussian parameters are exported by v1.1
ST_Elev_V1_iqr,ST_Elev,ST_Elev_V1_iqr,st,"ST elevation or depression from Gaussian fits, named STc in the dictionary",L-point sample index is in the fiducial file; elevation is not,T_Detection writes the L point only; no STc function in v1.1,no,no,REQUIRES_UNKNOWN_AUTHOR_ALGORITHM,REQUIRES_UNKNOWN_CODE,NOT_REPRODUCIBLE,no Gaussian parameters are exported by v1.1
ST_Elev_V1_count,ST_Elev,ST_Elev_V1_count,st,"ST elevation or depression from Gaussian fits, named STc in the dictionary",L-point sample index is in the fiducial file; elevation is not,T_Detection writes the L point only; no STc function in v1.1,no,no,REQUIRES_UNKNOWN_AUTHOR_ALGORITHM,REQUIRES_UNKNOWN_CODE,NOT_REPRODUCIBLE,no Gaussian parameters are exported by v1.1
ST_Elev_V2,ST_Elev,ST_Elev_V2,st,"ST elevation or depression from Gaussian fits, named STc in the dictionary",L-point sample index is in the fiducial file; elevation is not,T_Detection writes the L point only; no STc function in v1.1,no,no,REQUIRES_UNKNOWN_AUTHOR_ALGORITHM,REQUIRES_UNKNOWN_CODE,NOT_REPRODUCIBLE,no Gaussian parameters are exported by v1.1
ST_Elev_V2_iqr,ST_Elev,ST_Elev_V2_iqr,st,"ST elevation or depression from Gaussian fits, named STc in the dictionary",L-point sample index is in the fiducial file; elevation is not,T_Detection writes the L point only; no STc function in v1.1,no,no,REQUIRES_UNKNOWN_AUTHOR_ALGORITHM,REQUIRES_UNKNOWN_CODE,NOT_REPRODUCIBLE,no Gaussian parameters are exported by v1.1
ST_Elev_V2_count,ST_Elev,ST_Elev_V2_count,st,"ST elevation or depression from Gaussian fits, named STc in the dictionary",L-point sample index is in the fiducial file; elevation is not,T_Detection writes the L point only; no STc function in v1.1,no,no,REQUIRES_UNKNOWN_AUTHOR_ALGORITHM,REQUIRES_UNKNOWN_CODE,NOT_REPRODUCIBLE,no Gaussian parameters are exported by v1.1
ST_Elev_V3,ST_Elev,ST_Elev_V3,st,"ST elevation or depression from Gaussian fits, named STc in the dictionary",L-point sample index is in the fiducial file; elevation is not,T_Detection writes the L point only; no STc function in v1.1,no,no,REQUIRES_UNKNOWN_AUTHOR_ALGORITHM,REQUIRES_UNKNOWN_CODE,NOT_REPRODUCIBLE,no Gaussian parameters are exported by v1.1
ST_Elev_V3_iqr,ST_Elev,ST_Elev_V3_iqr,st,"ST elevation or depression from Gaussian fits, named STc in the dictionary",L-point sample index is in the fiducial file; elevation is not,T_Detection writes the L point only; no STc function in v1.1,no,no,REQUIRES_UNKNOWN_AUTHOR_ALGORITHM,REQUIRES_UNKNOWN_CODE,NOT_REPRODUCIBLE,no Gaussian parameters are exported by v1.1
ST_Elev_V3_count,ST_Elev,ST_Elev_V3_count,st,"ST elevation or depression from Gaussian fits, named STc in the dictionary",L-point sample index is in the fiducial file; elevation is not,T_Detection writes the L point only; no STc function in v1.1,no,no,REQUIRES_UNKNOWN_AUTHOR_ALGORITHM,REQUIRES_UNKNOWN_CODE,NOT_REPRODUCIBLE,no Gaussian parameters are exported by v1.1
ST_Elev_V4,ST_Elev,ST_Elev_V4,st,"ST elevation or depression from Gaussian fits, named STc in the dictionary",L-point sample index is in the fiducial file; elevation is not,T_Detection writes the L point only; no STc function in v1.1,no,no,REQUIRES_UNKNOWN_AUTHOR_ALGORITHM,REQUIRES_UNKNOWN_CODE,NOT_REPRODUCIBLE,no Gaussian parameters are exported by v1.1
ST_Elev_V4_iqr,ST_Elev,ST_Elev_V4_iqr,st,"ST elevation or depression from Gaussian fits, named STc in the dictionary",L-point sample index is in the fiducial file; elevation is not,T_Detection writes the L point only; no STc function in v1.1,no,no,REQUIRES_UNKNOWN_AUTHOR_ALGORITHM,REQUIRES_UNKNOWN_CODE,NOT_REPRODUCIBLE,no Gaussian parameters are exported by v1.1
ST_Elev_V4_count,ST_Elev,ST_Elev_V4_count,st,"ST elevation or depression from Gaussian fits, named STc in the dictionary",L-point sample index is in the fiducial file; elevation is not,T_Detection writes the L point only; no STc function in v1.1,no,no,REQUIRES_UNKNOWN_AUTHOR_ALGORITHM,REQUIRES_UNKNOWN_CODE,NOT_REPRODUCIBLE,no Gaussian parameters are exported by v1.1
ST_Elev_V5,ST_Elev,ST_Elev_V5,st,"ST elevation or depression from Gaussian fits, named STc in the dictionary",L-point sample index is in the fiducial file; elevation is not,T_Detection writes the L point only; no STc function in v1.1,no,no,REQUIRES_UNKNOWN_AUTHOR_ALGORITHM,REQUIRES_UNKNOWN_CODE,NOT_REPRODUCIBLE,no Gaussian parameters are exported by v1.1
ST_Elev_V5_iqr,ST_Elev,ST_Elev_V5_iqr,st,"ST elevation or depression from Gaussian fits, named STc in the dictionary",L-point sample index is in the fiducial file; elevation is not,T_Detection writes the L point only; no STc function in v1.1,no,no,REQUIRES_UNKNOWN_AUTHOR_ALGORITHM,REQUIRES_UNKNOWN_CODE,NOT_REPRODUCIBLE,no Gaussian parameters are exported by v1.1
ST_Elev_V5_count,ST_Elev,ST_Elev_V5_count,st,"ST elevation or depression from Gaussian fits, named STc in the dictionary",L-point sample index is in the fiducial file; elevation is not,T_Detection writes the L point only; no STc function in v1.1,no,no,REQUIRES_UNKNOWN_AUTHOR_ALGORITHM,REQUIRES_UNKNOWN_CODE,NOT_REPRODUCIBLE,no Gaussian parameters are exported by v1.1
ST_Elev_V6,ST_Elev,ST_Elev_V6,st,"ST elevation or depression from Gaussian fits, named STc in the dictionary",L-point sample index is in the fiducial file; elevation is not,T_Detection writes the L point only; no STc function in v1.1,no,no,REQUIRES_UNKNOWN_AUTHOR_ALGORITHM,REQUIRES_UNKNOWN_CODE,NOT_REPRODUCIBLE,no Gaussian parameters are exported by v1.1
ST_Elev_V6_iqr,ST_Elev,ST_Elev_V6_iqr,st,"ST elevation or depression from Gaussian fits, named STc in the dictionary",L-point sample index is in the fiducial file; elevation is not,T_Detection writes the L point only; no STc function in v1.1,no,no,REQUIRES_UNKNOWN_AUTHOR_ALGORITHM,REQUIRES_UNKNOWN_CODE,NOT_REPRODUCIBLE,no Gaussian parameters are exported by v1.1
ST_Elev_V6_count,ST_Elev,ST_Elev_V6_count,st,"ST elevation or depression from Gaussian fits, named STc in the dictionary",L-point sample index is in the fiducial file; elevation is not,T_Detection writes the L point only; no STc function in v1.1,no,no,REQUIRES_UNKNOWN_AUTHOR_ALGORITHM,REQUIRES_UNKNOWN_CODE,NOT_REPRODUCIBLE,no Gaussian parameters are exported by v1.1
ST_Elev_aVF,ST_Elev,ST_Elev_aVF,st,"ST elevation or depression from Gaussian fits, named STc in the dictionary",L-point sample index is in the fiducial file; elevation is not,T_Detection writes the L point only; no STc function in v1.1,no,no,REQUIRES_UNKNOWN_AUTHOR_ALGORITHM,REQUIRES_UNKNOWN_CODE,NOT_REPRODUCIBLE,no Gaussian parameters are exported by v1.1
ST_Elev_aVF_iqr,ST_Elev,ST_Elev_aVF_iqr,st,"ST elevation or depression from Gaussian fits, named STc in the dictionary",L-point sample index is in the fiducial file; elevation is not,T_Detection writes the L point only; no STc function in v1.1,no,no,REQUIRES_UNKNOWN_AUTHOR_ALGORITHM,REQUIRES_UNKNOWN_CODE,NOT_REPRODUCIBLE,no Gaussian parameters are exported by v1.1
ST_Elev_aVF_count,ST_Elev,ST_Elev_aVF_count,st,"ST elevation or depression from Gaussian fits, named STc in the dictionary",L-point sample index is in the fiducial file; elevation is not,T_Detection writes the L point only; no STc function in v1.1,no,no,REQUIRES_UNKNOWN_AUTHOR_ALGORITHM,REQUIRES_UNKNOWN_CODE,NOT_REPRODUCIBLE,no Gaussian parameters are exported by v1.1
ST_Elev_aVL,ST_Elev,ST_Elev_aVL,st,"ST elevation or depression from Gaussian fits, named STc in the dictionary",L-point sample index is in the fiducial file; elevation is not,T_Detection writes the L point only; no STc function in v1.1,no,no,REQUIRES_UNKNOWN_AUTHOR_ALGORITHM,REQUIRES_UNKNOWN_CODE,NOT_REPRODUCIBLE,no Gaussian parameters are exported by v1.1
ST_Elev_aVL_iqr,ST_Elev,ST_Elev_aVL_iqr,st,"ST elevation or depression from Gaussian fits, named STc in the dictionary",L-point sample index is in the fiducial file; elevation is not,T_Detection writes the L point only; no STc function in v1.1,no,no,REQUIRES_UNKNOWN_AUTHOR_ALGORITHM,REQUIRES_UNKNOWN_CODE,NOT_REPRODUCIBLE,no Gaussian parameters are exported by v1.1
ST_Elev_aVL_count,ST_Elev,ST_Elev_aVL_count,st,"ST elevation or depression from Gaussian fits, named STc in the dictionary",L-point sample index is in the fiducial file; elevation is not,T_Detection writes the L point only; no STc function in v1.1,no,no,REQUIRES_UNKNOWN_AUTHOR_ALGORITHM,REQUIRES_UNKNOWN_CODE,NOT_REPRODUCIBLE,no Gaussian parameters are exported by v1.1
ST_Elev_aVR,ST_Elev,ST_Elev_aVR,st,"ST elevation or depression from Gaussian fits, named STc in the dictionary",L-point sample index is in the fiducial file; elevation is not,T_Detection writes the L point only; no STc function in v1.1,no,no,REQUIRES_UNKNOWN_AUTHOR_ALGORITHM,REQUIRES_UNKNOWN_CODE,NOT_REPRODUCIBLE,no Gaussian parameters are exported by v1.1
ST_Elev_aVR_iqr,ST_Elev,ST_Elev_aVR_iqr,st,"ST elevation or depression from Gaussian fits, named STc in the dictionary",L-point sample index is in the fiducial file; elevation is not,T_Detection writes the L point only; no STc function in v1.1,no,no,REQUIRES_UNKNOWN_AUTHOR_ALGORITHM,REQUIRES_UNKNOWN_CODE,NOT_REPRODUCIBLE,no Gaussian parameters are exported by v1.1
ST_Elev_aVR_count,ST_Elev,ST_Elev_aVR_count,st,"ST elevation or depression from Gaussian fits, named STc in the dictionary",L-point sample index is in the fiducial file; elevation is not,T_Detection writes the L point only; no STc function in v1.1,no,no,REQUIRES_UNKNOWN_AUTHOR_ALGORITHM,REQUIRES_UNKNOWN_CODE,NOT_REPRODUCIBLE,no Gaussian parameters are exported by v1.1
T_Amp_I,T_Amp,T_Amp_I,amplitude,conditioned signal sample at T peak,T peak sample index is public; the conditioned signal matrix is not,ExtractAmplitudeFeaturesFromFPT,"yes: the sample at the fiducial, no unit conversion inside the function","paper states median, IQR and count; not executed, because the sample value is absent",REPRODUCIBLE_FROM_RAW_SIGNAL,RECONSTRUCTABLE_FROM_RAW,NOT_REPRODUCIBLE,numerical match is not established; raw ADC was not substituted for the author matrix
T_Amp_I_iqr,T_Amp,T_Amp_I_iqr,amplitude,conditioned signal sample at T peak,T peak sample index is public; the conditioned signal matrix is not,ExtractAmplitudeFeaturesFromFPT,"yes: the sample at the fiducial, no unit conversion inside the function","paper states median, IQR and count; not executed, because the sample value is absent",REPRODUCIBLE_FROM_RAW_SIGNAL,RECONSTRUCTABLE_FROM_RAW,NOT_REPRODUCIBLE,numerical match is not established; raw ADC was not substituted for the author matrix
T_Amp_I_count,T_Amp,T_Amp_I_count,amplitude,conditioned signal sample at T peak,T peak sample index is public; the conditioned signal matrix is not,ExtractAmplitudeFeaturesFromFPT,"yes: the sample at the fiducial, no unit conversion inside the function","paper states median, IQR and count; not executed, because the sample value is absent",REPRODUCIBLE_FROM_RAW_SIGNAL,RECONSTRUCTABLE_FROM_RAW,NOT_REPRODUCIBLE,numerical match is not established; raw ADC was not substituted for the author matrix
T_Amp_II,T_Amp,T_Amp_II,amplitude,conditioned signal sample at T peak,T peak sample index is public; the conditioned signal matrix is not,ExtractAmplitudeFeaturesFromFPT,"yes: the sample at the fiducial, no unit conversion inside the function","paper states median, IQR and count; not executed, because the sample value is absent",REPRODUCIBLE_FROM_RAW_SIGNAL,RECONSTRUCTABLE_FROM_RAW,NOT_REPRODUCIBLE,numerical match is not established; raw ADC was not substituted for the author matrix
T_Amp_II_iqr,T_Amp,T_Amp_II_iqr,amplitude,conditioned signal sample at T peak,T peak sample index is public; the conditioned signal matrix is not,ExtractAmplitudeFeaturesFromFPT,"yes: the sample at the fiducial, no unit conversion inside the function","paper states median, IQR and count; not executed, because the sample value is absent",REPRODUCIBLE_FROM_RAW_SIGNAL,RECONSTRUCTABLE_FROM_RAW,NOT_REPRODUCIBLE,numerical match is not established; raw ADC was not substituted for the author matrix
T_Amp_II_count,T_Amp,T_Amp_II_count,amplitude,conditioned signal sample at T peak,T peak sample index is public; the conditioned signal matrix is not,ExtractAmplitudeFeaturesFromFPT,"yes: the sample at the fiducial, no unit conversion inside the function","paper states median, IQR and count; not executed, because the sample value is absent",REPRODUCIBLE_FROM_RAW_SIGNAL,RECONSTRUCTABLE_FROM_RAW,NOT_REPRODUCIBLE,numerical match is not established; raw ADC was not substituted for the author matrix
T_Amp_III,T_Amp,T_Amp_III,amplitude,conditioned signal sample at T peak,T peak sample index is public; the conditioned signal matrix is not,ExtractAmplitudeFeaturesFromFPT,"yes: the sample at the fiducial, no unit conversion inside the function","paper states median, IQR and count; not executed, because the sample value is absent",REPRODUCIBLE_FROM_RAW_SIGNAL,RECONSTRUCTABLE_FROM_RAW,NOT_REPRODUCIBLE,numerical match is not established; raw ADC was not substituted for the author matrix
T_Amp_III_iqr,T_Amp,T_Amp_III_iqr,amplitude,conditioned signal sample at T peak,T peak sample index is public; the conditioned signal matrix is not,ExtractAmplitudeFeaturesFromFPT,"yes: the sample at the fiducial, no unit conversion inside the function","paper states median, IQR and count; not executed, because the sample value is absent",REPRODUCIBLE_FROM_RAW_SIGNAL,RECONSTRUCTABLE_FROM_RAW,NOT_REPRODUCIBLE,numerical match is not established; raw ADC was not substituted for the author matrix
T_Amp_III_count,T_Amp,T_Amp_III_count,amplitude,conditioned signal sample at T peak,T peak sample index is public; the conditioned signal matrix is not,ExtractAmplitudeFeaturesFromFPT,"yes: the sample at the fiducial, no unit conversion inside the function","paper states median, IQR and count; not executed, because the sample value is absent",REPRODUCIBLE_FROM_RAW_SIGNAL,RECONSTRUCTABLE_FROM_RAW,NOT_REPRODUCIBLE,numerical match is not established; raw ADC was not substituted for the author matrix
T_Amp_V1,T_Amp,T_Amp_V1,amplitude,conditioned signal sample at T peak,T peak sample index is public; the conditioned signal matrix is not,ExtractAmplitudeFeaturesFromFPT,"yes: the sample at the fiducial, no unit conversion inside the function","paper states median, IQR and count; not executed, because the sample value is absent",REPRODUCIBLE_FROM_RAW_SIGNAL,RECONSTRUCTABLE_FROM_RAW,NOT_REPRODUCIBLE,numerical match is not established; raw ADC was not substituted for the author matrix
T_Amp_V1_iqr,T_Amp,T_Amp_V1_iqr,amplitude,conditioned signal sample at T peak,T peak sample index is public; the conditioned signal matrix is not,ExtractAmplitudeFeaturesFromFPT,"yes: the sample at the fiducial, no unit conversion inside the function","paper states median, IQR and count; not executed, because the sample value is absent",REPRODUCIBLE_FROM_RAW_SIGNAL,RECONSTRUCTABLE_FROM_RAW,NOT_REPRODUCIBLE,numerical match is not established; raw ADC was not substituted for the author matrix
T_Amp_V1_count,T_Amp,T_Amp_V1_count,amplitude,conditioned signal sample at T peak,T peak sample index is public; the conditioned signal matrix is not,ExtractAmplitudeFeaturesFromFPT,"yes: the sample at the fiducial, no unit conversion inside the function","paper states median, IQR and count; not executed, because the sample value is absent",REPRODUCIBLE_FROM_RAW_SIGNAL,RECONSTRUCTABLE_FROM_RAW,NOT_REPRODUCIBLE,numerical match is not established; raw ADC was not substituted for the author matrix
T_Amp_V2,T_Amp,T_Amp_V2,amplitude,conditioned signal sample at T peak,T peak sample index is public; the conditioned signal matrix is not,ExtractAmplitudeFeaturesFromFPT,"yes: the sample at the fiducial, no unit conversion inside the function","paper states median, IQR and count; not executed, because the sample value is absent",REPRODUCIBLE_FROM_RAW_SIGNAL,RECONSTRUCTABLE_FROM_RAW,NOT_REPRODUCIBLE,numerical match is not established; raw ADC was not substituted for the author matrix
T_Amp_V2_iqr,T_Amp,T_Amp_V2_iqr,amplitude,conditioned signal sample at T peak,T peak sample index is public; the conditioned signal matrix is not,ExtractAmplitudeFeaturesFromFPT,"yes: the sample at the fiducial, no unit conversion inside the function","paper states median, IQR and count; not executed, because the sample value is absent",REPRODUCIBLE_FROM_RAW_SIGNAL,RECONSTRUCTABLE_FROM_RAW,NOT_REPRODUCIBLE,numerical match is not established; raw ADC was not substituted for the author matrix
T_Amp_V2_count,T_Amp,T_Amp_V2_count,amplitude,conditioned signal sample at T peak,T peak sample index is public; the conditioned signal matrix is not,ExtractAmplitudeFeaturesFromFPT,"yes: the sample at the fiducial, no unit conversion inside the function","paper states median, IQR and count; not executed, because the sample value is absent",REPRODUCIBLE_FROM_RAW_SIGNAL,RECONSTRUCTABLE_FROM_RAW,NOT_REPRODUCIBLE,numerical match is not established; raw ADC was not substituted for the author matrix
T_Amp_V3,T_Amp,T_Amp_V3,amplitude,conditioned signal sample at T peak,T peak sample index is public; the conditioned signal matrix is not,ExtractAmplitudeFeaturesFromFPT,"yes: the sample at the fiducial, no unit conversion inside the function","paper states median, IQR and count; not executed, because the sample value is absent",REPRODUCIBLE_FROM_RAW_SIGNAL,RECONSTRUCTABLE_FROM_RAW,NOT_REPRODUCIBLE,numerical match is not established; raw ADC was not substituted for the author matrix
T_Amp_V3_iqr,T_Amp,T_Amp_V3_iqr,amplitude,conditioned signal sample at T peak,T peak sample index is public; the conditioned signal matrix is not,ExtractAmplitudeFeaturesFromFPT,"yes: the sample at the fiducial, no unit conversion inside the function","paper states median, IQR and count; not executed, because the sample value is absent",REPRODUCIBLE_FROM_RAW_SIGNAL,RECONSTRUCTABLE_FROM_RAW,NOT_REPRODUCIBLE,numerical match is not established; raw ADC was not substituted for the author matrix
T_Amp_V3_count,T_Amp,T_Amp_V3_count,amplitude,conditioned signal sample at T peak,T peak sample index is public; the conditioned signal matrix is not,ExtractAmplitudeFeaturesFromFPT,"yes: the sample at the fiducial, no unit conversion inside the function","paper states median, IQR and count; not executed, because the sample value is absent",REPRODUCIBLE_FROM_RAW_SIGNAL,RECONSTRUCTABLE_FROM_RAW,NOT_REPRODUCIBLE,numerical match is not established; raw ADC was not substituted for the author matrix
T_Amp_V4,T_Amp,T_Amp_V4,amplitude,conditioned signal sample at T peak,T peak sample index is public; the conditioned signal matrix is not,ExtractAmplitudeFeaturesFromFPT,"yes: the sample at the fiducial, no unit conversion inside the function","paper states median, IQR and count; not executed, because the sample value is absent",REPRODUCIBLE_FROM_RAW_SIGNAL,RECONSTRUCTABLE_FROM_RAW,NOT_REPRODUCIBLE,numerical match is not established; raw ADC was not substituted for the author matrix
T_Amp_V4_iqr,T_Amp,T_Amp_V4_iqr,amplitude,conditioned signal sample at T peak,T peak sample index is public; the conditioned signal matrix is not,ExtractAmplitudeFeaturesFromFPT,"yes: the sample at the fiducial, no unit conversion inside the function","paper states median, IQR and count; not executed, because the sample value is absent",REPRODUCIBLE_FROM_RAW_SIGNAL,RECONSTRUCTABLE_FROM_RAW,NOT_REPRODUCIBLE,numerical match is not established; raw ADC was not substituted for the author matrix
T_Amp_V4_count,T_Amp,T_Amp_V4_count,amplitude,conditioned signal sample at T peak,T peak sample index is public; the conditioned signal matrix is not,ExtractAmplitudeFeaturesFromFPT,"yes: the sample at the fiducial, no unit conversion inside the function","paper states median, IQR and count; not executed, because the sample value is absent",REPRODUCIBLE_FROM_RAW_SIGNAL,RECONSTRUCTABLE_FROM_RAW,NOT_REPRODUCIBLE,numerical match is not established; raw ADC was not substituted for the author matrix
T_Amp_V5,T_Amp,T_Amp_V5,amplitude,conditioned signal sample at T peak,T peak sample index is public; the conditioned signal matrix is not,ExtractAmplitudeFeaturesFromFPT,"yes: the sample at the fiducial, no unit conversion inside the function","paper states median, IQR and count; not executed, because the sample value is absent",REPRODUCIBLE_FROM_RAW_SIGNAL,RECONSTRUCTABLE_FROM_RAW,NOT_REPRODUCIBLE,numerical match is not established; raw ADC was not substituted for the author matrix
T_Amp_V5_iqr,T_Amp,T_Amp_V5_iqr,amplitude,conditioned signal sample at T peak,T peak sample index is public; the conditioned signal matrix is not,ExtractAmplitudeFeaturesFromFPT,"yes: the sample at the fiducial, no unit conversion inside the function","paper states median, IQR and count; not executed, because the sample value is absent",REPRODUCIBLE_FROM_RAW_SIGNAL,RECONSTRUCTABLE_FROM_RAW,NOT_REPRODUCIBLE,numerical match is not established; raw ADC was not substituted for the author matrix
T_Amp_V5_count,T_Amp,T_Amp_V5_count,amplitude,conditioned signal sample at T peak,T peak sample index is public; the conditioned signal matrix is not,ExtractAmplitudeFeaturesFromFPT,"yes: the sample at the fiducial, no unit conversion inside the function","paper states median, IQR and count; not executed, because the sample value is absent",REPRODUCIBLE_FROM_RAW_SIGNAL,RECONSTRUCTABLE_FROM_RAW,NOT_REPRODUCIBLE,numerical match is not established; raw ADC was not substituted for the author matrix
T_Amp_V6,T_Amp,T_Amp_V6,amplitude,conditioned signal sample at T peak,T peak sample index is public; the conditioned signal matrix is not,ExtractAmplitudeFeaturesFromFPT,"yes: the sample at the fiducial, no unit conversion inside the function","paper states median, IQR and count; not executed, because the sample value is absent",REPRODUCIBLE_FROM_RAW_SIGNAL,RECONSTRUCTABLE_FROM_RAW,NOT_REPRODUCIBLE,numerical match is not established; raw ADC was not substituted for the author matrix
T_Amp_V6_iqr,T_Amp,T_Amp_V6_iqr,amplitude,conditioned signal sample at T peak,T peak sample index is public; the conditioned signal matrix is not,ExtractAmplitudeFeaturesFromFPT,"yes: the sample at the fiducial, no unit conversion inside the function","paper states median, IQR and count; not executed, because the sample value is absent",REPRODUCIBLE_FROM_RAW_SIGNAL,RECONSTRUCTABLE_FROM_RAW,NOT_REPRODUCIBLE,numerical match is not established; raw ADC was not substituted for the author matrix
T_Amp_V6_count,T_Amp,T_Amp_V6_count,amplitude,conditioned signal sample at T peak,T peak sample index is public; the conditioned signal matrix is not,ExtractAmplitudeFeaturesFromFPT,"yes: the sample at the fiducial, no unit conversion inside the function","paper states median, IQR and count; not executed, because the sample value is absent",REPRODUCIBLE_FROM_RAW_SIGNAL,RECONSTRUCTABLE_FROM_RAW,NOT_REPRODUCIBLE,numerical match is not established; raw ADC was not substituted for the author matrix
T_Amp_aVF,T_Amp,T_Amp_aVF,amplitude,conditioned signal sample at T peak,T peak sample index is public; the conditioned signal matrix is not,ExtractAmplitudeFeaturesFromFPT,"yes: the sample at the fiducial, no unit conversion inside the function","paper states median, IQR and count; not executed, because the sample value is absent",REPRODUCIBLE_FROM_RAW_SIGNAL,RECONSTRUCTABLE_FROM_RAW,NOT_REPRODUCIBLE,numerical match is not established; raw ADC was not substituted for the author matrix
T_Amp_aVF_iqr,T_Amp,T_Amp_aVF_iqr,amplitude,conditioned signal sample at T peak,T peak sample index is public; the conditioned signal matrix is not,ExtractAmplitudeFeaturesFromFPT,"yes: the sample at the fiducial, no unit conversion inside the function","paper states median, IQR and count; not executed, because the sample value is absent",REPRODUCIBLE_FROM_RAW_SIGNAL,RECONSTRUCTABLE_FROM_RAW,NOT_REPRODUCIBLE,numerical match is not established; raw ADC was not substituted for the author matrix
T_Amp_aVF_count,T_Amp,T_Amp_aVF_count,amplitude,conditioned signal sample at T peak,T peak sample index is public; the conditioned signal matrix is not,ExtractAmplitudeFeaturesFromFPT,"yes: the sample at the fiducial, no unit conversion inside the function","paper states median, IQR and count; not executed, because the sample value is absent",REPRODUCIBLE_FROM_RAW_SIGNAL,RECONSTRUCTABLE_FROM_RAW,NOT_REPRODUCIBLE,numerical match is not established; raw ADC was not substituted for the author matrix
T_Amp_aVL,T_Amp,T_Amp_aVL,amplitude,conditioned signal sample at T peak,T peak sample index is public; the conditioned signal matrix is not,ExtractAmplitudeFeaturesFromFPT,"yes: the sample at the fiducial, no unit conversion inside the function","paper states median, IQR and count; not executed, because the sample value is absent",REPRODUCIBLE_FROM_RAW_SIGNAL,RECONSTRUCTABLE_FROM_RAW,NOT_REPRODUCIBLE,numerical match is not established; raw ADC was not substituted for the author matrix
T_Amp_aVL_iqr,T_Amp,T_Amp_aVL_iqr,amplitude,conditioned signal sample at T peak,T peak sample index is public; the conditioned signal matrix is not,ExtractAmplitudeFeaturesFromFPT,"yes: the sample at the fiducial, no unit conversion inside the function","paper states median, IQR and count; not executed, because the sample value is absent",REPRODUCIBLE_FROM_RAW_SIGNAL,RECONSTRUCTABLE_FROM_RAW,NOT_REPRODUCIBLE,numerical match is not established; raw ADC was not substituted for the author matrix
T_Amp_aVL_count,T_Amp,T_Amp_aVL_count,amplitude,conditioned signal sample at T peak,T peak sample index is public; the conditioned signal matrix is not,ExtractAmplitudeFeaturesFromFPT,"yes: the sample at the fiducial, no unit conversion inside the function","paper states median, IQR and count; not executed, because the sample value is absent",REPRODUCIBLE_FROM_RAW_SIGNAL,RECONSTRUCTABLE_FROM_RAW,NOT_REPRODUCIBLE,numerical match is not established; raw ADC was not substituted for the author matrix
T_Amp_aVR,T_Amp,T_Amp_aVR,amplitude,conditioned signal sample at T peak,T peak sample index is public; the conditioned signal matrix is not,ExtractAmplitudeFeaturesFromFPT,"yes: the sample at the fiducial, no unit conversion inside the function","paper states median, IQR and count; not executed, because the sample value is absent",REPRODUCIBLE_FROM_RAW_SIGNAL,RECONSTRUCTABLE_FROM_RAW,NOT_REPRODUCIBLE,numerical match is not established; raw ADC was not substituted for the author matrix
T_Amp_aVR_iqr,T_Amp,T_Amp_aVR_iqr,amplitude,conditioned signal sample at T peak,T peak sample index is public; the conditioned signal matrix is not,ExtractAmplitudeFeaturesFromFPT,"yes: the sample at the fiducial, no unit conversion inside the function","paper states median, IQR and count; not executed, because the sample value is absent",REPRODUCIBLE_FROM_RAW_SIGNAL,RECONSTRUCTABLE_FROM_RAW,NOT_REPRODUCIBLE,numerical match is not established; raw ADC was not substituted for the author matrix
T_Amp_aVR_count,T_Amp,T_Amp_aVR_count,amplitude,conditioned signal sample at T peak,T peak sample index is public; the conditioned signal matrix is not,ExtractAmplitudeFeaturesFromFPT,"yes: the sample at the fiducial, no unit conversion inside the function","paper states median, IQR and count; not executed, because the sample value is absent",REPRODUCIBLE_FROM_RAW_SIGNAL,RECONSTRUCTABLE_FROM_RAW,NOT_REPRODUCIBLE,numerical match is not established; raw ADC was not substituted for the author matrix
T_DurFull_I,T_DurFull,T_DurFull_I,interval,"T onset, T offset",published fiducial sample indices for record 00513,ExtractIntervalFeaturesFromFPT,yes,"yes for this record: median, linear IQR, finite count",REPRODUCIBLE_FROM_FIDUCIALS,EXACT_FROM_FIDUCIALS,EXACT,
T_DurFull_I_iqr,T_DurFull,T_DurFull_I_iqr,interval,"T onset, T offset",published fiducial sample indices for record 00513,ExtractIntervalFeaturesFromFPT,yes,"yes for this record: median, linear IQR, finite count",REPRODUCIBLE_FROM_FIDUCIALS,EXACT_FROM_FIDUCIALS,EXACT,
T_DurFull_I_count,T_DurFull,T_DurFull_I_count,interval,"T onset, T offset",published fiducial sample indices for record 00513,ExtractIntervalFeaturesFromFPT,yes,"yes for this record: median, linear IQR, finite count",REPRODUCIBLE_FROM_FIDUCIALS,EXACT_FROM_FIDUCIALS,EXACT,
T_DurFull_II,T_DurFull,T_DurFull_II,interval,"T onset, T offset",published fiducial sample indices for record 00513,ExtractIntervalFeaturesFromFPT,yes,"yes for this record: median, linear IQR, finite count",REPRODUCIBLE_FROM_FIDUCIALS,EXACT_FROM_FIDUCIALS,EXACT,
T_DurFull_II_iqr,T_DurFull,T_DurFull_II_iqr,interval,"T onset, T offset",published fiducial sample indices for record 00513,ExtractIntervalFeaturesFromFPT,yes,"yes for this record: median, linear IQR, finite count",REPRODUCIBLE_FROM_FIDUCIALS,EXACT_FROM_FIDUCIALS,EXACT,
T_DurFull_II_count,T_DurFull,T_DurFull_II_count,interval,"T onset, T offset",published fiducial sample indices for record 00513,ExtractIntervalFeaturesFromFPT,yes,"yes for this record: median, linear IQR, finite count",REPRODUCIBLE_FROM_FIDUCIALS,EXACT_FROM_FIDUCIALS,EXACT,
T_DurFull_III,T_DurFull,T_DurFull_III,interval,"T onset, T offset",published fiducial sample indices for record 00513,ExtractIntervalFeaturesFromFPT,yes,"yes for this record: median, linear IQR, finite count",REPRODUCIBLE_FROM_FIDUCIALS,EXACT_FROM_FIDUCIALS,EXACT,
T_DurFull_III_iqr,T_DurFull,T_DurFull_III_iqr,interval,"T onset, T offset",published fiducial sample indices for record 00513,ExtractIntervalFeaturesFromFPT,yes,"yes for this record: median, linear IQR, finite count",REPRODUCIBLE_FROM_FIDUCIALS,EXACT_FROM_FIDUCIALS,EXACT,
T_DurFull_III_count,T_DurFull,T_DurFull_III_count,interval,"T onset, T offset",published fiducial sample indices for record 00513,ExtractIntervalFeaturesFromFPT,yes,"yes for this record: median, linear IQR, finite count",REPRODUCIBLE_FROM_FIDUCIALS,EXACT_FROM_FIDUCIALS,EXACT,
T_DurFull_V1,T_DurFull,T_DurFull_V1,interval,"T onset, T offset",published fiducial sample indices for record 00513,ExtractIntervalFeaturesFromFPT,yes,"yes for this record: median, linear IQR, finite count",REPRODUCIBLE_FROM_FIDUCIALS,EXACT_FROM_FIDUCIALS,EXACT,
T_DurFull_V1_iqr,T_DurFull,T_DurFull_V1_iqr,interval,"T onset, T offset",published fiducial sample indices for record 00513,ExtractIntervalFeaturesFromFPT,yes,"yes for this record: median, linear IQR, finite count",REPRODUCIBLE_FROM_FIDUCIALS,EXACT_FROM_FIDUCIALS,EXACT,
T_DurFull_V1_count,T_DurFull,T_DurFull_V1_count,interval,"T onset, T offset",published fiducial sample indices for record 00513,ExtractIntervalFeaturesFromFPT,yes,"yes for this record: median, linear IQR, finite count",REPRODUCIBLE_FROM_FIDUCIALS,EXACT_FROM_FIDUCIALS,EXACT,
T_DurFull_V2,T_DurFull,T_DurFull_V2,interval,"T onset, T offset",published fiducial sample indices for record 00513,ExtractIntervalFeaturesFromFPT,yes,"yes for this record: median, linear IQR, finite count",REPRODUCIBLE_FROM_FIDUCIALS,EXACT_FROM_FIDUCIALS,EXACT,
T_DurFull_V2_iqr,T_DurFull,T_DurFull_V2_iqr,interval,"T onset, T offset",published fiducial sample indices for record 00513,ExtractIntervalFeaturesFromFPT,yes,"yes for this record: median, linear IQR, finite count",REPRODUCIBLE_FROM_FIDUCIALS,EXACT_FROM_FIDUCIALS,EXACT,
T_DurFull_V2_count,T_DurFull,T_DurFull_V2_count,interval,"T onset, T offset",published fiducial sample indices for record 00513,ExtractIntervalFeaturesFromFPT,yes,"yes for this record: median, linear IQR, finite count",REPRODUCIBLE_FROM_FIDUCIALS,EXACT_FROM_FIDUCIALS,EXACT,
T_DurFull_V3,T_DurFull,T_DurFull_V3,interval,"T onset, T offset",published fiducial sample indices for record 00513,ExtractIntervalFeaturesFromFPT,yes,"yes for this record: median, linear IQR, finite count",REPRODUCIBLE_FROM_FIDUCIALS,EXACT_FROM_FIDUCIALS,EXACT,
T_DurFull_V3_iqr,T_DurFull,T_DurFull_V3_iqr,interval,"T onset, T offset",published fiducial sample indices for record 00513,ExtractIntervalFeaturesFromFPT,yes,"yes for this record: median, linear IQR, finite count",REPRODUCIBLE_FROM_FIDUCIALS,EXACT_FROM_FIDUCIALS,EXACT,
T_DurFull_V3_count,T_DurFull,T_DurFull_V3_count,interval,"T onset, T offset",published fiducial sample indices for record 00513,ExtractIntervalFeaturesFromFPT,yes,"yes for this record: median, linear IQR, finite count",REPRODUCIBLE_FROM_FIDUCIALS,EXACT_FROM_FIDUCIALS,EXACT,
T_DurFull_V4,T_DurFull,T_DurFull_V4,interval,"T onset, T offset",published fiducial sample indices for record 00513,ExtractIntervalFeaturesFromFPT,yes,"yes for this record: median, linear IQR, finite count",REPRODUCIBLE_FROM_FIDUCIALS,EXACT_FROM_FIDUCIALS,EXACT,
T_DurFull_V4_iqr,T_DurFull,T_DurFull_V4_iqr,interval,"T onset, T offset",published fiducial sample indices for record 00513,ExtractIntervalFeaturesFromFPT,yes,"yes for this record: median, linear IQR, finite count",REPRODUCIBLE_FROM_FIDUCIALS,EXACT_FROM_FIDUCIALS,EXACT,
T_DurFull_V4_count,T_DurFull,T_DurFull_V4_count,interval,"T onset, T offset",published fiducial sample indices for record 00513,ExtractIntervalFeaturesFromFPT,yes,"yes for this record: median, linear IQR, finite count",REPRODUCIBLE_FROM_FIDUCIALS,EXACT_FROM_FIDUCIALS,EXACT,
T_DurFull_V5,T_DurFull,T_DurFull_V5,interval,"T onset, T offset",published fiducial sample indices for record 00513,ExtractIntervalFeaturesFromFPT,yes,"yes for this record: median, linear IQR, finite count",REPRODUCIBLE_FROM_FIDUCIALS,EXACT_FROM_FIDUCIALS,EXACT,
T_DurFull_V5_iqr,T_DurFull,T_DurFull_V5_iqr,interval,"T onset, T offset",published fiducial sample indices for record 00513,ExtractIntervalFeaturesFromFPT,yes,"yes for this record: median, linear IQR, finite count",REPRODUCIBLE_FROM_FIDUCIALS,EXACT_FROM_FIDUCIALS,EXACT,
T_DurFull_V5_count,T_DurFull,T_DurFull_V5_count,interval,"T onset, T offset",published fiducial sample indices for record 00513,ExtractIntervalFeaturesFromFPT,yes,"yes for this record: median, linear IQR, finite count",REPRODUCIBLE_FROM_FIDUCIALS,EXACT_FROM_FIDUCIALS,EXACT,
T_DurFull_V6,T_DurFull,T_DurFull_V6,interval,"T onset, T offset",published fiducial sample indices for record 00513,ExtractIntervalFeaturesFromFPT,yes,"yes for this record: median, linear IQR, finite count",REPRODUCIBLE_FROM_FIDUCIALS,EXACT_FROM_FIDUCIALS,EXACT,
T_DurFull_V6_iqr,T_DurFull,T_DurFull_V6_iqr,interval,"T onset, T offset",published fiducial sample indices for record 00513,ExtractIntervalFeaturesFromFPT,yes,"yes for this record: median, linear IQR, finite count",REPRODUCIBLE_FROM_FIDUCIALS,EXACT_FROM_FIDUCIALS,EXACT,
T_DurFull_V6_count,T_DurFull,T_DurFull_V6_count,interval,"T onset, T offset",published fiducial sample indices for record 00513,ExtractIntervalFeaturesFromFPT,yes,"yes for this record: median, linear IQR, finite count",REPRODUCIBLE_FROM_FIDUCIALS,EXACT_FROM_FIDUCIALS,EXACT,
T_DurFull_aVF,T_DurFull,T_DurFull_aVF,interval,"T onset, T offset",published fiducial sample indices for record 00513,ExtractIntervalFeaturesFromFPT,yes,"yes for this record: median, linear IQR, finite count",REPRODUCIBLE_FROM_FIDUCIALS,EXACT_FROM_FIDUCIALS,EXACT,
T_DurFull_aVF_iqr,T_DurFull,T_DurFull_aVF_iqr,interval,"T onset, T offset",published fiducial sample indices for record 00513,ExtractIntervalFeaturesFromFPT,yes,"yes for this record: median, linear IQR, finite count",REPRODUCIBLE_FROM_FIDUCIALS,EXACT_FROM_FIDUCIALS,EXACT,
T_DurFull_aVF_count,T_DurFull,T_DurFull_aVF_count,interval,"T onset, T offset",published fiducial sample indices for record 00513,ExtractIntervalFeaturesFromFPT,yes,"yes for this record: median, linear IQR, finite count",REPRODUCIBLE_FROM_FIDUCIALS,EXACT_FROM_FIDUCIALS,EXACT,
T_DurFull_aVL,T_DurFull,T_DurFull_aVL,interval,"T onset, T offset",published fiducial sample indices for record 00513,ExtractIntervalFeaturesFromFPT,yes,"yes for this record: median, linear IQR, finite count",REPRODUCIBLE_FROM_FIDUCIALS,EXACT_FROM_FIDUCIALS,EXACT,
T_DurFull_aVL_iqr,T_DurFull,T_DurFull_aVL_iqr,interval,"T onset, T offset",published fiducial sample indices for record 00513,ExtractIntervalFeaturesFromFPT,yes,"yes for this record: median, linear IQR, finite count",REPRODUCIBLE_FROM_FIDUCIALS,EXACT_FROM_FIDUCIALS,EXACT,
T_DurFull_aVL_count,T_DurFull,T_DurFull_aVL_count,interval,"T onset, T offset",published fiducial sample indices for record 00513,ExtractIntervalFeaturesFromFPT,yes,"yes for this record: median, linear IQR, finite count",REPRODUCIBLE_FROM_FIDUCIALS,EXACT_FROM_FIDUCIALS,EXACT,
T_DurFull_aVR,T_DurFull,T_DurFull_aVR,interval,"T onset, T offset",published fiducial sample indices for record 00513,ExtractIntervalFeaturesFromFPT,yes,"yes for this record: median, linear IQR, finite count",REPRODUCIBLE_FROM_FIDUCIALS,EXACT_FROM_FIDUCIALS,EXACT,
T_DurFull_aVR_iqr,T_DurFull,T_DurFull_aVR_iqr,interval,"T onset, T offset",published fiducial sample indices for record 00513,ExtractIntervalFeaturesFromFPT,yes,"yes for this record: median, linear IQR, finite count",REPRODUCIBLE_FROM_FIDUCIALS,EXACT_FROM_FIDUCIALS,EXACT,
T_DurFull_aVR_count,T_DurFull,T_DurFull_aVR_count,interval,"T onset, T offset",published fiducial sample indices for record 00513,ExtractIntervalFeaturesFromFPT,yes,"yes for this record: median, linear IQR, finite count",REPRODUCIBLE_FROM_FIDUCIALS,EXACT_FROM_FIDUCIALS,EXACT,
T_Dur_Global,T_Dur,T_Dur_Global,interval,"T onset, T offset across 12 leads",published fiducial sample indices for record 00513,ExtractIntervalFeaturesFromFPT,yes,"yes for this record: median, linear IQR, finite count",REPRODUCIBLE_FROM_FIDUCIALS,EXACT_FROM_FIDUCIALS,EXACT,
T_Dur_Global_iqr,T_Dur,T_Dur_Global_iqr,interval,"T onset, T offset across 12 leads",published fiducial sample indices for record 00513,ExtractIntervalFeaturesFromFPT,yes,"yes for this record: median, linear IQR, finite count",REPRODUCIBLE_FROM_FIDUCIALS,EXACT_FROM_FIDUCIALS,EXACT,
T_Dur_Global_count,T_Dur,T_Dur_Global_count,interval,"T onset, T offset across 12 leads",published fiducial sample indices for record 00513,ExtractIntervalFeaturesFromFPT,yes,"yes for this record: median, linear IQR, finite count",REPRODUCIBLE_FROM_FIDUCIALS,EXACT_FROM_FIDUCIALS,EXACT,
HA__Global,HA,HA__Global,axis,heart-axis class elHA,"none of the class, its inputs, or its formula",none; elHA is absent from v1.1,no,no,REQUIRES_UNKNOWN_AUTHOR_ALGORITHM,REQUIRES_UNKNOWN_CODE,NOT_REPRODUCIBLE,"published row 513 is value 2, iqr 0, count 1; that row was not copied in"
HA__Global_iqr,HA,HA__Global_iqr,axis,heart-axis class elHA,"none of the class, its inputs, or its formula",none; elHA is absent from v1.1,no,no,REQUIRES_UNKNOWN_AUTHOR_ALGORITHM,REQUIRES_UNKNOWN_CODE,NOT_REPRODUCIBLE,"published row 513 is value 2, iqr 0, count 1; that row was not copied in"
HA__Global_count,HA,HA__Global_count,axis,heart-axis class elHA,"none of the class, its inputs, or its formula",none; elHA is absent from v1.1,no,no,REQUIRES_UNKNOWN_AUTHOR_ALGORITHM,REQUIRES_UNKNOWN_CODE,NOT_REPRODUCIBLE,"published row 513 is value 2, iqr 0, count 1; that row was not copied in"
