feature,candidate_formula,reconstructed_value,published_value,absolute_error,exact_match
QT_IntCorr_I,framingham_per_beat_then_aggregate__global_rr_n_minus_1__same_index,443.564,442.795,0.7690000000000055,False
QT_IntCorr_I_iqr,framingham_per_beat_then_aggregate__global_rr_n_minus_1__same_index,5.926000000000045,7.542500000000018,1.6164999999999736,False
QT_IntCorr_I_count,framingham_per_beat_then_aggregate__global_rr_n_minus_1__same_index,11.0,12.0,1.0,False
QT_IntCorr_I,framingham_per_beat_then_aggregate__global_rr_n_minus_1__qt_next,438.02,442.795,4.775000000000034,False
QT_IntCorr_I_iqr,framingham_per_beat_then_aggregate__global_rr_n_minus_1__qt_next,11.467999999999961,7.542500000000018,3.9254999999999427,False
QT_IntCorr_I_count,framingham_per_beat_then_aggregate__global_rr_n_minus_1__qt_next,11.0,12.0,1.0,False
QT_IntCorr_I,framingham_median_then_correct__global_rr_n_minus_1,440.25199999999995,442.795,2.543000000000063,False
QT_IntCorr_I_iqr,framingham_median_then_correct__global_rr_n_minus_1,,7.542500000000018,,False
QT_IntCorr_I_count,framingham_median_then_correct__global_rr_n_minus_1,12.0,12.0,0.0,True
QT_IntCorr_I,framingham_per_beat_then_aggregate__global_rr_padded__same_index,442.788,442.795,0.007000000000005002,False
QT_IntCorr_I_iqr,framingham_per_beat_then_aggregate__global_rr_padded__same_index,7.428999999999974,7.542500000000018,0.11350000000004457,False
QT_IntCorr_I_count,framingham_per_beat_then_aggregate__global_rr_padded__same_index,12.0,12.0,0.0,True
QT_IntCorr_I,framingham_per_beat_then_aggregate__global_rr_padded__qt_next,438.02,442.795,4.775000000000034,False
QT_IntCorr_I_iqr,framingham_per_beat_then_aggregate__global_rr_padded__qt_next,11.467999999999961,7.542500000000018,3.9254999999999427,False
QT_IntCorr_I_count,framingham_per_beat_then_aggregate__global_rr_padded__qt_next,11.0,12.0,1.0,False
QT_IntCorr_I,framingham_median_then_correct__global_rr_padded,440.56,442.795,2.2350000000000136,False
QT_IntCorr_I_iqr,framingham_median_then_correct__global_rr_padded,,7.542500000000018,,False
QT_IntCorr_I_count,framingham_median_then_correct__global_rr_padded,12.0,12.0,0.0,True
QT_IntCorr_I,framingham_per_beat_then_aggregate__lead_rr_n_minus_1__same_index,443.71999999999997,442.795,0.9249999999999545,False
QT_IntCorr_I_iqr,framingham_per_beat_then_aggregate__lead_rr_n_minus_1__same_index,6.08400000000006,7.542500000000018,1.4584999999999582,False
QT_IntCorr_I_count,framingham_per_beat_then_aggregate__lead_rr_n_minus_1__same_index,11.0,12.0,1.0,False
QT_IntCorr_I,framingham_per_beat_then_aggregate__lead_rr_n_minus_1__qt_next,438.02,442.795,4.775000000000034,False
QT_IntCorr_I_iqr,framingham_per_beat_then_aggregate__lead_rr_n_minus_1__qt_next,11.314000000000021,7.542500000000018,3.771500000000003,False
QT_IntCorr_I_count,framingham_per_beat_then_aggregate__lead_rr_n_minus_1__qt_next,11.0,12.0,1.0,False
QT_IntCorr_I,framingham_median_then_correct__lead_rr_n_minus_1,440.25199999999995,442.795,2.543000000000063,False
QT_IntCorr_I_iqr,framingham_median_then_correct__lead_rr_n_minus_1,,7.542500000000018,,False
QT_IntCorr_I_count,framingham_median_then_correct__lead_rr_n_minus_1,12.0,12.0,0.0,True
QT_IntCorr_I,framingham_per_beat_then_aggregate__lead_rr_padded__same_index,442.794,442.795,0.0010000000000331966,False
QT_IntCorr_I_iqr,framingham_per_beat_then_aggregate__lead_rr_padded__same_index,7.543000000000006,7.542500000000018,0.0004999999999881766,False
QT_IntCorr_I_count,framingham_per_beat_then_aggregate__lead_rr_padded__same_index,12.0,12.0,0.0,True
QT_IntCorr_I,framingham_per_beat_then_aggregate__lead_rr_padded__qt_next,438.02,442.795,4.775000000000034,False
QT_IntCorr_I_iqr,framingham_per_beat_then_aggregate__lead_rr_padded__qt_next,11.314000000000021,7.542500000000018,3.771500000000003,False
QT_IntCorr_I_count,framingham_per_beat_then_aggregate__lead_rr_padded__qt_next,11.0,12.0,1.0,False
QT_IntCorr_I,framingham_median_then_correct__lead_rr_padded,440.56,442.795,2.2350000000000136,False
QT_IntCorr_I_iqr,framingham_median_then_correct__lead_rr_padded,,7.542500000000018,,False
QT_IntCorr_I_count,framingham_median_then_correct__lead_rr_padded,12.0,12.0,0.0,True
QT_IntCorr_I,bazett_per_beat_then_aggregate__global_rr_n_minus_1__same_index,457.71300947293093,442.795,14.918009472930919,False
QT_IntCorr_I_iqr,bazett_per_beat_then_aggregate__global_rr_n_minus_1__same_index,11.45358396290311,7.542500000000018,3.911083962903092,False
QT_IntCorr_I_count,bazett_per_beat_then_aggregate__global_rr_n_minus_1__same_index,11.0,12.0,1.0,False
QT_IntCorr_I,bazett_per_beat_then_aggregate__global_rr_n_minus_1__qt_next,449.1068577710317,442.795,6.311857771031669,False
QT_IntCorr_I_iqr,bazett_per_beat_then_aggregate__global_rr_n_minus_1__qt_next,17.052700170436538,7.542500000000018,9.51020017043652,False
QT_IntCorr_I_count,bazett_per_beat_then_aggregate__global_rr_n_minus_1__qt_next,11.0,12.0,1.0,False
QT_IntCorr_I,bazett_median_then_correct__global_rr_n_minus_1,451.29486299344154,442.795,8.499862993441525,False
QT_IntCorr_I_iqr,bazett_median_then_correct__global_rr_n_minus_1,,7.542500000000018,,False
QT_IntCorr_I_count,bazett_median_then_correct__global_rr_n_minus_1,12.0,12.0,0.0,True
QT_IntCorr_I,bazett_per_beat_then_aggregate__global_rr_padded__same_index,455.56910120741895,442.795,12.774101207418937,False
QT_IntCorr_I_iqr,bazett_per_beat_then_aggregate__global_rr_padded__same_index,12.23075045109374,7.542500000000018,4.688250451093722,False
QT_IntCorr_I_count,bazett_per_beat_then_aggregate__global_rr_padded__same_index,12.0,12.0,0.0,True
QT_IntCorr_I,bazett_per_beat_then_aggregate__global_rr_padded__qt_next,449.1068577710317,442.795,6.311857771031669,False
QT_IntCorr_I_iqr,bazett_per_beat_then_aggregate__global_rr_padded__qt_next,17.052700170436538,7.542500000000018,9.51020017043652,False
QT_IntCorr_I_count,bazett_per_beat_then_aggregate__global_rr_padded__qt_next,11.0,12.0,1.0,False
QT_IntCorr_I,bazett_median_then_correct__global_rr_padded,451.819319722407,442.795,9.024319722406972,False
QT_IntCorr_I_iqr,bazett_median_then_correct__global_rr_padded,,7.542500000000018,,False
QT_IntCorr_I_count,bazett_median_then_correct__global_rr_padded,12.0,12.0,0.0,True
QT_IntCorr_I,bazett_per_beat_then_aggregate__lead_rr_n_minus_1__same_index,458.2628150879228,442.795,15.467815087922759,False
QT_IntCorr_I_iqr,bazett_per_beat_then_aggregate__lead_rr_n_minus_1__same_index,11.696041800207752,7.542500000000018,4.153541800207734,False
QT_IntCorr_I_count,bazett_per_beat_then_aggregate__lead_rr_n_minus_1__same_index,11.0,12.0,1.0,False
QT_IntCorr_I,bazett_per_beat_then_aggregate__lead_rr_n_minus_1__qt_next,449.4922348948525,442.795,6.6972348948525,False
QT_IntCorr_I_iqr,bazett_per_beat_then_aggregate__lead_rr_n_minus_1__qt_next,17.052700170436538,7.542500000000018,9.51020017043652,False
QT_IntCorr_I_count,bazett_per_beat_then_aggregate__lead_rr_n_minus_1__qt_next,11.0,12.0,1.0,False
QT_IntCorr_I,bazett_median_then_correct__lead_rr_n_minus_1,451.29486299344154,442.795,8.499862993441525,False
QT_IntCorr_I_iqr,bazett_median_then_correct__lead_rr_n_minus_1,,7.542500000000018,,False
QT_IntCorr_I_count,bazett_median_then_correct__lead_rr_n_minus_1,12.0,12.0,0.0,True
QT_IntCorr_I,bazett_per_beat_then_aggregate__lead_rr_padded__same_index,455.8440040149149,442.795,13.049004014914885,False
QT_IntCorr_I_iqr,bazett_per_beat_then_aggregate__lead_rr_padded__same_index,12.59443720705076,7.542500000000018,5.051937207050742,False
QT_IntCorr_I_count,bazett_per_beat_then_aggregate__lead_rr_padded__same_index,12.0,12.0,0.0,True
QT_IntCorr_I,bazett_per_beat_then_aggregate__lead_rr_padded__qt_next,449.4922348948525,442.795,6.6972348948525,False
QT_IntCorr_I_iqr,bazett_per_beat_then_aggregate__lead_rr_padded__qt_next,17.052700170436538,7.542500000000018,9.51020017043652,False
QT_IntCorr_I_count,bazett_per_beat_then_aggregate__lead_rr_padded__qt_next,11.0,12.0,1.0,False
QT_IntCorr_I,bazett_median_then_correct__lead_rr_padded,451.819319722407,442.795,9.024319722406972,False
QT_IntCorr_I_iqr,bazett_median_then_correct__lead_rr_padded,,7.542500000000018,,False
QT_IntCorr_I_count,bazett_median_then_correct__lead_rr_padded,12.0,12.0,0.0,True
QT_IntCorr_I,fridericia_per_beat_then_aggregate__global_rr_n_minus_1__same_index,444.07289404440905,442.795,1.277894044409038,False
QT_IntCorr_I_iqr,fridericia_per_beat_then_aggregate__global_rr_n_minus_1__same_index,6.578741753419024,7.542500000000018,0.9637582465809942,False
QT_IntCorr_I_count,fridericia_per_beat_then_aggregate__global_rr_n_minus_1__same_index,11.0,12.0,1.0,False
QT_IntCorr_I,fridericia_per_beat_then_aggregate__global_rr_n_minus_1__qt_next,437.8612685070996,442.795,4.933731492900392,False
QT_IntCorr_I_iqr,fridericia_per_beat_then_aggregate__global_rr_n_minus_1__qt_next,12.560289037682765,7.542500000000018,5.017789037682746,False
QT_IntCorr_I_count,fridericia_per_beat_then_aggregate__global_rr_n_minus_1__qt_next,11.0,12.0,1.0,False
QT_IntCorr_I,fridericia_median_then_correct__global_rr_n_minus_1,440.2624043587774,442.795,2.532595641222599,False
QT_IntCorr_I_iqr,fridericia_median_then_correct__global_rr_n_minus_1,,7.542500000000018,,False
QT_IntCorr_I_count,fridericia_median_then_correct__global_rr_n_minus_1,12.0,12.0,0.0,True
QT_IntCorr_I,fridericia_per_beat_then_aggregate__global_rr_padded__same_index,443.0353911672682,442.795,0.24039116726817156,False
QT_IntCorr_I_iqr,fridericia_per_beat_then_aggregate__global_rr_padded__same_index,8.249680262706022,7.542500000000018,0.7071802627060038,False
QT_IntCorr_I_count,fridericia_per_beat_then_aggregate__global_rr_padded__same_index,12.0,12.0,0.0,True
QT_IntCorr_I,fridericia_per_beat_then_aggregate__global_rr_padded__qt_next,437.8612685070996,442.795,4.933731492900392,False
QT_IntCorr_I_iqr,fridericia_per_beat_then_aggregate__global_rr_padded__qt_next,12.560289037682765,7.542500000000018,5.017789037682746,False
QT_IntCorr_I_count,fridericia_per_beat_then_aggregate__global_rr_padded__qt_next,11.0,12.0,1.0,False
QT_IntCorr_I,fridericia_median_then_correct__global_rr_padded,440.6034288207404,442.795,2.191571179259597,False
QT_IntCorr_I_iqr,fridericia_median_then_correct__global_rr_padded,,7.542500000000018,,False
QT_IntCorr_I_count,fridericia_median_then_correct__global_rr_padded,12.0,12.0,0.0,True
QT_IntCorr_I,fridericia_per_beat_then_aggregate__lead_rr_n_minus_1__same_index,444.42843694572474,442.795,1.6334369457247249,False
QT_IntCorr_I_iqr,fridericia_per_beat_then_aggregate__lead_rr_n_minus_1__same_index,6.738236064539535,7.542500000000018,0.804263935460483,False
QT_IntCorr_I_count,fridericia_per_beat_then_aggregate__lead_rr_n_minus_1__same_index,11.0,12.0,1.0,False
QT_IntCorr_I,fridericia_per_beat_then_aggregate__lead_rr_n_minus_1__qt_next,437.8612685070996,442.795,4.933731492900392,False
QT_IntCorr_I_iqr,fridericia_per_beat_then_aggregate__lead_rr_n_minus_1__qt_next,12.385919911439373,7.542500000000018,4.843419911439355,False
QT_IntCorr_I_count,fridericia_per_beat_then_aggregate__lead_rr_n_minus_1__qt_next,11.0,12.0,1.0,False
QT_IntCorr_I,fridericia_median_then_correct__lead_rr_n_minus_1,440.2624043587774,442.795,2.532595641222599,False
QT_IntCorr_I_iqr,fridericia_median_then_correct__lead_rr_n_minus_1,,7.542500000000018,,False
QT_IntCorr_I_count,fridericia_median_then_correct__lead_rr_n_minus_1,12.0,12.0,0.0,True
QT_IntCorr_I,fridericia_per_beat_then_aggregate__lead_rr_padded__same_index,443.21316261792606,442.795,0.41816261792604337,False
QT_IntCorr_I_iqr,fridericia_per_beat_then_aggregate__lead_rr_padded__same_index,8.249680262706022,7.542500000000018,0.7071802627060038,False
QT_IntCorr_I_count,fridericia_per_beat_then_aggregate__lead_rr_padded__same_index,12.0,12.0,0.0,True
QT_IntCorr_I,fridericia_per_beat_then_aggregate__lead_rr_padded__qt_next,437.8612685070996,442.795,4.933731492900392,False
QT_IntCorr_I_iqr,fridericia_per_beat_then_aggregate__lead_rr_padded__qt_next,12.385919911439373,7.542500000000018,4.843419911439355,False
QT_IntCorr_I_count,fridericia_per_beat_then_aggregate__lead_rr_padded__qt_next,11.0,12.0,1.0,False
QT_IntCorr_I,fridericia_median_then_correct__lead_rr_padded,440.6034288207404,442.795,2.191571179259597,False
QT_IntCorr_I_iqr,fridericia_median_then_correct__lead_rr_padded,,7.542500000000018,,False
QT_IntCorr_I_count,fridericia_median_then_correct__lead_rr_padded,12.0,12.0,0.0,True
QT_IntCorr_I,hodges_per_beat_then_aggregate__global_rr_n_minus_1__same_index,438.89928057553954,442.795,3.8957194244604807,False
QT_IntCorr_I_iqr,hodges_per_beat_then_aggregate__global_rr_n_minus_1__same_index,5.751687399938589,7.542500000000018,1.7908126000614288,False
QT_IntCorr_I_count,hodges_per_beat_then_aggregate__global_rr_n_minus_1__same_index,11.0,12.0,1.0,False
QT_IntCorr_I,hodges_per_beat_then_aggregate__global_rr_n_minus_1__qt_next,433.6896551724138,442.795,9.105344827586237,False
QT_IntCorr_I_iqr,hodges_per_beat_then_aggregate__global_rr_n_minus_1__qt_next,11.20760753281047,7.542500000000018,3.6651075328104525,False
QT_IntCorr_I_count,hodges_per_beat_then_aggregate__global_rr_n_minus_1__qt_next,11.0,12.0,1.0,False
QT_IntCorr_I,hodges_median_then_correct__global_rr_n_minus_1,435.8097447795824,442.795,6.985255220417628,False
QT_IntCorr_I_iqr,hodges_median_then_correct__global_rr_n_minus_1,,7.542500000000018,,False
QT_IntCorr_I_count,hodges_median_then_correct__global_rr_n_minus_1,12.0,12.0,0.0,True
QT_IntCorr_I,hodges_per_beat_then_aggregate__global_rr_padded__same_index,438.8910719580517,442.795,3.9039280419482907,False
QT_IntCorr_I_iqr,hodges_per_beat_then_aggregate__global_rr_padded__same_index,7.053439298437979,7.542500000000018,0.48906070156203896,False
QT_IntCorr_I_count,hodges_per_beat_then_aggregate__global_rr_padded__same_index,12.0,12.0,0.0,True
QT_IntCorr_I,hodges_per_beat_then_aggregate__global_rr_padded__qt_next,433.6896551724138,442.795,9.105344827586237,False
QT_IntCorr_I_iqr,hodges_per_beat_then_aggregate__global_rr_padded__qt_next,11.20760753281047,7.542500000000018,3.6651075328104525,False
QT_IntCorr_I_count,hodges_per_beat_then_aggregate__global_rr_padded__qt_next,11.0,12.0,1.0,False
QT_IntCorr_I,hodges_median_then_correct__global_rr_padded,436.09302325581393,442.795,6.701976744186084,False
QT_IntCorr_I_iqr,hodges_median_then_correct__global_rr_padded,,7.542500000000018,,False
QT_IntCorr_I_count,hodges_median_then_correct__global_rr_padded,12.0,12.0,0.0,True
QT_IntCorr_I,hodges_per_beat_then_aggregate__lead_rr_n_minus_1__same_index,439.0487804878049,442.795,3.7462195121951254,False
QT_IntCorr_I_iqr,hodges_per_beat_then_aggregate__lead_rr_n_minus_1__same_index,5.82825869449772,7.542500000000018,1.7142413055022985,False
QT_IntCorr_I_count,hodges_per_beat_then_aggregate__lead_rr_n_minus_1__same_index,11.0,12.0,1.0,False
QT_IntCorr_I,hodges_per_beat_then_aggregate__lead_rr_n_minus_1__qt_next,433.6896551724138,442.795,9.105344827586237,False
QT_IntCorr_I_iqr,hodges_per_beat_then_aggregate__lead_rr_n_minus_1__qt_next,10.959054904399522,7.542500000000018,3.4165549043995043,False
QT_IntCorr_I_count,hodges_per_beat_then_aggregate__lead_rr_n_minus_1__qt_next,11.0,12.0,1.0,False
QT_IntCorr_I,hodges_median_then_correct__lead_rr_n_minus_1,435.8097447795824,442.795,6.985255220417628,False
QT_IntCorr_I_iqr,hodges_median_then_correct__lead_rr_n_minus_1,,7.542500000000018,,False
QT_IntCorr_I_count,hodges_median_then_correct__lead_rr_n_minus_1,12.0,12.0,0.0,True
QT_IntCorr_I,hodges_per_beat_then_aggregate__lead_rr_padded__same_index,438.8425720620843,442.795,3.952427937915729,False
QT_IntCorr_I_iqr,hodges_per_beat_then_aggregate__lead_rr_padded__same_index,7.168296240276618,7.542500000000018,0.37420375972340025,False
QT_IntCorr_I_count,hodges_per_beat_then_aggregate__lead_rr_padded__same_index,12.0,12.0,0.0,True
QT_IntCorr_I,hodges_per_beat_then_aggregate__lead_rr_padded__qt_next,433.6896551724138,442.795,9.105344827586237,False
QT_IntCorr_I_iqr,hodges_per_beat_then_aggregate__lead_rr_padded__qt_next,10.959054904399522,7.542500000000018,3.4165549043995043,False
QT_IntCorr_I_count,hodges_per_beat_then_aggregate__lead_rr_padded__qt_next,11.0,12.0,1.0,False
QT_IntCorr_I,hodges_median_then_correct__lead_rr_padded,436.09302325581393,442.795,6.701976744186084,False
QT_IntCorr_I_iqr,hodges_median_then_correct__lead_rr_padded,,7.542500000000018,,False
QT_IntCorr_I_count,hodges_median_then_correct__lead_rr_padded,12.0,12.0,0.0,True
QT_IntCorr_II,framingham_per_beat_then_aggregate__global_rr_n_minus_1__same_index,421.71999999999997,419.795,1.9249999999999545,False
QT_IntCorr_II_iqr,framingham_per_beat_then_aggregate__global_rr_n_minus_1__same_index,74.0,76.11500000000001,2.115000000000009,False
QT_IntCorr_II_count,framingham_per_beat_then_aggregate__global_rr_n_minus_1__same_index,11.0,12.0,1.0,False
QT_IntCorr_II,framingham_per_beat_then_aggregate__global_rr_n_minus_1__qt_next,413.248,419.795,6.5470000000000255,False
QT_IntCorr_II_iqr,framingham_per_beat_then_aggregate__global_rr_n_minus_1__qt_next,76.84799999999996,76.11500000000001,0.7329999999999472,False
QT_IntCorr_II_count,framingham_per_beat_then_aggregate__global_rr_n_minus_1__qt_next,11.0,12.0,1.0,False
QT_IntCorr_II,framingham_median_then_correct__global_rr_n_minus_1,416.252,419.795,3.5430000000000064,False
QT_IntCorr_II_iqr,framingham_median_then_correct__global_rr_n_minus_1,,76.11500000000001,,False
QT_IntCorr_II_count,framingham_median_then_correct__global_rr_n_minus_1,12.0,12.0,0.0,True
QT_IntCorr_II,framingham_per_beat_then_aggregate__global_rr_padded__same_index,419.642,419.795,0.15300000000002,False
QT_IntCorr_II_iqr,framingham_per_beat_then_aggregate__global_rr_padded__same_index,76.11600000000004,76.11500000000001,0.0010000000000331966,False
QT_IntCorr_II_count,framingham_per_beat_then_aggregate__global_rr_padded__same_index,12.0,12.0,0.0,True
QT_IntCorr_II,framingham_per_beat_then_aggregate__global_rr_padded__qt_next,413.248,419.795,6.5470000000000255,False
QT_IntCorr_II_iqr,framingham_per_beat_then_aggregate__global_rr_padded__qt_next,76.84799999999996,76.11500000000001,0.7329999999999472,False
QT_IntCorr_II_count,framingham_per_beat_then_aggregate__global_rr_padded__qt_next,11.0,12.0,1.0,False
QT_IntCorr_II,framingham_median_then_correct__global_rr_padded,416.56000000000006,419.795,3.234999999999957,False
QT_IntCorr_II_iqr,framingham_median_then_correct__global_rr_padded,,76.11500000000001,,False
QT_IntCorr_II_count,framingham_median_then_correct__global_rr_padded,12.0,12.0,0.0,True
QT_IntCorr_II,framingham_per_beat_then_aggregate__lead_rr_n_minus_1__same_index,421.71999999999997,419.795,1.9249999999999545,False
QT_IntCorr_II_iqr,framingham_per_beat_then_aggregate__lead_rr_n_minus_1__same_index,74.154,76.11500000000001,1.9610000000000127,False
QT_IntCorr_II_count,framingham_per_beat_then_aggregate__lead_rr_n_minus_1__same_index,11.0,12.0,1.0,False
QT_IntCorr_II,framingham_per_beat_then_aggregate__lead_rr_n_minus_1__qt_next,413.248,419.795,6.5470000000000255,False
QT_IntCorr_II_iqr,framingham_per_beat_then_aggregate__lead_rr_n_minus_1__qt_next,76.69399999999996,76.11500000000001,0.5789999999999509,False
QT_IntCorr_II_count,framingham_per_beat_then_aggregate__lead_rr_n_minus_1__qt_next,11.0,12.0,1.0,False
QT_IntCorr_II,framingham_median_then_correct__lead_rr_n_minus_1,416.252,419.795,3.5430000000000064,False
QT_IntCorr_II_iqr,framingham_median_then_correct__lead_rr_n_minus_1,,76.11500000000001,,False
QT_IntCorr_II_count,framingham_median_then_correct__lead_rr_n_minus_1,12.0,12.0,0.0,True
QT_IntCorr_II,framingham_per_beat_then_aggregate__lead_rr_padded__same_index,419.796,419.795,0.0009999999999763531,False
QT_IntCorr_II_iqr,framingham_per_beat_then_aggregate__lead_rr_padded__same_index,76.11600000000004,76.11500000000001,0.0010000000000331966,False
QT_IntCorr_II_count,framingham_per_beat_then_aggregate__lead_rr_padded__same_index,12.0,12.0,0.0,True
QT_IntCorr_II,framingham_per_beat_then_aggregate__lead_rr_padded__qt_next,413.248,419.795,6.5470000000000255,False
QT_IntCorr_II_iqr,framingham_per_beat_then_aggregate__lead_rr_padded__qt_next,76.69399999999996,76.11500000000001,0.5789999999999509,False
QT_IntCorr_II_count,framingham_per_beat_then_aggregate__lead_rr_padded__qt_next,11.0,12.0,1.0,False
QT_IntCorr_II,framingham_median_then_correct__lead_rr_padded,416.56000000000006,419.795,3.234999999999957,False
QT_IntCorr_II_iqr,framingham_median_then_correct__lead_rr_padded,,76.11500000000001,,False
QT_IntCorr_II_count,framingham_median_then_correct__lead_rr_padded,12.0,12.0,0.0,True
QT_IntCorr_II,bazett_per_beat_then_aggregate__global_rr_n_minus_1__same_index,435.1002127348954,419.795,15.305212734895406,False
QT_IntCorr_II_iqr,bazett_per_beat_then_aggregate__global_rr_n_minus_1__same_index,79.40050497814497,76.11500000000001,3.2855049781449566,False
QT_IntCorr_II_count,bazett_per_beat_then_aggregate__global_rr_n_minus_1__same_index,11.0,12.0,1.0,False
QT_IntCorr_II,bazett_per_beat_then_aggregate__global_rr_n_minus_1__qt_next,421.8484296059138,419.795,2.0534296059137773,False
QT_IntCorr_II_iqr,bazett_per_beat_then_aggregate__global_rr_n_minus_1__qt_next,82.74465815197897,76.11500000000001,6.629658151978958,False
QT_IntCorr_II_count,bazett_per_beat_then_aggregate__global_rr_n_minus_1__qt_next,11.0,12.0,1.0,False
QT_IntCorr_II,bazett_median_then_correct__global_rr_n_minus_1,425.4450379055117,419.795,5.650037905511681,False
QT_IntCorr_II_iqr,bazett_median_then_correct__global_rr_n_minus_1,,76.11500000000001,,False
QT_IntCorr_II_count,bazett_median_then_correct__global_rr_n_minus_1,12.0,12.0,0.0,True
QT_IntCorr_II,bazett_per_beat_then_aggregate__global_rr_padded__same_index,432.17151750786513,419.795,12.376517507865117,False
QT_IntCorr_II_iqr,bazett_per_beat_then_aggregate__global_rr_padded__same_index,81.78647745338174,76.11500000000001,5.671477453381726,False
QT_IntCorr_II_count,bazett_per_beat_then_aggregate__global_rr_padded__same_index,12.0,12.0,0.0,True
QT_IntCorr_II,bazett_per_beat_then_aggregate__global_rr_padded__qt_next,421.8484296059138,419.795,2.0534296059137773,False
QT_IntCorr_II_iqr,bazett_per_beat_then_aggregate__global_rr_padded__qt_next,82.74465815197897,76.11500000000001,6.629658151978958,False
QT_IntCorr_II_count,bazett_per_beat_then_aggregate__global_rr_padded__qt_next,11.0,12.0,1.0,False
QT_IntCorr_II,bazett_median_then_correct__global_rr_padded,425.9394541535818,419.795,6.144454153581762,False
QT_IntCorr_II_iqr,bazett_median_then_correct__global_rr_padded,,76.11500000000001,,False
QT_IntCorr_II_count,bazett_median_then_correct__global_rr_padded,12.0,12.0,0.0,True
QT_IntCorr_II,bazett_per_beat_then_aggregate__lead_rr_n_minus_1__same_index,435.1002127348954,419.795,15.305212734895406,False
QT_IntCorr_II_iqr,bazett_per_beat_then_aggregate__lead_rr_n_minus_1__same_index,79.64747791215808,76.11500000000001,3.532477912158072,False
QT_IntCorr_II_count,bazett_per_beat_then_aggregate__lead_rr_n_minus_1__same_index,11.0,12.0,1.0,False
QT_IntCorr_II,bazett_per_beat_then_aggregate__lead_rr_n_minus_1__qt_next,421.8484296059138,419.795,2.0534296059137773,False
QT_IntCorr_II_iqr,bazett_per_beat_then_aggregate__lead_rr_n_minus_1__qt_next,82.4552757242464,76.11500000000001,6.340275724246396,False
QT_IntCorr_II_count,bazett_per_beat_then_aggregate__lead_rr_n_minus_1__qt_next,11.0,12.0,1.0,False
QT_IntCorr_II,bazett_median_then_correct__lead_rr_n_minus_1,425.4450379055117,419.795,5.650037905511681,False
QT_IntCorr_II_iqr,bazett_median_then_correct__lead_rr_n_minus_1,,76.11500000000001,,False
QT_IntCorr_II_count,bazett_median_then_correct__lead_rr_n_minus_1,12.0,12.0,0.0,True
QT_IntCorr_II,bazett_per_beat_then_aggregate__lead_rr_padded__same_index,432.4293210976699,419.795,12.634321097669897,False
QT_IntCorr_II_iqr,bazett_per_beat_then_aggregate__lead_rr_padded__same_index,81.78647745338174,76.11500000000001,5.671477453381726,False
QT_IntCorr_II_count,bazett_per_beat_then_aggregate__lead_rr_padded__same_index,12.0,12.0,0.0,True
QT_IntCorr_II,bazett_per_beat_then_aggregate__lead_rr_padded__qt_next,421.8484296059138,419.795,2.0534296059137773,False
QT_IntCorr_II_iqr,bazett_per_beat_then_aggregate__lead_rr_padded__qt_next,82.4552757242464,76.11500000000001,6.340275724246396,False
QT_IntCorr_II_count,bazett_per_beat_then_aggregate__lead_rr_padded__qt_next,11.0,12.0,1.0,False
QT_IntCorr_II,bazett_median_then_correct__lead_rr_padded,425.9394541535818,419.795,6.144454153581762,False
QT_IntCorr_II_iqr,bazett_median_then_correct__lead_rr_padded,,76.11500000000001,,False
QT_IntCorr_II_count,bazett_median_then_correct__lead_rr_padded,12.0,12.0,0.0,True
QT_IntCorr_II,fridericia_per_beat_then_aggregate__global_rr_n_minus_1__same_index,420.94459521442565,419.795,1.1495952144256307,False
QT_IntCorr_II_iqr,fridericia_per_beat_then_aggregate__global_rr_n_minus_1__same_index,77.81987958661432,76.11500000000001,1.704879586614311,False
QT_IntCorr_II_count,fridericia_per_beat_then_aggregate__global_rr_n_minus_1__same_index,11.0,12.0,1.0,False
QT_IntCorr_II,fridericia_per_beat_then_aggregate__global_rr_n_minus_1__qt_next,411.99397409153113,419.795,7.801025908468887,False
QT_IntCorr_II_iqr,fridericia_per_beat_then_aggregate__global_rr_n_minus_1__qt_next,80.68193011100868,76.11500000000001,4.5669301110086735,False
QT_IntCorr_II_count,fridericia_per_beat_then_aggregate__global_rr_n_minus_1__qt_next,11.0,12.0,1.0,False
QT_IntCorr_II,fridericia_median_then_correct__global_rr_n_minus_1,415.04451007569713,419.795,4.750489924302883,False
QT_IntCorr_II_iqr,fridericia_median_then_correct__global_rr_n_minus_1,,76.11500000000001,,False
QT_IntCorr_II_count,fridericia_median_then_correct__global_rr_n_minus_1,12.0,12.0,0.0,True
QT_IntCorr_II,fridericia_per_beat_then_aggregate__global_rr_padded__same_index,418.6978651495673,419.795,1.0971348504327239,False
QT_IntCorr_II_iqr,fridericia_per_beat_then_aggregate__global_rr_padded__same_index,80.18754144733674,76.11500000000001,4.072541447336732,False
QT_IntCorr_II_count,fridericia_per_beat_then_aggregate__global_rr_padded__same_index,12.0,12.0,0.0,True
QT_IntCorr_II,fridericia_per_beat_then_aggregate__global_rr_padded__qt_next,411.99397409153113,419.795,7.801025908468887,False
QT_IntCorr_II_iqr,fridericia_per_beat_then_aggregate__global_rr_padded__qt_next,80.68193011100868,76.11500000000001,4.5669301110086735,False
QT_IntCorr_II_count,fridericia_per_beat_then_aggregate__global_rr_padded__qt_next,11.0,12.0,1.0,False
QT_IntCorr_II,fridericia_median_then_correct__global_rr_padded,415.36600091692713,419.795,4.428999083072881,False
QT_IntCorr_II_iqr,fridericia_median_then_correct__global_rr_padded,,76.11500000000001,,False
QT_IntCorr_II_count,fridericia_median_then_correct__global_rr_padded,12.0,12.0,0.0,True
QT_IntCorr_II,fridericia_per_beat_then_aggregate__lead_rr_n_minus_1__same_index,420.94459521442565,419.795,1.1495952144256307,False
QT_IntCorr_II_iqr,fridericia_per_beat_then_aggregate__lead_rr_n_minus_1__same_index,77.98053418937297,76.11500000000001,1.8655341893729656,False
QT_IntCorr_II_count,fridericia_per_beat_then_aggregate__lead_rr_n_minus_1__same_index,11.0,12.0,1.0,False
QT_IntCorr_II,fridericia_per_beat_then_aggregate__lead_rr_n_minus_1__qt_next,411.99397409153113,419.795,7.801025908468887,False
QT_IntCorr_II_iqr,fridericia_per_beat_then_aggregate__lead_rr_n_minus_1__qt_next,80.49368835424093,76.11500000000001,4.378688354240921,False
QT_IntCorr_II_count,fridericia_per_beat_then_aggregate__lead_rr_n_minus_1__qt_next,11.0,12.0,1.0,False
QT_IntCorr_II,fridericia_median_then_correct__lead_rr_n_minus_1,415.04451007569713,419.795,4.750489924302883,False
QT_IntCorr_II_iqr,fridericia_median_then_correct__lead_rr_n_minus_1,,76.11500000000001,,False
QT_IntCorr_II_count,fridericia_median_then_correct__lead_rr_n_minus_1,12.0,12.0,0.0,True
QT_IntCorr_II,fridericia_per_beat_then_aggregate__lead_rr_padded__same_index,418.86457904587803,419.795,0.9304209541219848,False
QT_IntCorr_II_iqr,fridericia_per_beat_then_aggregate__lead_rr_padded__same_index,80.18754144733674,76.11500000000001,4.072541447336732,False
QT_IntCorr_II_count,fridericia_per_beat_then_aggregate__lead_rr_padded__same_index,12.0,12.0,0.0,True
QT_IntCorr_II,fridericia_per_beat_then_aggregate__lead_rr_padded__qt_next,411.99397409153113,419.795,7.801025908468887,False
QT_IntCorr_II_iqr,fridericia_per_beat_then_aggregate__lead_rr_padded__qt_next,80.49368835424093,76.11500000000001,4.378688354240921,False
QT_IntCorr_II_count,fridericia_per_beat_then_aggregate__lead_rr_padded__qt_next,11.0,12.0,1.0,False
QT_IntCorr_II,fridericia_median_then_correct__lead_rr_padded,415.36600091692713,419.795,4.428999083072881,False
QT_IntCorr_II_iqr,fridericia_median_then_correct__lead_rr_padded,,76.11500000000001,,False
QT_IntCorr_II_count,fridericia_median_then_correct__lead_rr_padded,12.0,12.0,0.0,True
QT_IntCorr_II,hodges_per_beat_then_aggregate__global_rr_n_minus_1__same_index,417.0487804878049,419.795,2.7462195121951254,False
QT_IntCorr_II_iqr,hodges_per_beat_then_aggregate__global_rr_n_minus_1__same_index,74.01584988995745,76.11500000000001,2.099150110042558,False
QT_IntCorr_II_count,hodges_per_beat_then_aggregate__global_rr_n_minus_1__same_index,11.0,12.0,1.0,False
QT_IntCorr_II,hodges_per_beat_then_aggregate__global_rr_n_minus_1__qt_next,409.2432432432432,419.795,10.551756756756788,False
QT_IntCorr_II_iqr,hodges_per_beat_then_aggregate__global_rr_n_minus_1__qt_next,76.63216954582737,76.11500000000001,0.5171695458273575,False
QT_IntCorr_II_count,hodges_per_beat_then_aggregate__global_rr_n_minus_1__qt_next,11.0,12.0,1.0,False
QT_IntCorr_II,hodges_median_then_correct__global_rr_n_minus_1,411.8097447795824,419.795,7.985255220417628,False
QT_IntCorr_II_iqr,hodges_median_then_correct__global_rr_n_minus_1,,76.11500000000001,,False
QT_IntCorr_II_count,hodges_median_then_correct__global_rr_n_minus_1,12.0,12.0,0.0,True
QT_IntCorr_II,hodges_per_beat_then_aggregate__global_rr_padded__same_index,414.9740305316722,419.795,4.820969468327803,False
QT_IntCorr_II_iqr,hodges_per_beat_then_aggregate__global_rr_padded__same_index,76.08381963852048,76.11500000000001,0.031180361479528074,False
QT_IntCorr_II_count,hodges_per_beat_then_aggregate__global_rr_padded__same_index,12.0,12.0,0.0,True
QT_IntCorr_II,hodges_per_beat_then_aggregate__global_rr_padded__qt_next,409.2432432432432,419.795,10.551756756756788,False
QT_IntCorr_II_iqr,hodges_per_beat_then_aggregate__global_rr_padded__qt_next,76.63216954582737,76.11500000000001,0.5171695458273575,False
QT_IntCorr_II_count,hodges_per_beat_then_aggregate__global_rr_padded__qt_next,11.0,12.0,1.0,False
QT_IntCorr_II,hodges_median_then_correct__global_rr_padded,412.09302325581393,419.795,7.701976744186084,False
QT_IntCorr_II_iqr,hodges_median_then_correct__global_rr_padded,,76.11500000000001,,False
QT_IntCorr_II_count,hodges_median_then_correct__global_rr_padded,12.0,12.0,0.0,True
QT_IntCorr_II,hodges_per_beat_then_aggregate__lead_rr_n_minus_1__same_index,417.0487804878049,419.795,2.7462195121951254,False
QT_IntCorr_II_iqr,hodges_per_beat_then_aggregate__lead_rr_n_minus_1__same_index,74.15683339085973,76.11500000000001,1.958166609140278,False
QT_IntCorr_II_count,hodges_per_beat_then_aggregate__lead_rr_n_minus_1__same_index,11.0,12.0,1.0,False
QT_IntCorr_II,hodges_per_beat_then_aggregate__lead_rr_n_minus_1__qt_next,409.2432432432432,419.795,10.551756756756788,False
QT_IntCorr_II_iqr,hodges_per_beat_then_aggregate__lead_rr_n_minus_1__qt_next,76.49118604492509,76.11500000000001,0.37618604492507757,False
QT_IntCorr_II_count,hodges_per_beat_then_aggregate__lead_rr_n_minus_1__qt_next,11.0,12.0,1.0,False
QT_IntCorr_II,hodges_median_then_correct__lead_rr_n_minus_1,411.8097447795824,419.795,7.985255220417628,False
QT_IntCorr_II_iqr,hodges_median_then_correct__lead_rr_n_minus_1,,76.11500000000001,,False
QT_IntCorr_II_count,hodges_median_then_correct__lead_rr_n_minus_1,12.0,12.0,0.0,True
QT_IntCorr_II,hodges_per_beat_then_aggregate__lead_rr_padded__same_index,415.12535178236396,419.795,4.669648217636052,False
QT_IntCorr_II_iqr,hodges_per_beat_then_aggregate__lead_rr_padded__same_index,76.08381963852048,76.11500000000001,0.031180361479528074,False
QT_IntCorr_II_count,hodges_per_beat_then_aggregate__lead_rr_padded__same_index,12.0,12.0,0.0,True
QT_IntCorr_II,hodges_per_beat_then_aggregate__lead_rr_padded__qt_next,409.2432432432432,419.795,10.551756756756788,False
QT_IntCorr_II_iqr,hodges_per_beat_then_aggregate__lead_rr_padded__qt_next,76.49118604492509,76.11500000000001,0.37618604492507757,False
QT_IntCorr_II_count,hodges_per_beat_then_aggregate__lead_rr_padded__qt_next,11.0,12.0,1.0,False
QT_IntCorr_II,hodges_median_then_correct__lead_rr_padded,412.09302325581393,419.795,7.701976744186084,False
QT_IntCorr_II_iqr,hodges_median_then_correct__lead_rr_padded,,76.11500000000001,,False
QT_IntCorr_II_count,hodges_median_then_correct__lead_rr_padded,12.0,12.0,0.0,True
QT_IntCorr_III,framingham_per_beat_then_aggregate__global_rr_n_minus_1__same_index,460.94,451.25,9.689999999999998,False
QT_IntCorr_III_iqr,framingham_per_beat_then_aggregate__global_rr_n_minus_1__same_index,45.15800000000007,42.347500000000025,2.8105000000000473,False
QT_IntCorr_III_count,framingham_per_beat_then_aggregate__global_rr_n_minus_1__same_index,11.0,12.0,1.0,False
QT_IntCorr_III,framingham_per_beat_then_aggregate__global_rr_n_minus_1__qt_next,456.012,451.25,4.7620000000000005,False
QT_IntCorr_III_iqr,framingham_per_beat_then_aggregate__global_rr_n_minus_1__qt_next,42.08000000000004,42.347500000000025,0.2674999999999841,False
QT_IntCorr_III_count,framingham_per_beat_then_aggregate__global_rr_n_minus_1__qt_next,11.0,12.0,1.0,False
QT_IntCorr_III,framingham_median_then_correct__global_rr_n_minus_1,453.252,451.25,2.0020000000000095,False
QT_IntCorr_III_iqr,framingham_median_then_correct__global_rr_n_minus_1,,42.347500000000025,,False
QT_IntCorr_III_count,framingham_median_then_correct__global_rr_n_minus_1,12.0,12.0,0.0,True
QT_IntCorr_III,framingham_per_beat_then_aggregate__global_rr_padded__same_index,451.096,451.25,0.15399999999999636,False
QT_IntCorr_III_iqr,framingham_per_beat_then_aggregate__global_rr_padded__same_index,42.966999999999985,42.347500000000025,0.6194999999999595,False
QT_IntCorr_III_count,framingham_per_beat_then_aggregate__global_rr_padded__same_index,12.0,12.0,0.0,True
QT_IntCorr_III,framingham_per_beat_then_aggregate__global_rr_padded__qt_next,456.012,451.25,4.7620000000000005,False
QT_IntCorr_III_iqr,framingham_per_beat_then_aggregate__global_rr_padded__qt_next,42.08000000000004,42.347500000000025,0.2674999999999841,False
QT_IntCorr_III_count,framingham_per_beat_then_aggregate__global_rr_padded__qt_next,11.0,12.0,1.0,False
QT_IntCorr_III,framingham_median_then_correct__global_rr_padded,453.56,451.25,2.3100000000000023,False
QT_IntCorr_III_iqr,framingham_median_then_correct__global_rr_padded,,42.347500000000025,,False
QT_IntCorr_III_count,framingham_median_then_correct__global_rr_padded,12.0,12.0,0.0,True
QT_IntCorr_III,framingham_per_beat_then_aggregate__lead_rr_n_minus_1__same_index,461.248,451.25,9.99799999999999,False
QT_IntCorr_III_iqr,framingham_per_beat_then_aggregate__lead_rr_n_minus_1__same_index,44.54200000000003,42.347500000000025,2.194500000000005,False
QT_IntCorr_III_count,framingham_per_beat_then_aggregate__lead_rr_n_minus_1__same_index,11.0,12.0,1.0,False
QT_IntCorr_III,framingham_per_beat_then_aggregate__lead_rr_n_minus_1__qt_next,456.012,451.25,4.7620000000000005,False
QT_IntCorr_III_iqr,framingham_per_beat_then_aggregate__lead_rr_n_minus_1__qt_next,42.079999999999984,42.347500000000025,0.2675000000000409,False
QT_IntCorr_III_count,framingham_per_beat_then_aggregate__lead_rr_n_minus_1__qt_next,11.0,12.0,1.0,False
QT_IntCorr_III,framingham_median_then_correct__lead_rr_n_minus_1,453.56,451.25,2.3100000000000023,False
QT_IntCorr_III_iqr,framingham_median_then_correct__lead_rr_n_minus_1,,42.347500000000025,,False
QT_IntCorr_III_count,framingham_median_then_correct__lead_rr_n_minus_1,12.0,12.0,0.0,True
QT_IntCorr_III,framingham_per_beat_then_aggregate__lead_rr_padded__same_index,451.25,451.25,0.0,True
QT_IntCorr_III_iqr,framingham_per_beat_then_aggregate__lead_rr_padded__same_index,42.351,42.347500000000025,0.0034999999999740794,False
QT_IntCorr_III_count,framingham_per_beat_then_aggregate__lead_rr_padded__same_index,12.0,12.0,0.0,True
QT_IntCorr_III,framingham_per_beat_then_aggregate__lead_rr_padded__qt_next,456.012,451.25,4.7620000000000005,False
QT_IntCorr_III_iqr,framingham_per_beat_then_aggregate__lead_rr_padded__qt_next,42.079999999999984,42.347500000000025,0.2675000000000409,False
QT_IntCorr_III_count,framingham_per_beat_then_aggregate__lead_rr_padded__qt_next,11.0,12.0,1.0,False
QT_IntCorr_III,framingham_median_then_correct__lead_rr_padded,453.868,451.25,2.617999999999995,False
QT_IntCorr_III_iqr,framingham_median_then_correct__lead_rr_padded,,42.347500000000025,,False
QT_IntCorr_III_count,framingham_median_then_correct__lead_rr_padded,12.0,12.0,0.0,True
QT_IntCorr_III,bazett_per_beat_then_aggregate__global_rr_n_minus_1__same_index,470.63905872282385,451.25,19.389058722823847,False
QT_IntCorr_III_iqr,bazett_per_beat_then_aggregate__global_rr_n_minus_1__same_index,50.199340144427936,42.347500000000025,7.851840144427911,False
QT_IntCorr_III_count,bazett_per_beat_then_aggregate__global_rr_n_minus_1__same_index,11.0,12.0,1.0,False
QT_IntCorr_III,bazett_per_beat_then_aggregate__global_rr_n_minus_1__qt_next,462.3996637367518,451.25,11.14966373675179,False
QT_IntCorr_III_iqr,bazett_per_beat_then_aggregate__global_rr_n_minus_1__qt_next,47.41990065121621,42.347500000000025,5.072400651216185,False
QT_IntCorr_III_count,bazett_per_beat_then_aggregate__global_rr_n_minus_1__qt_next,11.0,12.0,1.0,False
QT_IntCorr_III,bazett_median_then_correct__global_rr_n_minus_1,465.29685158273685,451.25,14.04685158273685,False
QT_IntCorr_III_iqr,bazett_median_then_correct__global_rr_n_minus_1,,42.347500000000025,,False
QT_IntCorr_III_count,bazett_median_then_correct__global_rr_n_minus_1,12.0,12.0,0.0,True
QT_IntCorr_III,bazett_per_beat_then_aggregate__global_rr_padded__same_index,461.50549888079786,451.25,10.255498880797859,False
QT_IntCorr_III_iqr,bazett_per_beat_then_aggregate__global_rr_padded__same_index,49.75313352299378,42.347500000000025,7.405633522993753,False
QT_IntCorr_III_count,bazett_per_beat_then_aggregate__global_rr_padded__same_index,12.0,12.0,0.0,True
QT_IntCorr_III,bazett_per_beat_then_aggregate__global_rr_padded__qt_next,462.3996637367518,451.25,11.14966373675179,False
QT_IntCorr_III_iqr,bazett_per_beat_then_aggregate__global_rr_padded__qt_next,47.41990065121621,42.347500000000025,5.072400651216185,False
QT_IntCorr_III_count,bazett_per_beat_then_aggregate__global_rr_padded__qt_next,11.0,12.0,1.0,False
QT_IntCorr_III,bazett_median_then_correct__global_rr_padded,465.83758023885395,451.25,14.587580238853946,False
QT_IntCorr_III_iqr,bazett_median_then_correct__global_rr_padded,,42.347500000000025,,False
QT_IntCorr_III_count,bazett_median_then_correct__global_rr_padded,12.0,12.0,0.0,True
QT_IntCorr_III,bazett_per_beat_then_aggregate__lead_rr_n_minus_1__same_index,471.1687595755899,451.25,19.91875957558989,False
QT_IntCorr_III_iqr,bazett_per_beat_then_aggregate__lead_rr_n_minus_1__same_index,49.37276314738034,42.347500000000025,7.025263147380315,False
QT_IntCorr_III_count,bazett_per_beat_then_aggregate__lead_rr_n_minus_1__same_index,11.0,12.0,1.0,False
QT_IntCorr_III,bazett_per_beat_then_aggregate__lead_rr_n_minus_1__qt_next,462.3996637367518,451.25,11.14966373675179,False
QT_IntCorr_III_iqr,bazett_per_beat_then_aggregate__lead_rr_n_minus_1__qt_next,47.39929568639525,42.347500000000025,5.051795686395224,False
QT_IntCorr_III_count,bazett_per_beat_then_aggregate__lead_rr_n_minus_1__qt_next,11.0,12.0,1.0,False
QT_IntCorr_III,bazett_median_then_correct__lead_rr_n_minus_1,465.83758023885395,451.25,14.587580238853946,False
QT_IntCorr_III_iqr,bazett_median_then_correct__lead_rr_n_minus_1,,42.347500000000025,,False
QT_IntCorr_III_count,bazett_median_then_correct__lead_rr_n_minus_1,12.0,12.0,0.0,True
QT_IntCorr_III,bazett_per_beat_then_aggregate__lead_rr_padded__same_index,461.77034930718094,451.25,10.520349307180936,False
QT_IntCorr_III_iqr,bazett_per_beat_then_aggregate__lead_rr_padded__same_index,48.783179455003506,42.347500000000025,6.435679455003481,False
QT_IntCorr_III_count,bazett_per_beat_then_aggregate__lead_rr_padded__same_index,12.0,12.0,0.0,True
QT_IntCorr_III,bazett_per_beat_then_aggregate__lead_rr_padded__qt_next,462.3996637367518,451.25,11.14966373675179,False
QT_IntCorr_III_iqr,bazett_per_beat_then_aggregate__lead_rr_padded__qt_next,47.39929568639525,42.347500000000025,5.051795686395224,False
QT_IntCorr_III_count,bazett_per_beat_then_aggregate__lead_rr_padded__qt_next,11.0,12.0,1.0,False
QT_IntCorr_III,bazett_median_then_correct__lead_rr_padded,466.38019845453294,451.25,15.130198454532945,False
QT_IntCorr_III_iqr,bazett_median_then_correct__lead_rr_padded,,42.347500000000025,,False
QT_IntCorr_III_count,bazett_median_then_correct__lead_rr_padded,12.0,12.0,0.0,True
QT_IntCorr_III,fridericia_per_beat_then_aggregate__global_rr_n_minus_1__same_index,461.5863611479614,451.25,10.336361147961384,False
QT_IntCorr_III_iqr,fridericia_per_beat_then_aggregate__global_rr_n_minus_1__same_index,48.04331419630648,42.347500000000025,5.695814196306458,False
QT_IntCorr_III_count,fridericia_per_beat_then_aggregate__global_rr_n_minus_1__same_index,11.0,12.0,1.0,False
QT_IntCorr_III,fridericia_per_beat_then_aggregate__global_rr_n_minus_1__qt_next,456.1832445639639,451.25,4.93324456396391,False
QT_IntCorr_III_iqr,fridericia_per_beat_then_aggregate__global_rr_n_minus_1__qt_next,44.48211826018536,42.347500000000025,2.1346182601853343,False
QT_IntCorr_III_count,fridericia_per_beat_then_aggregate__global_rr_n_minus_1__qt_next,11.0,12.0,1.0,False
QT_IntCorr_III,fridericia_median_then_correct__global_rr_n_minus_1,453.92209709544596,451.25,2.672097095445963,False
QT_IntCorr_III_iqr,fridericia_median_then_correct__global_rr_n_minus_1,,42.347500000000025,,False
QT_IntCorr_III_count,fridericia_median_then_correct__global_rr_n_minus_1,12.0,12.0,0.0,True
QT_IntCorr_III,fridericia_per_beat_then_aggregate__global_rr_padded__same_index,451.44975555093356,451.25,0.1997555509335598,False
QT_IntCorr_III_iqr,fridericia_per_beat_then_aggregate__global_rr_padded__same_index,45.99279973625778,42.347500000000025,3.645299736257755,False
QT_IntCorr_III_count,fridericia_per_beat_then_aggregate__global_rr_padded__same_index,12.0,12.0,0.0,True
QT_IntCorr_III,fridericia_per_beat_then_aggregate__global_rr_padded__qt_next,456.1832445639639,451.25,4.93324456396391,False
QT_IntCorr_III_iqr,fridericia_per_beat_then_aggregate__global_rr_padded__qt_next,44.48211826018536,42.347500000000025,2.1346182601853343,False
QT_IntCorr_III_count,fridericia_per_beat_then_aggregate__global_rr_padded__qt_next,11.0,12.0,1.0,False
QT_IntCorr_III,fridericia_median_then_correct__global_rr_padded,454.2737022686393,451.25,3.0237022686392834,False
QT_IntCorr_III_iqr,fridericia_median_then_correct__global_rr_padded,,42.347500000000025,,False
QT_IntCorr_III_count,fridericia_median_then_correct__global_rr_padded,12.0,12.0,0.0,True
QT_IntCorr_III,fridericia_per_beat_then_aggregate__lead_rr_n_minus_1__same_index,461.93263761777735,451.25,10.682637617777345,False
QT_IntCorr_III_iqr,fridericia_per_beat_then_aggregate__lead_rr_n_minus_1__same_index,47.507913009093784,42.347500000000025,5.160413009093759,False
QT_IntCorr_III_count,fridericia_per_beat_then_aggregate__lead_rr_n_minus_1__same_index,11.0,12.0,1.0,False
QT_IntCorr_III,fridericia_per_beat_then_aggregate__lead_rr_n_minus_1__qt_next,456.1832445639639,451.25,4.93324456396391,False
QT_IntCorr_III_iqr,fridericia_per_beat_then_aggregate__lead_rr_n_minus_1__qt_next,44.47123019520063,42.347500000000025,2.123730195200608,False
QT_IntCorr_III_count,fridericia_per_beat_then_aggregate__lead_rr_n_minus_1__qt_next,11.0,12.0,1.0,False
QT_IntCorr_III,fridericia_median_then_correct__lead_rr_n_minus_1,454.2737022686393,451.25,3.0237022686392834,False
QT_IntCorr_III_iqr,fridericia_median_then_correct__lead_rr_n_minus_1,,42.347500000000025,,False
QT_IntCorr_III_count,fridericia_median_then_correct__lead_rr_n_minus_1,12.0,12.0,0.0,True
QT_IntCorr_III,fridericia_per_beat_then_aggregate__lead_rr_padded__same_index,451.6228937858416,451.25,0.3728937858415975,False
QT_IntCorr_III_iqr,fridericia_per_beat_then_aggregate__lead_rr_padded__same_index,45.36460010152831,42.347500000000025,3.0171001015282854,False
QT_IntCorr_III_count,fridericia_per_beat_then_aggregate__lead_rr_padded__same_index,12.0,12.0,0.0,True
QT_IntCorr_III,fridericia_per_beat_then_aggregate__lead_rr_padded__qt_next,456.1832445639639,451.25,4.93324456396391,False
QT_IntCorr_III_iqr,fridericia_per_beat_then_aggregate__lead_rr_padded__qt_next,44.47123019520063,42.347500000000025,2.123730195200608,False
QT_IntCorr_III_count,fridericia_per_beat_then_aggregate__lead_rr_padded__qt_next,11.0,12.0,1.0,False
QT_IntCorr_III,fridericia_median_then_correct__lead_rr_padded,454.626399384131,451.25,3.376399384130991,False
QT_IntCorr_III_iqr,fridericia_median_then_correct__lead_rr_padded,,42.347500000000025,,False
QT_IntCorr_III_count,fridericia_median_then_correct__lead_rr_padded,12.0,12.0,0.0,True
QT_IntCorr_III,hodges_per_beat_then_aggregate__global_rr_n_minus_1__same_index,456.97752808988764,451.25,5.727528089887642,False
QT_IntCorr_III_iqr,hodges_per_beat_then_aggregate__global_rr_n_minus_1__same_index,45.020513460508084,42.347500000000025,2.6730134605080593,False
QT_IntCorr_III_count,hodges_per_beat_then_aggregate__global_rr_n_minus_1__same_index,11.0,12.0,1.0,False
QT_IntCorr_III,hodges_per_beat_then_aggregate__global_rr_n_minus_1__qt_next,452.882863340564,451.25,1.632863340563972,False
QT_IntCorr_III_iqr,hodges_per_beat_then_aggregate__global_rr_n_minus_1__qt_next,41.98666027743349,42.347500000000025,0.3608397225665385,False
QT_IntCorr_III_count,hodges_per_beat_then_aggregate__global_rr_n_minus_1__qt_next,11.0,12.0,1.0,False
QT_IntCorr_III,hodges_median_then_correct__global_rr_n_minus_1,448.8097447795824,451.25,2.440255220417612,False
QT_IntCorr_III_iqr,hodges_median_then_correct__global_rr_n_minus_1,,42.347500000000025,,False
QT_IntCorr_III_count,hodges_median_then_correct__global_rr_n_minus_1,12.0,12.0,0.0,True
QT_IntCorr_III,hodges_per_beat_then_aggregate__global_rr_padded__same_index,446.893636434735,451.25,4.356363565264985,False
QT_IntCorr_III_iqr,hodges_per_beat_then_aggregate__global_rr_padded__same_index,42.75747289138076,42.347500000000025,0.40997289138073256,False
QT_IntCorr_III_count,hodges_per_beat_then_aggregate__global_rr_padded__same_index,12.0,12.0,0.0,True
QT_IntCorr_III,hodges_per_beat_then_aggregate__global_rr_padded__qt_next,452.882863340564,451.25,1.632863340563972,False
QT_IntCorr_III_iqr,hodges_per_beat_then_aggregate__global_rr_padded__qt_next,41.98666027743349,42.347500000000025,0.3608397225665385,False
QT_IntCorr_III_count,hodges_per_beat_then_aggregate__global_rr_padded__qt_next,11.0,12.0,1.0,False
QT_IntCorr_III,hodges_median_then_correct__global_rr_padded,449.09302325581393,451.25,2.1569767441860677,False
QT_IntCorr_III_iqr,hodges_median_then_correct__global_rr_padded,,42.347500000000025,,False
QT_IntCorr_III_count,hodges_median_then_correct__global_rr_padded,12.0,12.0,0.0,True
QT_IntCorr_III,hodges_per_beat_then_aggregate__lead_rr_n_minus_1__same_index,457.2432432432432,451.25,5.993243243243228,False
QT_IntCorr_III_iqr,hodges_per_beat_then_aggregate__lead_rr_n_minus_1__same_index,44.425503141461945,42.347500000000025,2.0780031414619202,False
QT_IntCorr_III_count,hodges_per_beat_then_aggregate__lead_rr_n_minus_1__same_index,11.0,12.0,1.0,False
QT_IntCorr_III,hodges_per_beat_then_aggregate__lead_rr_n_minus_1__qt_next,452.882863340564,451.25,1.632863340563972,False
QT_IntCorr_III_iqr,hodges_per_beat_then_aggregate__lead_rr_n_minus_1__qt_next,41.96374074889496,42.347500000000025,0.3837592511050616,False
QT_IntCorr_III_count,hodges_per_beat_then_aggregate__lead_rr_n_minus_1__qt_next,11.0,12.0,1.0,False
QT_IntCorr_III,hodges_median_then_correct__lead_rr_n_minus_1,449.09302325581393,451.25,2.1569767441860677,False
QT_IntCorr_III_iqr,hodges_median_then_correct__lead_rr_n_minus_1,,42.347500000000025,,False
QT_IntCorr_III_count,hodges_median_then_correct__lead_rr_n_minus_1,12.0,12.0,0.0,True
QT_IntCorr_III,hodges_per_beat_then_aggregate__lead_rr_padded__same_index,447.0264940114128,451.25,4.223505988587192,False
QT_IntCorr_III_iqr,hodges_per_beat_then_aggregate__lead_rr_padded__same_index,42.18152187377433,42.347500000000025,0.16597812622569563,False
QT_IntCorr_III_count,hodges_per_beat_then_aggregate__lead_rr_padded__same_index,12.0,12.0,0.0,True
QT_IntCorr_III,hodges_per_beat_then_aggregate__lead_rr_padded__qt_next,452.882863340564,451.25,1.632863340563972,False
QT_IntCorr_III_iqr,hodges_per_beat_then_aggregate__lead_rr_padded__qt_next,41.96374074889496,42.347500000000025,0.3837592511050616,False
QT_IntCorr_III_count,hodges_per_beat_then_aggregate__lead_rr_padded__qt_next,11.0,12.0,1.0,False
QT_IntCorr_III,hodges_median_then_correct__lead_rr_padded,449.3776223776224,451.25,1.8723776223775985,False
QT_IntCorr_III_iqr,hodges_median_then_correct__lead_rr_padded,,42.347500000000025,,False
QT_IntCorr_III_count,hodges_median_then_correct__lead_rr_padded,12.0,12.0,0.0,True
QT_IntCorr_aVR,framingham_per_beat_then_aggregate__global_rr_n_minus_1__same_index,513.2520000000001,511.795,1.4570000000000505,False
QT_IntCorr_aVR_iqr,framingham_per_beat_then_aggregate__global_rr_n_minus_1__same_index,73.84400000000005,75.65750000000003,1.8134999999999764,False
QT_IntCorr_aVR_count,framingham_per_beat_then_aggregate__global_rr_n_minus_1__same_index,11.0,12.0,1.0,False
QT_IntCorr_aVR,framingham_per_beat_then_aggregate__global_rr_n_minus_1__qt_next,498.94,511.795,12.855000000000018,False
QT_IntCorr_aVR_iqr,framingham_per_beat_then_aggregate__global_rr_n_minus_1__qt_next,79.99800000000005,75.65750000000003,4.34050000000002,False
QT_IntCorr_aVR_count,framingham_per_beat_then_aggregate__global_rr_n_minus_1__qt_next,11.0,12.0,1.0,False
QT_IntCorr_aVR,framingham_median_then_correct__global_rr_n_minus_1,508.252,511.795,3.5430000000000064,False
QT_IntCorr_aVR_iqr,framingham_median_then_correct__global_rr_n_minus_1,,75.65750000000003,,False
QT_IntCorr_aVR_count,framingham_median_then_correct__global_rr_n_minus_1,12.0,12.0,0.0,True
QT_IntCorr_aVR,framingham_per_beat_then_aggregate__global_rr_padded__same_index,511.486,511.795,0.3090000000000259,False
QT_IntCorr_aVR_iqr,framingham_per_beat_then_aggregate__global_rr_padded__same_index,75.34400000000005,75.65750000000003,0.31349999999997635,False
QT_IntCorr_aVR_count,framingham_per_beat_then_aggregate__global_rr_padded__same_index,12.0,12.0,0.0,True
QT_IntCorr_aVR,framingham_per_beat_then_aggregate__global_rr_padded__qt_next,498.94,511.795,12.855000000000018,False
QT_IntCorr_aVR_iqr,framingham_per_beat_then_aggregate__global_rr_padded__qt_next,79.99800000000005,75.65750000000003,4.34050000000002,False
QT_IntCorr_aVR_count,framingham_per_beat_then_aggregate__global_rr_padded__qt_next,11.0,12.0,1.0,False
QT_IntCorr_aVR,framingham_median_then_correct__global_rr_padded,508.56,511.795,3.2350000000000136,False
QT_IntCorr_aVR_iqr,framingham_median_then_correct__global_rr_padded,,75.65750000000003,,False
QT_IntCorr_aVR_count,framingham_median_then_correct__global_rr_padded,12.0,12.0,0.0,True
QT_IntCorr_aVR,framingham_per_beat_then_aggregate__lead_rr_n_minus_1__same_index,513.5600000000001,511.795,1.7650000000000432,False
QT_IntCorr_aVR_iqr,framingham_per_beat_then_aggregate__lead_rr_n_minus_1__same_index,73.99800000000005,75.65750000000003,1.65949999999998,False
QT_IntCorr_aVR_count,framingham_per_beat_then_aggregate__lead_rr_n_minus_1__same_index,11.0,12.0,1.0,False
QT_IntCorr_aVR,framingham_per_beat_then_aggregate__lead_rr_n_minus_1__qt_next,498.63199999999995,511.795,13.163000000000068,False
QT_IntCorr_aVR_iqr,framingham_per_beat_then_aggregate__lead_rr_n_minus_1__qt_next,79.84400000000005,75.65750000000003,4.186500000000024,False
QT_IntCorr_aVR_count,framingham_per_beat_then_aggregate__lead_rr_n_minus_1__qt_next,11.0,12.0,1.0,False
QT_IntCorr_aVR,framingham_median_then_correct__lead_rr_n_minus_1,508.56,511.795,3.2350000000000136,False
QT_IntCorr_aVR_iqr,framingham_median_then_correct__lead_rr_n_minus_1,,75.65750000000003,,False
QT_IntCorr_aVR_count,framingham_median_then_correct__lead_rr_n_minus_1,12.0,12.0,0.0,True
QT_IntCorr_aVR,framingham_per_beat_then_aggregate__lead_rr_padded__same_index,511.794,511.795,0.0010000000000331966,False
QT_IntCorr_aVR_iqr,framingham_per_beat_then_aggregate__lead_rr_padded__same_index,75.65200000000004,75.65750000000003,0.005499999999983629,False
QT_IntCorr_aVR_count,framingham_per_beat_then_aggregate__lead_rr_padded__same_index,12.0,12.0,0.0,True
QT_IntCorr_aVR,framingham_per_beat_then_aggregate__lead_rr_padded__qt_next,498.63199999999995,511.795,13.163000000000068,False
QT_IntCorr_aVR_iqr,framingham_per_beat_then_aggregate__lead_rr_padded__qt_next,79.84400000000005,75.65750000000003,4.186500000000024,False
QT_IntCorr_aVR_count,framingham_per_beat_then_aggregate__lead_rr_padded__qt_next,11.0,12.0,1.0,False
QT_IntCorr_aVR,framingham_median_then_correct__lead_rr_padded,508.714,511.795,3.0810000000000173,False
QT_IntCorr_aVR_iqr,framingham_median_then_correct__lead_rr_padded,,75.65750000000003,,False
QT_IntCorr_aVR_count,framingham_median_then_correct__lead_rr_padded,12.0,12.0,0.0,True
QT_IntCorr_aVR,bazett_per_beat_then_aggregate__global_rr_n_minus_1__same_index,529.9214143025614,511.795,18.126414302561386,False
QT_IntCorr_aVR_iqr,bazett_per_beat_then_aggregate__global_rr_n_minus_1__same_index,76.91703500522772,75.65750000000003,1.25953500522769,False
QT_IntCorr_aVR_count,bazett_per_beat_then_aggregate__global_rr_n_minus_1__same_index,11.0,12.0,1.0,False
QT_IntCorr_aVR,bazett_per_beat_then_aggregate__global_rr_n_minus_1__qt_next,510.9189781630655,511.795,0.8760218369345125,False
QT_IntCorr_aVR_iqr,bazett_per_beat_then_aggregate__global_rr_n_minus_1__qt_next,83.50416815374922,75.65750000000003,7.846668153749192,False
QT_IntCorr_aVR_count,bazett_per_beat_then_aggregate__global_rr_n_minus_1__qt_next,11.0,12.0,1.0,False
QT_IntCorr_aVR,bazett_median_then_correct__global_rr_n_minus_1,524.5360340759094,511.795,12.74103407590934,False
QT_IntCorr_aVR_iqr,bazett_median_then_correct__global_rr_n_minus_1,,75.65750000000003,,False
QT_IntCorr_aVR_count,bazett_median_then_correct__global_rr_n_minus_1,12.0,12.0,0.0,True
QT_IntCorr_aVR,bazett_per_beat_then_aggregate__global_rr_padded__same_index,526.3623188583183,511.795,14.567318858318288,False
QT_IntCorr_aVR_iqr,bazett_per_beat_then_aggregate__global_rr_padded__same_index,80.05263389904383,75.65750000000003,4.395133899043799,False
QT_IntCorr_aVR_count,bazett_per_beat_then_aggregate__global_rr_padded__same_index,12.0,12.0,0.0,True
QT_IntCorr_aVR,bazett_per_beat_then_aggregate__global_rr_padded__qt_next,510.9189781630655,511.795,0.8760218369345125,False
QT_IntCorr_aVR_iqr,bazett_per_beat_then_aggregate__global_rr_padded__qt_next,83.50416815374922,75.65750000000003,7.846668153749192,False
QT_IntCorr_aVR_count,bazett_per_beat_then_aggregate__global_rr_padded__qt_next,11.0,12.0,1.0,False
QT_IntCorr_aVR,bazett_median_then_correct__global_rr_padded,525.1456055007451,511.795,13.350605500745075,False
QT_IntCorr_aVR_iqr,bazett_median_then_correct__global_rr_padded,,75.65750000000003,,False
QT_IntCorr_aVR_count,bazett_median_then_correct__global_rr_padded,12.0,12.0,0.0,True
QT_IntCorr_aVR,bazett_per_beat_then_aggregate__lead_rr_n_minus_1__same_index,530.537244160917,511.795,18.742244160916982,False
QT_IntCorr_aVR_iqr,bazett_per_beat_then_aggregate__lead_rr_n_minus_1__same_index,76.60313760938232,75.65750000000003,0.9456376093822882,False
QT_IntCorr_aVR_count,bazett_per_beat_then_aggregate__lead_rr_n_minus_1__same_index,11.0,12.0,1.0,False
QT_IntCorr_aVR,bazett_per_beat_then_aggregate__lead_rr_n_minus_1__qt_next,510.3458776145902,511.795,1.4491223854097939,False
QT_IntCorr_aVR_iqr,bazett_per_beat_then_aggregate__lead_rr_n_minus_1__qt_next,83.18110759865135,75.65750000000003,7.523607598651324,False
QT_IntCorr_aVR_count,bazett_per_beat_then_aggregate__lead_rr_n_minus_1__qt_next,11.0,12.0,1.0,False
QT_IntCorr_aVR,bazett_median_then_correct__lead_rr_n_minus_1,525.1456055007451,511.795,13.350605500745075,False
QT_IntCorr_aVR_iqr,bazett_median_then_correct__lead_rr_n_minus_1,,75.65750000000003,,False
QT_IntCorr_aVR_count,bazett_median_then_correct__lead_rr_n_minus_1,12.0,12.0,0.0,True
QT_IntCorr_aVR,bazett_per_beat_then_aggregate__lead_rr_padded__same_index,526.670233787496,511.795,14.875233787496029,False
QT_IntCorr_aVR_iqr,bazett_per_beat_then_aggregate__lead_rr_padded__same_index,79.73706371985315,75.65750000000003,4.079563719853127,False
QT_IntCorr_aVR_count,bazett_per_beat_then_aggregate__lead_rr_padded__same_index,12.0,12.0,0.0,True
QT_IntCorr_aVR,bazett_per_beat_then_aggregate__lead_rr_padded__qt_next,510.3458776145902,511.795,1.4491223854097939,False
QT_IntCorr_aVR_iqr,bazett_per_beat_then_aggregate__lead_rr_padded__qt_next,83.18110759865135,75.65750000000003,7.523607598651324,False
QT_IntCorr_aVR_count,bazett_per_beat_then_aggregate__lead_rr_padded__qt_next,11.0,12.0,1.0,False
QT_IntCorr_aVR,bazett_median_then_correct__lead_rr_padded,525.451189236528,511.795,13.65618923652795,False
QT_IntCorr_aVR_iqr,bazett_median_then_correct__lead_rr_padded,,75.65750000000003,,False
QT_IntCorr_aVR_count,bazett_median_then_correct__lead_rr_padded,12.0,12.0,0.0,True
QT_IntCorr_aVR,fridericia_per_beat_then_aggregate__global_rr_n_minus_1__same_index,515.7747494844817,511.795,3.979749484481715,False
QT_IntCorr_aVR_iqr,fridericia_per_beat_then_aggregate__global_rr_n_minus_1__same_index,77.35443446911404,75.65750000000003,1.6969344691140122,False
QT_IntCorr_aVR_count,fridericia_per_beat_then_aggregate__global_rr_n_minus_1__same_index,11.0,12.0,1.0,False
QT_IntCorr_aVR,fridericia_per_beat_then_aggregate__global_rr_n_minus_1__qt_next,501.0915001651292,511.795,10.703499834870797,False
QT_IntCorr_aVR_iqr,fridericia_per_beat_then_aggregate__global_rr_n_minus_1__qt_next,83.0008451279457,75.65750000000003,7.343345127945668,False
QT_IntCorr_aVR_count,fridericia_per_beat_then_aggregate__global_rr_n_minus_1__qt_next,11.0,12.0,1.0,False
QT_IntCorr_aVR,fridericia_median_then_correct__global_rr_n_minus_1,511.71310482750505,511.795,0.08189517249496703,False
QT_IntCorr_aVR_iqr,fridericia_median_then_correct__global_rr_n_minus_1,,75.65750000000003,,False
QT_IntCorr_aVR_count,fridericia_median_then_correct__global_rr_n_minus_1,12.0,12.0,0.0,True
QT_IntCorr_aVR,fridericia_per_beat_then_aggregate__global_rr_padded__same_index,515.3687134393896,511.795,3.5737134393895644,False
QT_IntCorr_aVR_iqr,fridericia_per_beat_then_aggregate__global_rr_padded__same_index,79.20926025342669,75.65750000000003,3.5517602534266643,False
QT_IntCorr_aVR_count,fridericia_per_beat_then_aggregate__global_rr_padded__same_index,12.0,12.0,0.0,True
QT_IntCorr_aVR,fridericia_per_beat_then_aggregate__global_rr_padded__qt_next,501.0915001651292,511.795,10.703499834870797,False
QT_IntCorr_aVR_iqr,fridericia_per_beat_then_aggregate__global_rr_padded__qt_next,83.0008451279457,75.65750000000003,7.343345127945668,False
QT_IntCorr_aVR_count,fridericia_per_beat_then_aggregate__global_rr_padded__qt_next,11.0,12.0,1.0,False
QT_IntCorr_aVR,fridericia_median_then_correct__global_rr_padded,512.1094745482114,511.795,0.31447454821142173,False
QT_IntCorr_aVR_iqr,fridericia_median_then_correct__global_rr_padded,,75.65750000000003,,False
QT_IntCorr_aVR_count,fridericia_median_then_correct__global_rr_padded,12.0,12.0,0.0,True
QT_IntCorr_aVR,fridericia_per_beat_then_aggregate__lead_rr_n_minus_1__same_index,515.7747494844817,511.795,3.979749484481715,False
QT_IntCorr_aVR_iqr,fridericia_per_beat_then_aggregate__lead_rr_n_minus_1__same_index,77.56921680623816,75.65750000000003,1.9117168062381324,False
QT_IntCorr_aVR_count,fridericia_per_beat_then_aggregate__lead_rr_n_minus_1__same_index,11.0,12.0,1.0,False
QT_IntCorr_aVR,fridericia_per_beat_then_aggregate__lead_rr_n_minus_1__qt_next,500.71671206706253,511.795,11.078287932937485,False
QT_IntCorr_aVR_iqr,fridericia_per_beat_then_aggregate__lead_rr_n_minus_1__qt_next,82.79069592534722,75.65750000000003,7.133195925347195,False
QT_IntCorr_aVR_count,fridericia_per_beat_then_aggregate__lead_rr_n_minus_1__qt_next,11.0,12.0,1.0,False
QT_IntCorr_aVR,fridericia_median_then_correct__lead_rr_n_minus_1,512.1094745482114,511.795,0.31447454821142173,False
QT_IntCorr_aVR_iqr,fridericia_median_then_correct__lead_rr_n_minus_1,,75.65750000000003,,False
QT_IntCorr_aVR_count,fridericia_median_then_correct__lead_rr_n_minus_1,12.0,12.0,0.0,True
QT_IntCorr_aVR,fridericia_per_beat_then_aggregate__lead_rr_padded__same_index,515.5783888892928,511.795,3.7833888892927803,False
QT_IntCorr_aVR_iqr,fridericia_per_beat_then_aggregate__lead_rr_padded__same_index,79.40590397907698,75.65750000000003,3.7484039790769543,False
QT_IntCorr_aVR_count,fridericia_per_beat_then_aggregate__lead_rr_padded__same_index,12.0,12.0,0.0,True
QT_IntCorr_aVR,fridericia_per_beat_then_aggregate__lead_rr_padded__qt_next,500.71671206706253,511.795,11.078287932937485,False
QT_IntCorr_aVR_iqr,fridericia_per_beat_then_aggregate__lead_rr_padded__qt_next,82.79069592534722,75.65750000000003,7.133195925347195,False
QT_IntCorr_aVR_count,fridericia_per_beat_then_aggregate__lead_rr_padded__qt_next,11.0,12.0,1.0,False
QT_IntCorr_aVR,fridericia_median_then_correct__lead_rr_padded,512.3081206017056,511.795,0.5131206017055661,False
QT_IntCorr_aVR_iqr,fridericia_median_then_correct__lead_rr_padded,,75.65750000000003,,False
QT_IntCorr_aVR_count,fridericia_median_then_correct__lead_rr_padded,12.0,12.0,0.0,True
QT_IntCorr_aVR,hodges_per_beat_then_aggregate__global_rr_n_minus_1__same_index,508.8097447795824,511.795,2.9852552204176277,False
QT_IntCorr_aVR_iqr,hodges_per_beat_then_aggregate__global_rr_n_minus_1__same_index,73.97108199197896,75.65750000000003,1.6864180080210645,False
QT_IntCorr_aVR_count,hodges_per_beat_then_aggregate__global_rr_n_minus_1__same_index,11.0,12.0,1.0,False
QT_IntCorr_aVR,hodges_per_beat_then_aggregate__global_rr_n_minus_1__qt_next,494.97752808988764,511.795,16.817471910112374,False
QT_IntCorr_aVR_iqr,hodges_per_beat_then_aggregate__global_rr_n_minus_1__qt_next,80.37985485224465,75.65750000000003,4.722354852244621,False
QT_IntCorr_aVR_count,hodges_per_beat_then_aggregate__global_rr_n_minus_1__qt_next,11.0,12.0,1.0,False
QT_IntCorr_aVR,hodges_median_then_correct__global_rr_n_minus_1,503.8097447795824,511.795,7.985255220417628,False
QT_IntCorr_aVR_iqr,hodges_median_then_correct__global_rr_n_minus_1,,75.65750000000003,,False
QT_IntCorr_aVR_count,hodges_median_then_correct__global_rr_n_minus_1,12.0,12.0,0.0,True
QT_IntCorr_aVR,hodges_per_beat_then_aggregate__global_rr_padded__same_index,506.9292626336936,511.795,4.865737366306405,False
QT_IntCorr_aVR_iqr,hodges_per_beat_then_aggregate__global_rr_padded__same_index,75.44257599008262,75.65750000000003,0.21492400991741079,False
QT_IntCorr_aVR_count,hodges_per_beat_then_aggregate__global_rr_padded__same_index,12.0,12.0,0.0,True
QT_IntCorr_aVR,hodges_per_beat_then_aggregate__global_rr_padded__qt_next,494.97752808988764,511.795,16.817471910112374,False
QT_IntCorr_aVR_iqr,hodges_per_beat_then_aggregate__global_rr_padded__qt_next,80.37985485224465,75.65750000000003,4.722354852244621,False
QT_IntCorr_aVR_count,hodges_per_beat_then_aggregate__global_rr_padded__qt_next,11.0,12.0,1.0,False
QT_IntCorr_aVR,hodges_median_then_correct__global_rr_padded,504.09302325581393,511.795,7.701976744186084,False
QT_IntCorr_aVR_iqr,hodges_median_then_correct__global_rr_padded,,75.65750000000003,,False
QT_IntCorr_aVR_count,hodges_median_then_correct__global_rr_padded,12.0,12.0,0.0,True
QT_IntCorr_aVR,hodges_per_beat_then_aggregate__lead_rr_n_minus_1__same_index,509.09302325581393,511.795,2.7019767441860836,False
QT_IntCorr_aVR_iqr,hodges_per_beat_then_aggregate__lead_rr_n_minus_1__same_index,74.11675346811649,75.65750000000003,1.540746531883542,False
QT_IntCorr_aVR_count,hodges_per_beat_then_aggregate__lead_rr_n_minus_1__same_index,11.0,12.0,1.0,False
QT_IntCorr_aVR,hodges_per_beat_then_aggregate__lead_rr_n_minus_1__qt_next,494.7130044843049,511.795,17.081995515695098,False
QT_IntCorr_aVR_iqr,hodges_per_beat_then_aggregate__lead_rr_n_minus_1__qt_next,80.23887135134237,75.65750000000003,4.581371351342341,False
QT_IntCorr_aVR_count,hodges_per_beat_then_aggregate__lead_rr_n_minus_1__qt_next,11.0,12.0,1.0,False
QT_IntCorr_aVR,hodges_median_then_correct__lead_rr_n_minus_1,504.09302325581393,511.795,7.701976744186084,False
QT_IntCorr_aVR_iqr,hodges_median_then_correct__lead_rr_n_minus_1,,75.65750000000003,,False
QT_IntCorr_aVR_count,hodges_median_then_correct__lead_rr_n_minus_1,12.0,12.0,0.0,True
QT_IntCorr_aVR,hodges_per_beat_then_aggregate__lead_rr_padded__same_index,507.22744072326145,511.795,4.567559276738564,False
QT_IntCorr_aVR_iqr,hodges_per_beat_then_aggregate__lead_rr_padded__same_index,75.73157495474015,75.65750000000003,0.07407495474012649,False
QT_IntCorr_aVR_count,hodges_per_beat_then_aggregate__lead_rr_padded__same_index,12.0,12.0,0.0,True
QT_IntCorr_aVR,hodges_per_beat_then_aggregate__lead_rr_padded__qt_next,494.7130044843049,511.795,17.081995515695098,False
QT_IntCorr_aVR_iqr,hodges_per_beat_then_aggregate__lead_rr_padded__qt_next,80.23887135134237,75.65750000000003,4.581371351342341,False
QT_IntCorr_aVR_count,hodges_per_beat_then_aggregate__lead_rr_padded__qt_next,11.0,12.0,1.0,False
QT_IntCorr_aVR,hodges_median_then_correct__lead_rr_padded,504.23515715948776,511.795,7.55984284051226,False
QT_IntCorr_aVR_iqr,hodges_median_then_correct__lead_rr_padded,,75.65750000000003,,False
QT_IntCorr_aVR_count,hodges_median_then_correct__lead_rr_padded,12.0,12.0,0.0,True
QT_IntCorr_aVL,framingham_per_beat_then_aggregate__global_rr_n_minus_1__same_index,436.02,435.635,0.3849999999999909,False
QT_IntCorr_aVL_iqr,framingham_per_beat_then_aggregate__global_rr_n_minus_1__same_index,4.546000000000049,4.515000000000043,0.03100000000000591,False
QT_IntCorr_aVL_count,framingham_per_beat_then_aggregate__global_rr_n_minus_1__same_index,11.0,12.0,1.0,False
QT_IntCorr_aVL,framingham_per_beat_then_aggregate__global_rr_n_minus_1__qt_next,433.868,435.635,1.766999999999996,False
QT_IntCorr_aVL_iqr,framingham_per_beat_then_aggregate__global_rr_n_minus_1__qt_next,5.005999999999972,4.515000000000043,0.4909999999999286,False
QT_IntCorr_aVL_count,framingham_per_beat_then_aggregate__global_rr_n_minus_1__qt_next,11.0,12.0,1.0,False
QT_IntCorr_aVL,framingham_median_then_correct__global_rr_n_minus_1,435.25199999999995,435.635,0.3830000000000382,False
QT_IntCorr_aVL_iqr,framingham_median_then_correct__global_rr_n_minus_1,,4.515000000000043,,False
QT_IntCorr_aVL_count,framingham_median_then_correct__global_rr_n_minus_1,12.0,12.0,0.0,True
QT_IntCorr_aVL,framingham_per_beat_then_aggregate__global_rr_padded__same_index,435.48,435.635,0.15499999999997272,False
QT_IntCorr_aVL_iqr,framingham_per_beat_then_aggregate__global_rr_padded__same_index,4.388999999999953,4.515000000000043,0.12600000000009004,False
QT_IntCorr_aVL_count,framingham_per_beat_then_aggregate__global_rr_padded__same_index,12.0,12.0,0.0,True
QT_IntCorr_aVL,framingham_per_beat_then_aggregate__global_rr_padded__qt_next,433.868,435.635,1.766999999999996,False
QT_IntCorr_aVL_iqr,framingham_per_beat_then_aggregate__global_rr_padded__qt_next,5.005999999999972,4.515000000000043,0.4909999999999286,False
QT_IntCorr_aVL_count,framingham_per_beat_then_aggregate__global_rr_padded__qt_next,11.0,12.0,1.0,False
QT_IntCorr_aVL,framingham_median_then_correct__global_rr_padded,435.56,435.635,0.07499999999998863,False
QT_IntCorr_aVL_iqr,framingham_median_then_correct__global_rr_padded,,4.515000000000043,,False
QT_IntCorr_aVL_count,framingham_median_then_correct__global_rr_padded,12.0,12.0,0.0,True
QT_IntCorr_aVL,framingham_per_beat_then_aggregate__lead_rr_n_minus_1__same_index,436.328,435.635,0.6929999999999836,False
QT_IntCorr_aVL_iqr,framingham_per_beat_then_aggregate__lead_rr_n_minus_1__same_index,4.7000000000000455,4.515000000000043,0.18500000000000227,False
QT_IntCorr_aVL_count,framingham_per_beat_then_aggregate__lead_rr_n_minus_1__same_index,11.0,12.0,1.0,False
QT_IntCorr_aVL,framingham_per_beat_then_aggregate__lead_rr_n_minus_1__qt_next,433.868,435.635,1.766999999999996,False
QT_IntCorr_aVL_iqr,framingham_per_beat_then_aggregate__lead_rr_n_minus_1__qt_next,4.851999999999975,4.515000000000043,0.33699999999993224,False
QT_IntCorr_aVL_count,framingham_per_beat_then_aggregate__lead_rr_n_minus_1__qt_next,11.0,12.0,1.0,False
QT_IntCorr_aVL,framingham_median_then_correct__lead_rr_n_minus_1,435.25199999999995,435.635,0.3830000000000382,False
QT_IntCorr_aVL_iqr,framingham_median_then_correct__lead_rr_n_minus_1,,4.515000000000043,,False
QT_IntCorr_aVL_count,framingham_median_then_correct__lead_rr_n_minus_1,12.0,12.0,0.0,True
QT_IntCorr_aVL,framingham_per_beat_then_aggregate__lead_rr_padded__same_index,435.634,435.635,0.0009999999999763531,False
QT_IntCorr_aVL_iqr,framingham_per_beat_then_aggregate__lead_rr_padded__same_index,4.5120000000000005,4.515000000000043,0.0030000000000427463,False
QT_IntCorr_aVL_count,framingham_per_beat_then_aggregate__lead_rr_padded__same_index,12.0,12.0,0.0,True
QT_IntCorr_aVL,framingham_per_beat_then_aggregate__lead_rr_padded__qt_next,433.868,435.635,1.766999999999996,False
QT_IntCorr_aVL_iqr,framingham_per_beat_then_aggregate__lead_rr_padded__qt_next,4.851999999999975,4.515000000000043,0.33699999999993224,False
QT_IntCorr_aVL_count,framingham_per_beat_then_aggregate__lead_rr_padded__qt_next,11.0,12.0,1.0,False
QT_IntCorr_aVL,framingham_median_then_correct__lead_rr_padded,435.56,435.635,0.07499999999998863,False
QT_IntCorr_aVL_iqr,framingham_median_then_correct__lead_rr_padded,,4.515000000000043,,False
QT_IntCorr_aVL_count,framingham_median_then_correct__lead_rr_padded,12.0,12.0,0.0,True
QT_IntCorr_aVL,bazett_per_beat_then_aggregate__global_rr_n_minus_1__same_index,445.9988144925227,435.635,10.363814492522692,False
QT_IntCorr_aVL_iqr,bazett_per_beat_then_aggregate__global_rr_n_minus_1__same_index,8.538889331419227,4.515000000000043,4.023889331419184,False
QT_IntCorr_aVL_count,bazett_per_beat_then_aggregate__global_rr_n_minus_1__same_index,11.0,12.0,1.0,False
QT_IntCorr_aVL,bazett_per_beat_then_aggregate__global_rr_n_minus_1__qt_next,444.7885226001564,435.635,9.153522600156407,False
QT_IntCorr_aVL_iqr,bazett_per_beat_then_aggregate__global_rr_n_minus_1__qt_next,9.081704664251959,4.515000000000043,4.566704664251915,False
QT_IntCorr_aVL_count,bazett_per_beat_then_aggregate__global_rr_n_minus_1__qt_next,11.0,12.0,1.0,False
QT_IntCorr_aVL,bazett_median_then_correct__global_rr_n_minus_1,445.9094827667895,435.635,10.274482766789504,False
QT_IntCorr_aVL_iqr,bazett_median_then_correct__global_rr_n_minus_1,,4.515000000000043,,False
QT_IntCorr_aVL_count,bazett_median_then_correct__global_rr_n_minus_1,12.0,12.0,0.0,True
QT_IntCorr_aVL,bazett_per_beat_then_aggregate__global_rr_padded__same_index,445.39366854633954,435.635,9.75866854633955,False
QT_IntCorr_aVL_iqr,bazett_per_beat_then_aggregate__global_rr_padded__same_index,9.368211379106867,4.515000000000043,4.853211379106824,False
QT_IntCorr_aVL_count,bazett_per_beat_then_aggregate__global_rr_padded__same_index,12.0,12.0,0.0,True
QT_IntCorr_aVL,bazett_per_beat_then_aggregate__global_rr_padded__qt_next,444.7885226001564,435.635,9.153522600156407,False
QT_IntCorr_aVL_iqr,bazett_per_beat_then_aggregate__global_rr_padded__qt_next,9.081704664251959,4.515000000000043,4.566704664251915,False
QT_IntCorr_aVL_count,bazett_per_beat_then_aggregate__global_rr_padded__qt_next,11.0,12.0,1.0,False
QT_IntCorr_aVL,bazett_median_then_correct__global_rr_padded,446.4276810622351,435.635,10.79268106223509,False
QT_IntCorr_aVL_iqr,bazett_median_then_correct__global_rr_padded,,4.515000000000043,,False
QT_IntCorr_aVL_count,bazett_median_then_correct__global_rr_padded,12.0,12.0,0.0,True
QT_IntCorr_aVL,bazett_per_beat_then_aggregate__lead_rr_n_minus_1__same_index,446.51234237073555,435.635,10.877342370735562,False
QT_IntCorr_aVL_iqr,bazett_per_beat_then_aggregate__lead_rr_n_minus_1__same_index,8.538889331419227,4.515000000000043,4.023889331419184,False
QT_IntCorr_aVL_count,bazett_per_beat_then_aggregate__lead_rr_n_minus_1__same_index,11.0,12.0,1.0,False
QT_IntCorr_aVL,bazett_per_beat_then_aggregate__lead_rr_n_minus_1__qt_next,444.7885226001564,435.635,9.153522600156407,False
QT_IntCorr_aVL_iqr,bazett_per_beat_then_aggregate__lead_rr_n_minus_1__qt_next,8.82740960917539,4.515000000000043,4.312409609175347,False
QT_IntCorr_aVL_count,bazett_per_beat_then_aggregate__lead_rr_n_minus_1__qt_next,11.0,12.0,1.0,False
QT_IntCorr_aVL,bazett_median_then_correct__lead_rr_n_minus_1,445.9094827667895,435.635,10.274482766789504,False
QT_IntCorr_aVL_iqr,bazett_median_then_correct__lead_rr_n_minus_1,,4.515000000000043,,False
QT_IntCorr_aVL_count,bazett_median_then_correct__lead_rr_n_minus_1,12.0,12.0,0.0,True
QT_IntCorr_aVL,bazett_per_beat_then_aggregate__lead_rr_padded__same_index,445.650432485446,435.635,10.015432485446013,False
QT_IntCorr_aVL_iqr,bazett_per_beat_then_aggregate__lead_rr_padded__same_index,9.48718487601684,4.515000000000043,4.972184876016797,False
QT_IntCorr_aVL_count,bazett_per_beat_then_aggregate__lead_rr_padded__same_index,12.0,12.0,0.0,True
QT_IntCorr_aVL,bazett_per_beat_then_aggregate__lead_rr_padded__qt_next,444.7885226001564,435.635,9.153522600156407,False
QT_IntCorr_aVL_iqr,bazett_per_beat_then_aggregate__lead_rr_padded__qt_next,8.82740960917539,4.515000000000043,4.312409609175347,False
QT_IntCorr_aVL_count,bazett_per_beat_then_aggregate__lead_rr_padded__qt_next,11.0,12.0,1.0,False
QT_IntCorr_aVL,bazett_median_then_correct__lead_rr_padded,446.4276810622351,435.635,10.79268106223509,False
QT_IntCorr_aVL_iqr,bazett_median_then_correct__lead_rr_padded,,4.515000000000043,,False
QT_IntCorr_aVL_count,bazett_median_then_correct__lead_rr_padded,12.0,12.0,0.0,True
QT_IntCorr_aVL,fridericia_per_beat_then_aggregate__global_rr_n_minus_1__same_index,435.76623851424273,435.635,0.1312385142427388,False
QT_IntCorr_aVL_iqr,fridericia_per_beat_then_aggregate__global_rr_n_minus_1__same_index,5.045999780079512,4.515000000000043,0.530999780079469,False
QT_IntCorr_aVL_count,fridericia_per_beat_then_aggregate__global_rr_n_minus_1__same_index,11.0,12.0,1.0,False
QT_IntCorr_aVL,fridericia_per_beat_then_aggregate__global_rr_n_minus_1__qt_next,433.5788808941249,435.635,2.056119105875098,False
QT_IntCorr_aVL_iqr,fridericia_per_beat_then_aggregate__global_rr_n_minus_1__qt_next,5.547734836714085,4.515000000000043,1.0327348367140416,False
QT_IntCorr_aVL_count,fridericia_per_beat_then_aggregate__global_rr_n_minus_1__qt_next,11.0,12.0,1.0,False
QT_IntCorr_aVL,fridericia_median_then_correct__global_rr_n_minus_1,435.0086763831357,435.635,0.6263236168642834,False
QT_IntCorr_aVL_iqr,fridericia_median_then_correct__global_rr_n_minus_1,,4.515000000000043,,False
QT_IntCorr_aVL_count,fridericia_median_then_correct__global_rr_n_minus_1,12.0,12.0,0.0,True
QT_IntCorr_aVL,fridericia_per_beat_then_aggregate__global_rr_padded__same_index,435.16138385154466,435.635,0.47361614845533495,False
QT_IntCorr_aVL_iqr,fridericia_per_beat_then_aggregate__global_rr_padded__same_index,4.92105170290057,4.515000000000043,0.40605170290052683,False
QT_IntCorr_aVL_count,fridericia_per_beat_then_aggregate__global_rr_padded__same_index,12.0,12.0,0.0,True
QT_IntCorr_aVL,fridericia_per_beat_then_aggregate__global_rr_padded__qt_next,433.5788808941249,435.635,2.056119105875098,False
QT_IntCorr_aVL_iqr,fridericia_per_beat_then_aggregate__global_rr_padded__qt_next,5.547734836714085,4.515000000000043,1.0327348367140416,False
QT_IntCorr_aVL_count,fridericia_per_beat_then_aggregate__global_rr_padded__qt_next,11.0,12.0,1.0,False
QT_IntCorr_aVL,fridericia_median_then_correct__global_rr_padded,435.34563134077933,435.635,0.28936865922065635,False
QT_IntCorr_aVL_iqr,fridericia_median_then_correct__global_rr_padded,,4.515000000000043,,False
QT_IntCorr_aVL_count,fridericia_median_then_correct__global_rr_padded,12.0,12.0,0.0,True
QT_IntCorr_aVL,fridericia_per_beat_then_aggregate__lead_rr_n_minus_1__same_index,436.1006716758375,435.635,0.46567167583748414,False
QT_IntCorr_aVL_iqr,fridericia_per_beat_then_aggregate__lead_rr_n_minus_1__same_index,5.2025267551791785,4.515000000000043,0.6875267551791353,False
QT_IntCorr_aVL_count,fridericia_per_beat_then_aggregate__lead_rr_n_minus_1__same_index,11.0,12.0,1.0,False
QT_IntCorr_aVL,fridericia_per_beat_then_aggregate__lead_rr_n_minus_1__qt_next,433.5788808941249,435.635,2.056119105875098,False
QT_IntCorr_aVL_iqr,fridericia_per_beat_then_aggregate__lead_rr_n_minus_1__qt_next,5.382126107655154,4.515000000000043,0.8671261076551104,False
QT_IntCorr_aVL_count,fridericia_per_beat_then_aggregate__lead_rr_n_minus_1__qt_next,11.0,12.0,1.0,False
QT_IntCorr_aVL,fridericia_median_then_correct__lead_rr_n_minus_1,435.0086763831357,435.635,0.6263236168642834,False
QT_IntCorr_aVL_iqr,fridericia_median_then_correct__lead_rr_n_minus_1,,4.515000000000043,,False
QT_IntCorr_aVL_count,fridericia_median_then_correct__lead_rr_n_minus_1,12.0,12.0,0.0,True
QT_IntCorr_aVL,fridericia_per_beat_then_aggregate__lead_rr_padded__same_index,435.328600432342,435.635,0.3063995676579907,False
QT_IntCorr_aVL_iqr,fridericia_per_beat_then_aggregate__lead_rr_padded__same_index,5.155325123318107,4.515000000000043,0.640325123318064,False
QT_IntCorr_aVL_count,fridericia_per_beat_then_aggregate__lead_rr_padded__same_index,12.0,12.0,0.0,True
QT_IntCorr_aVL,fridericia_per_beat_then_aggregate__lead_rr_padded__qt_next,433.5788808941249,435.635,2.056119105875098,False
QT_IntCorr_aVL_iqr,fridericia_per_beat_then_aggregate__lead_rr_padded__qt_next,5.382126107655154,4.515000000000043,0.8671261076551104,False
QT_IntCorr_aVL_count,fridericia_per_beat_then_aggregate__lead_rr_padded__qt_next,11.0,12.0,1.0,False
QT_IntCorr_aVL,fridericia_median_then_correct__lead_rr_padded,435.34563134077933,435.635,0.28936865922065635,False
QT_IntCorr_aVL_iqr,fridericia_median_then_correct__lead_rr_padded,,4.515000000000043,,False
QT_IntCorr_aVL_count,fridericia_median_then_correct__lead_rr_padded,12.0,12.0,0.0,True
QT_IntCorr_aVL,hodges_per_beat_then_aggregate__global_rr_n_minus_1__same_index,431.6896551724138,435.635,3.9453448275862115,False
QT_IntCorr_aVL_iqr,hodges_per_beat_then_aggregate__global_rr_n_minus_1__same_index,3.799019774600424,4.515000000000043,0.715980225399619,False
QT_IntCorr_aVL_count,hodges_per_beat_then_aggregate__global_rr_n_minus_1__same_index,11.0,12.0,1.0,False
QT_IntCorr_aVL,hodges_per_beat_then_aggregate__global_rr_n_minus_1__qt_next,429.3776223776224,435.635,6.257377622377589,False
QT_IntCorr_aVL_iqr,hodges_per_beat_then_aggregate__global_rr_n_minus_1__qt_next,4.634794759716954,4.515000000000043,0.11979475971691045,False
QT_IntCorr_aVL_count,hodges_per_beat_then_aggregate__global_rr_n_minus_1__qt_next,11.0,12.0,1.0,False
QT_IntCorr_aVL,hodges_median_then_correct__global_rr_n_minus_1,430.8097447795824,435.635,4.825255220417603,False
QT_IntCorr_aVL_iqr,hodges_median_then_correct__global_rr_n_minus_1,,4.515000000000043,,False
QT_IntCorr_aVL_count,hodges_median_then_correct__global_rr_n_minus_1,12.0,12.0,0.0,True
QT_IntCorr_aVL,hodges_per_beat_then_aggregate__global_rr_padded__same_index,431.33359163115074,435.635,4.301408368849252,False
QT_IntCorr_aVL_iqr,hodges_per_beat_then_aggregate__global_rr_padded__same_index,4.253368582636881,4.515000000000043,0.2616314173631622,False
QT_IntCorr_aVL_count,hodges_per_beat_then_aggregate__global_rr_padded__same_index,12.0,12.0,0.0,True
QT_IntCorr_aVL,hodges_per_beat_then_aggregate__global_rr_padded__qt_next,429.3776223776224,435.635,6.257377622377589,False
QT_IntCorr_aVL_iqr,hodges_per_beat_then_aggregate__global_rr_padded__qt_next,4.634794759716954,4.515000000000043,0.11979475971691045,False
QT_IntCorr_aVL_count,hodges_per_beat_then_aggregate__global_rr_padded__qt_next,11.0,12.0,1.0,False
QT_IntCorr_aVL,hodges_median_then_correct__global_rr_padded,431.09302325581393,435.635,4.541976744186059,False
QT_IntCorr_aVL_iqr,hodges_median_then_correct__global_rr_padded,,4.515000000000043,,False
QT_IntCorr_aVL_count,hodges_median_then_correct__global_rr_padded,12.0,12.0,0.0,True
QT_IntCorr_aVL,hodges_per_beat_then_aggregate__lead_rr_n_minus_1__same_index,431.96774193548384,435.635,3.6672580645161474,False
QT_IntCorr_aVL_iqr,hodges_per_beat_then_aggregate__lead_rr_n_minus_1__same_index,3.922269626700597,4.515000000000043,0.592730373299446,False
QT_IntCorr_aVL_count,hodges_per_beat_then_aggregate__lead_rr_n_minus_1__same_index,11.0,12.0,1.0,False
QT_IntCorr_aVL,hodges_per_beat_then_aggregate__lead_rr_n_minus_1__qt_next,429.3776223776224,435.635,6.257377622377589,False
QT_IntCorr_aVL_iqr,hodges_per_beat_then_aggregate__lead_rr_n_minus_1__qt_next,4.495751378181922,4.515000000000043,0.019248621818121592,False
QT_IntCorr_aVL_count,hodges_per_beat_then_aggregate__lead_rr_n_minus_1__qt_next,11.0,12.0,1.0,False
QT_IntCorr_aVL,hodges_median_then_correct__lead_rr_n_minus_1,430.8097447795824,435.635,4.825255220417603,False
QT_IntCorr_aVL_iqr,hodges_median_then_correct__lead_rr_n_minus_1,,4.515000000000043,,False
QT_IntCorr_aVL_count,hodges_median_then_correct__lead_rr_n_minus_1,12.0,12.0,0.0,True
QT_IntCorr_aVL,hodges_per_beat_then_aggregate__lead_rr_padded__same_index,431.4726350126857,435.635,4.162364987314277,False
QT_IntCorr_aVL_iqr,hodges_per_beat_then_aggregate__lead_rr_padded__same_index,4.253368582636881,4.515000000000043,0.2616314173631622,False
QT_IntCorr_aVL_count,hodges_per_beat_then_aggregate__lead_rr_padded__same_index,12.0,12.0,0.0,True
QT_IntCorr_aVL,hodges_per_beat_then_aggregate__lead_rr_padded__qt_next,429.3776223776224,435.635,6.257377622377589,False
QT_IntCorr_aVL_iqr,hodges_per_beat_then_aggregate__lead_rr_padded__qt_next,4.495751378181922,4.515000000000043,0.019248621818121592,False
QT_IntCorr_aVL_count,hodges_per_beat_then_aggregate__lead_rr_padded__qt_next,11.0,12.0,1.0,False
QT_IntCorr_aVL,hodges_median_then_correct__lead_rr_padded,431.09302325581393,435.635,4.541976744186059,False
QT_IntCorr_aVL_iqr,hodges_median_then_correct__lead_rr_padded,,4.515000000000043,,False
QT_IntCorr_aVL_count,hodges_median_then_correct__lead_rr_padded,12.0,12.0,0.0,True
QT_IntCorr_aVF,framingham_per_beat_then_aggregate__global_rr_n_minus_1__same_index,417.1,416.87,0.2300000000000182,False
QT_IntCorr_aVF_iqr,framingham_per_beat_then_aggregate__global_rr_n_minus_1__same_index,5.392000000000053,5.120000000000061,0.27199999999999136,False
QT_IntCorr_aVF_count,framingham_per_beat_then_aggregate__global_rr_n_minus_1__same_index,11.0,12.0,1.0,False
QT_IntCorr_aVF,framingham_per_beat_then_aggregate__global_rr_n_minus_1__qt_next,416.94000000000005,416.87,0.07000000000005002,False
QT_IntCorr_aVF_iqr,framingham_per_beat_then_aggregate__global_rr_n_minus_1__qt_next,4.159999999999968,5.120000000000061,0.9600000000000932,False
QT_IntCorr_aVF_count,framingham_per_beat_then_aggregate__global_rr_n_minus_1__qt_next,11.0,12.0,1.0,False
QT_IntCorr_aVF,framingham_median_then_correct__global_rr_n_minus_1,417.252,416.87,0.382000000000005,False
QT_IntCorr_aVF_iqr,framingham_median_then_correct__global_rr_n_minus_1,,5.120000000000061,,False
QT_IntCorr_aVF_count,framingham_median_then_correct__global_rr_n_minus_1,12.0,12.0,0.0,True
QT_IntCorr_aVF,framingham_per_beat_then_aggregate__global_rr_padded__same_index,416.56,416.87,0.3100000000000023,False
QT_IntCorr_aVF_iqr,framingham_per_beat_then_aggregate__global_rr_padded__same_index,5.277999999999963,5.120000000000061,0.15799999999990177,False
QT_IntCorr_aVF_count,framingham_per_beat_then_aggregate__global_rr_padded__same_index,12.0,12.0,0.0,True
QT_IntCorr_aVF,framingham_per_beat_then_aggregate__global_rr_padded__qt_next,416.94000000000005,416.87,0.07000000000005002,False
QT_IntCorr_aVF_iqr,framingham_per_beat_then_aggregate__global_rr_padded__qt_next,4.159999999999968,5.120000000000061,0.9600000000000932,False
QT_IntCorr_aVF_count,framingham_per_beat_then_aggregate__global_rr_padded__qt_next,11.0,12.0,1.0,False
QT_IntCorr_aVF,framingham_median_then_correct__global_rr_padded,417.56000000000006,416.87,0.6900000000000546,False
QT_IntCorr_aVF_iqr,framingham_median_then_correct__global_rr_padded,,5.120000000000061,,False
QT_IntCorr_aVF_count,framingham_median_then_correct__global_rr_padded,12.0,12.0,0.0,True
QT_IntCorr_aVF,framingham_per_beat_then_aggregate__lead_rr_n_minus_1__same_index,417.408,416.87,0.5380000000000109,False
QT_IntCorr_aVF_iqr,framingham_per_beat_then_aggregate__lead_rr_n_minus_1__same_index,5.392000000000053,5.120000000000061,0.27199999999999136,False
QT_IntCorr_aVF_count,framingham_per_beat_then_aggregate__lead_rr_n_minus_1__same_index,11.0,12.0,1.0,False
QT_IntCorr_aVF,framingham_per_beat_then_aggregate__lead_rr_n_minus_1__qt_next,416.94000000000005,416.87,0.07000000000005002,False
QT_IntCorr_aVF_iqr,framingham_per_beat_then_aggregate__lead_rr_n_minus_1__qt_next,4.162000000000035,5.120000000000061,0.9580000000000268,False
QT_IntCorr_aVF_count,framingham_per_beat_then_aggregate__lead_rr_n_minus_1__qt_next,11.0,12.0,1.0,False
QT_IntCorr_aVF,framingham_median_then_correct__lead_rr_n_minus_1,417.252,416.87,0.382000000000005,False
QT_IntCorr_aVF_iqr,framingham_median_then_correct__lead_rr_n_minus_1,,5.120000000000061,,False
QT_IntCorr_aVF_count,framingham_median_then_correct__lead_rr_n_minus_1,12.0,12.0,0.0,True
QT_IntCorr_aVF,framingham_per_beat_then_aggregate__lead_rr_padded__same_index,416.86800000000005,416.87,0.0019999999999527063,False
QT_IntCorr_aVF_iqr,framingham_per_beat_then_aggregate__lead_rr_padded__same_index,5.124000000000024,5.120000000000061,0.003999999999962256,False
QT_IntCorr_aVF_count,framingham_per_beat_then_aggregate__lead_rr_padded__same_index,12.0,12.0,0.0,True
QT_IntCorr_aVF,framingham_per_beat_then_aggregate__lead_rr_padded__qt_next,416.94000000000005,416.87,0.07000000000005002,False
QT_IntCorr_aVF_iqr,framingham_per_beat_then_aggregate__lead_rr_padded__qt_next,4.162000000000035,5.120000000000061,0.9580000000000268,False
QT_IntCorr_aVF_count,framingham_per_beat_then_aggregate__lead_rr_padded__qt_next,11.0,12.0,1.0,False
QT_IntCorr_aVF,framingham_median_then_correct__lead_rr_padded,417.56000000000006,416.87,0.6900000000000546,False
QT_IntCorr_aVF_iqr,framingham_median_then_correct__lead_rr_padded,,5.120000000000061,,False
QT_IntCorr_aVF_count,framingham_median_then_correct__lead_rr_padded,12.0,12.0,0.0,True
QT_IntCorr_aVF,bazett_per_beat_then_aggregate__global_rr_n_minus_1__same_index,427.3530019027526,416.87,10.48300190275262,False
QT_IntCorr_aVF_iqr,bazett_per_beat_then_aggregate__global_rr_n_minus_1__same_index,9.474812343528015,5.120000000000061,4.3548123435279535,False
QT_IntCorr_aVF_count,bazett_per_beat_then_aggregate__global_rr_n_minus_1__same_index,11.0,12.0,1.0,False
QT_IntCorr_aVF,bazett_per_beat_then_aggregate__global_rr_n_minus_1__qt_next,425.3560143312175,416.87,8.486014331217518,False
QT_IntCorr_aVF_iqr,bazett_per_beat_then_aggregate__global_rr_n_minus_1__qt_next,8.708025282035806,5.120000000000061,3.588025282035744,False
QT_IntCorr_aVF_count,bazett_per_beat_then_aggregate__global_rr_n_minus_1__qt_next,11.0,12.0,1.0,False
QT_IntCorr_aVF,bazett_median_then_correct__global_rr_n_minus_1,426.52211395084214,416.87,9.652113950842136,False
QT_IntCorr_aVF_iqr,bazett_median_then_correct__global_rr_n_minus_1,,5.120000000000061,,False
QT_IntCorr_aVF_count,bazett_median_then_correct__global_rr_n_minus_1,12.0,12.0,0.0,True
QT_IntCorr_aVF,bazett_per_beat_then_aggregate__global_rr_padded__same_index,425.9547828492597,416.87,9.084782849259682,False
QT_IntCorr_aVF_iqr,bazett_per_beat_then_aggregate__global_rr_padded__same_index,10.088269826088947,5.120000000000061,4.968269826088886,False
QT_IntCorr_aVF_count,bazett_per_beat_then_aggregate__global_rr_padded__same_index,12.0,12.0,0.0,True
QT_IntCorr_aVF,bazett_per_beat_then_aggregate__global_rr_padded__qt_next,425.3560143312175,416.87,8.486014331217518,False
QT_IntCorr_aVF_iqr,bazett_per_beat_then_aggregate__global_rr_padded__qt_next,8.708025282035806,5.120000000000061,3.588025282035744,False
QT_IntCorr_aVF_count,bazett_per_beat_then_aggregate__global_rr_padded__qt_next,11.0,12.0,1.0,False
QT_IntCorr_aVF,bazett_median_then_correct__global_rr_padded,427.01778188561616,416.87,10.147781885616155,False
QT_IntCorr_aVF_iqr,bazett_median_then_correct__global_rr_padded,,5.120000000000061,,False
QT_IntCorr_aVF_count,bazett_median_then_correct__global_rr_padded,12.0,12.0,0.0,True
QT_IntCorr_aVF,bazett_per_beat_then_aggregate__lead_rr_n_minus_1__same_index,427.685105718658,416.87,10.815105718658003,False
QT_IntCorr_aVF_iqr,bazett_per_beat_then_aggregate__lead_rr_n_minus_1__same_index,9.47177017157287,5.120000000000061,4.351770171572809,False
QT_IntCorr_aVF_count,bazett_per_beat_then_aggregate__lead_rr_n_minus_1__same_index,11.0,12.0,1.0,False
QT_IntCorr_aVF,bazett_per_beat_then_aggregate__lead_rr_n_minus_1__qt_next,425.3560143312175,416.87,8.486014331217518,False
QT_IntCorr_aVF_iqr,bazett_per_beat_then_aggregate__lead_rr_n_minus_1__qt_next,9.19959044353834,5.120000000000061,4.0795904435382795,False
QT_IntCorr_aVF_count,bazett_per_beat_then_aggregate__lead_rr_n_minus_1__qt_next,11.0,12.0,1.0,False
QT_IntCorr_aVF,bazett_median_then_correct__lead_rr_n_minus_1,426.52211395084214,416.87,9.652113950842136,False
QT_IntCorr_aVF_iqr,bazett_median_then_correct__lead_rr_n_minus_1,,5.120000000000061,,False
QT_IntCorr_aVF_count,bazett_median_then_correct__lead_rr_n_minus_1,12.0,12.0,0.0,True
QT_IntCorr_aVF,bazett_per_beat_then_aggregate__lead_rr_padded__same_index,426.3652542761695,416.87,9.495254276169476,False
QT_IntCorr_aVF_iqr,bazett_per_beat_then_aggregate__lead_rr_padded__same_index,9.823272329475856,5.120000000000061,4.703272329475794,False
QT_IntCorr_aVF_count,bazett_per_beat_then_aggregate__lead_rr_padded__same_index,12.0,12.0,0.0,True
QT_IntCorr_aVF,bazett_per_beat_then_aggregate__lead_rr_padded__qt_next,425.3560143312175,416.87,8.486014331217518,False
QT_IntCorr_aVF_iqr,bazett_per_beat_then_aggregate__lead_rr_padded__qt_next,9.19959044353834,5.120000000000061,4.0795904435382795,False
QT_IntCorr_aVF_count,bazett_per_beat_then_aggregate__lead_rr_padded__qt_next,11.0,12.0,1.0,False
QT_IntCorr_aVF,bazett_median_then_correct__lead_rr_padded,427.01778188561616,416.87,10.147781885616155,False
QT_IntCorr_aVF_iqr,bazett_median_then_correct__lead_rr_padded,,5.120000000000061,,False
QT_IntCorr_aVF_count,bazett_median_then_correct__lead_rr_padded,12.0,12.0,0.0,True
QT_IntCorr_aVF,fridericia_per_beat_then_aggregate__global_rr_n_minus_1__same_index,415.9328736393323,416.87,0.9371263606677189,False
QT_IntCorr_aVF_iqr,fridericia_per_beat_then_aggregate__global_rr_n_minus_1__same_index,5.719970431763045,5.120000000000061,0.5999704317629835,False
QT_IntCorr_aVF_count,fridericia_per_beat_then_aggregate__global_rr_n_minus_1__same_index,11.0,12.0,1.0,False
QT_IntCorr_aVF,fridericia_per_beat_then_aggregate__global_rr_n_minus_1__qt_next,415.843568601767,416.87,1.026431398233001,False
QT_IntCorr_aVF_iqr,fridericia_per_beat_then_aggregate__global_rr_n_minus_1__qt_next,4.452387623639822,5.120000000000061,0.6676123763602391,False
QT_IntCorr_aVF_count,fridericia_per_beat_then_aggregate__global_rr_n_minus_1__qt_next,11.0,12.0,1.0,False
QT_IntCorr_aVF,fridericia_median_then_correct__global_rr_n_minus_1,416.09525567082545,416.87,0.7747443291745526,False
QT_IntCorr_aVF_iqr,fridericia_median_then_correct__global_rr_n_minus_1,,5.120000000000061,,False
QT_IntCorr_aVF_count,fridericia_median_then_correct__global_rr_n_minus_1,12.0,12.0,0.0,True
QT_IntCorr_aVF,fridericia_per_beat_then_aggregate__global_rr_padded__same_index,415.3744061125028,416.87,1.4955938874971935,False
QT_IntCorr_aVF_iqr,fridericia_per_beat_then_aggregate__global_rr_padded__same_index,5.652860618896284,5.120000000000061,0.5328606188962226,False
QT_IntCorr_aVF_count,fridericia_per_beat_then_aggregate__global_rr_padded__same_index,12.0,12.0,0.0,True
QT_IntCorr_aVF,fridericia_per_beat_then_aggregate__global_rr_padded__qt_next,415.843568601767,416.87,1.026431398233001,False
QT_IntCorr_aVF_iqr,fridericia_per_beat_then_aggregate__global_rr_padded__qt_next,4.452387623639822,5.120000000000061,0.6676123763602391,False
QT_IntCorr_aVF_count,fridericia_per_beat_then_aggregate__global_rr_padded__qt_next,11.0,12.0,1.0,False
QT_IntCorr_aVF,fridericia_median_then_correct__global_rr_padded,416.41756041291933,416.87,0.45243958708067566,False
QT_IntCorr_aVF_iqr,fridericia_median_then_correct__global_rr_padded,,5.120000000000061,,False
QT_IntCorr_aVF_count,fridericia_median_then_correct__global_rr_padded,12.0,12.0,0.0,True
QT_IntCorr_aVF,fridericia_per_beat_then_aggregate__lead_rr_n_minus_1__same_index,416.25960815989964,416.87,0.6103918401003625,False
QT_IntCorr_aVF_iqr,fridericia_per_beat_then_aggregate__lead_rr_n_minus_1__same_index,5.718414709174965,5.120000000000061,0.5984147091749037,False
QT_IntCorr_aVF_count,fridericia_per_beat_then_aggregate__lead_rr_n_minus_1__same_index,11.0,12.0,1.0,False
QT_IntCorr_aVF,fridericia_per_beat_then_aggregate__lead_rr_n_minus_1__qt_next,415.843568601767,416.87,1.026431398233001,False
QT_IntCorr_aVF_iqr,fridericia_per_beat_then_aggregate__lead_rr_n_minus_1__qt_next,4.452941274820262,5.120000000000061,0.6670587251797997,False
QT_IntCorr_aVF_count,fridericia_per_beat_then_aggregate__lead_rr_n_minus_1__qt_next,11.0,12.0,1.0,False
QT_IntCorr_aVF,fridericia_median_then_correct__lead_rr_n_minus_1,416.09525567082545,416.87,0.7747443291745526,False
QT_IntCorr_aVF_iqr,fridericia_median_then_correct__lead_rr_n_minus_1,,5.120000000000061,,False
QT_IntCorr_aVF_count,fridericia_median_then_correct__lead_rr_n_minus_1,12.0,12.0,0.0,True
QT_IntCorr_aVF,fridericia_per_beat_then_aggregate__lead_rr_padded__same_index,415.6969506948917,416.87,1.173049305108293,False
QT_IntCorr_aVF_iqr,fridericia_per_beat_then_aggregate__lead_rr_padded__same_index,5.482111976496185,5.120000000000061,0.3621119764961236,False
QT_IntCorr_aVF_count,fridericia_per_beat_then_aggregate__lead_rr_padded__same_index,12.0,12.0,0.0,True
QT_IntCorr_aVF,fridericia_per_beat_then_aggregate__lead_rr_padded__qt_next,415.843568601767,416.87,1.026431398233001,False
QT_IntCorr_aVF_iqr,fridericia_per_beat_then_aggregate__lead_rr_padded__qt_next,4.452941274820262,5.120000000000061,0.6670587251797997,False
QT_IntCorr_aVF_count,fridericia_per_beat_then_aggregate__lead_rr_padded__qt_next,11.0,12.0,1.0,False
QT_IntCorr_aVF,fridericia_median_then_correct__lead_rr_padded,416.41756041291933,416.87,0.45243958708067566,False
QT_IntCorr_aVF_iqr,fridericia_median_then_correct__lead_rr_padded,,5.120000000000061,,False
QT_IntCorr_aVF_count,fridericia_median_then_correct__lead_rr_padded,12.0,12.0,0.0,True
QT_IntCorr_aVF,hodges_per_beat_then_aggregate__global_rr_n_minus_1__same_index,412.5294117647059,416.87,4.340588235294092,False
QT_IntCorr_aVF_iqr,hodges_per_beat_then_aggregate__global_rr_n_minus_1__same_index,4.947536520259405,5.120000000000061,0.17246347974065657,False
QT_IntCorr_aVF_count,hodges_per_beat_then_aggregate__global_rr_n_minus_1__same_index,11.0,12.0,1.0,False
QT_IntCorr_aVF,hodges_per_beat_then_aggregate__global_rr_n_minus_1__qt_next,412.8097447795824,416.87,4.060255220417616,False
QT_IntCorr_aVF_iqr,hodges_per_beat_then_aggregate__global_rr_n_minus_1__qt_next,3.738347677372076,5.120000000000061,1.3816523226279855,False
QT_IntCorr_aVF_count,hodges_per_beat_then_aggregate__global_rr_n_minus_1__qt_next,11.0,12.0,1.0,False
QT_IntCorr_aVF,hodges_median_then_correct__global_rr_n_minus_1,412.8097447795824,416.87,4.060255220417616,False
QT_IntCorr_aVF_iqr,hodges_median_then_correct__global_rr_n_minus_1,,5.120000000000061,,False
QT_IntCorr_aVF_count,hodges_median_then_correct__global_rr_n_minus_1,12.0,12.0,0.0,True
QT_IntCorr_aVF,hodges_per_beat_then_aggregate__global_rr_padded__same_index,412.10953346855985,416.87,4.760466531440159,False
QT_IntCorr_aVF_iqr,hodges_per_beat_then_aggregate__global_rr_padded__same_index,5.05969133064616,5.120000000000061,0.06030866935390122,False
QT_IntCorr_aVF_count,hodges_per_beat_then_aggregate__global_rr_padded__same_index,12.0,12.0,0.0,True
QT_IntCorr_aVF,hodges_per_beat_then_aggregate__global_rr_padded__qt_next,412.8097447795824,416.87,4.060255220417616,False
QT_IntCorr_aVF_iqr,hodges_per_beat_then_aggregate__global_rr_padded__qt_next,3.738347677372076,5.120000000000061,1.3816523226279855,False
QT_IntCorr_aVF_count,hodges_per_beat_then_aggregate__global_rr_padded__qt_next,11.0,12.0,1.0,False
QT_IntCorr_aVF,hodges_median_then_correct__global_rr_padded,413.09302325581393,416.87,3.776976744186072,False
QT_IntCorr_aVF_iqr,hodges_median_then_correct__global_rr_padded,,5.120000000000061,,False
QT_IntCorr_aVF_count,hodges_median_then_correct__global_rr_padded,12.0,12.0,0.0,True
QT_IntCorr_aVF,hodges_per_beat_then_aggregate__lead_rr_n_minus_1__same_index,412.8207547169811,416.87,4.049245283018877,False
QT_IntCorr_aVF_iqr,hodges_per_beat_then_aggregate__lead_rr_n_minus_1__same_index,4.94308066573484,5.120000000000061,0.17691933426522155,False
QT_IntCorr_aVF_count,hodges_per_beat_then_aggregate__lead_rr_n_minus_1__same_index,11.0,12.0,1.0,False
QT_IntCorr_aVF,hodges_per_beat_then_aggregate__lead_rr_n_minus_1__qt_next,412.8097447795824,416.87,4.060255220417616,False
QT_IntCorr_aVF_iqr,hodges_per_beat_then_aggregate__lead_rr_n_minus_1__qt_next,3.739109423607829,5.120000000000061,1.3808905763922326,False
QT_IntCorr_aVF_count,hodges_per_beat_then_aggregate__lead_rr_n_minus_1__qt_next,11.0,12.0,1.0,False
QT_IntCorr_aVF,hodges_median_then_correct__lead_rr_n_minus_1,412.8097447795824,416.87,4.060255220417616,False
QT_IntCorr_aVF_iqr,hodges_median_then_correct__lead_rr_n_minus_1,,5.120000000000061,,False
QT_IntCorr_aVF_count,hodges_median_then_correct__lead_rr_n_minus_1,12.0,12.0,0.0,True
QT_IntCorr_aVF,hodges_per_beat_then_aggregate__lead_rr_padded__same_index,412.3942483262325,416.87,4.4757516737674905,False
QT_IntCorr_aVF_iqr,hodges_per_beat_then_aggregate__lead_rr_padded__same_index,4.90168629816759,5.120000000000061,0.21831370183247145,False
QT_IntCorr_aVF_count,hodges_per_beat_then_aggregate__lead_rr_padded__same_index,12.0,12.0,0.0,True
QT_IntCorr_aVF,hodges_per_beat_then_aggregate__lead_rr_padded__qt_next,412.8097447795824,416.87,4.060255220417616,False
QT_IntCorr_aVF_iqr,hodges_per_beat_then_aggregate__lead_rr_padded__qt_next,3.739109423607829,5.120000000000061,1.3808905763922326,False
QT_IntCorr_aVF_count,hodges_per_beat_then_aggregate__lead_rr_padded__qt_next,11.0,12.0,1.0,False
QT_IntCorr_aVF,hodges_median_then_correct__lead_rr_padded,413.09302325581393,416.87,3.776976744186072,False
QT_IntCorr_aVF_iqr,hodges_median_then_correct__lead_rr_padded,,5.120000000000061,,False
QT_IntCorr_aVF_count,hodges_median_then_correct__lead_rr_padded,12.0,12.0,0.0,True
QT_IntCorr_V1,framingham_per_beat_then_aggregate__global_rr_n_minus_1__same_index,417.252,416.405,0.8470000000000368,False
QT_IntCorr_V1_iqr,framingham_per_beat_then_aggregate__global_rr_n_minus_1__same_index,93.38000000000005,95.075,1.6949999999999505,False
QT_IntCorr_V1_count,framingham_per_beat_then_aggregate__global_rr_n_minus_1__same_index,11.0,12.0,1.0,False
QT_IntCorr_V1,framingham_per_beat_then_aggregate__global_rr_n_minus_1__qt_next,415.71999999999997,416.405,0.6850000000000023,False
QT_IntCorr_V1_iqr,framingham_per_beat_then_aggregate__global_rr_n_minus_1__qt_next,95.68800000000005,95.075,0.6130000000000422,False
QT_IntCorr_V1_count,framingham_per_beat_then_aggregate__global_rr_n_minus_1__qt_next,11.0,12.0,1.0,False
QT_IntCorr_V1,framingham_median_then_correct__global_rr_n_minus_1,414.252,416.405,2.152999999999963,False
QT_IntCorr_V1_iqr,framingham_median_then_correct__global_rr_n_minus_1,,95.075,,False
QT_IntCorr_V1_count,framingham_median_then_correct__global_rr_n_minus_1,12.0,12.0,0.0,True
QT_IntCorr_V1,framingham_per_beat_then_aggregate__global_rr_padded__same_index,416.408,416.405,0.0030000000000427463,False
QT_IntCorr_V1_iqr,framingham_per_beat_then_aggregate__global_rr_padded__same_index,94.99700000000001,95.075,0.07799999999998875,False
QT_IntCorr_V1_count,framingham_per_beat_then_aggregate__global_rr_padded__same_index,12.0,12.0,0.0,True
QT_IntCorr_V1,framingham_per_beat_then_aggregate__global_rr_padded__qt_next,415.71999999999997,416.405,0.6850000000000023,False
QT_IntCorr_V1_iqr,framingham_per_beat_then_aggregate__global_rr_padded__qt_next,95.68800000000005,95.075,0.6130000000000422,False
QT_IntCorr_V1_count,framingham_per_beat_then_aggregate__global_rr_padded__qt_next,11.0,12.0,1.0,False
QT_IntCorr_V1,framingham_median_then_correct__global_rr_padded,414.56000000000006,416.405,1.8449999999999136,False
QT_IntCorr_V1_iqr,framingham_median_then_correct__global_rr_padded,,95.075,,False
QT_IntCorr_V1_count,framingham_median_then_correct__global_rr_padded,12.0,12.0,0.0,True
QT_IntCorr_V1,framingham_per_beat_then_aggregate__lead_rr_n_minus_1__same_index,416.944,416.405,0.5390000000000441,False
QT_IntCorr_V1_iqr,framingham_per_beat_then_aggregate__lead_rr_n_minus_1__same_index,93.22600000000006,95.075,1.848999999999947,False
QT_IntCorr_V1_count,framingham_per_beat_then_aggregate__lead_rr_n_minus_1__same_index,11.0,12.0,1.0,False
QT_IntCorr_V1,framingham_per_beat_then_aggregate__lead_rr_n_minus_1__qt_next,415.71999999999997,416.405,0.6850000000000023,False
QT_IntCorr_V1_iqr,framingham_per_beat_then_aggregate__lead_rr_n_minus_1__qt_next,95.226,95.075,0.15099999999999625,False
QT_IntCorr_V1_count,framingham_per_beat_then_aggregate__lead_rr_n_minus_1__qt_next,11.0,12.0,1.0,False
QT_IntCorr_V1,framingham_median_then_correct__lead_rr_n_minus_1,413.944,416.405,2.460999999999956,False
QT_IntCorr_V1_iqr,framingham_median_then_correct__lead_rr_n_minus_1,,95.075,,False
QT_IntCorr_V1_count,framingham_median_then_correct__lead_rr_n_minus_1,12.0,12.0,0.0,True
QT_IntCorr_V1,framingham_per_beat_then_aggregate__lead_rr_padded__same_index,416.408,416.405,0.0030000000000427463,False
QT_IntCorr_V1_iqr,framingham_per_beat_then_aggregate__lead_rr_padded__same_index,95.07400000000001,95.075,0.000999999999990564,False
QT_IntCorr_V1_count,framingham_per_beat_then_aggregate__lead_rr_padded__same_index,12.0,12.0,0.0,True
QT_IntCorr_V1,framingham_per_beat_then_aggregate__lead_rr_padded__qt_next,415.71999999999997,416.405,0.6850000000000023,False
QT_IntCorr_V1_iqr,framingham_per_beat_then_aggregate__lead_rr_padded__qt_next,95.226,95.075,0.15099999999999625,False
QT_IntCorr_V1_count,framingham_per_beat_then_aggregate__lead_rr_padded__qt_next,11.0,12.0,1.0,False
QT_IntCorr_V1,framingham_median_then_correct__lead_rr_padded,414.406,416.405,1.9989999999999668,False
QT_IntCorr_V1_iqr,framingham_median_then_correct__lead_rr_padded,,95.075,,False
QT_IntCorr_V1_count,framingham_median_then_correct__lead_rr_padded,12.0,12.0,0.0,True
QT_IntCorr_V1,bazett_per_beat_then_aggregate__global_rr_n_minus_1__same_index,427.05280788144273,416.405,10.647807881442759,False
QT_IntCorr_V1_iqr,bazett_per_beat_then_aggregate__global_rr_n_minus_1__same_index,96.05676605629878,95.075,0.9817660562987811,False
QT_IntCorr_V1_count,bazett_per_beat_then_aggregate__global_rr_n_minus_1__same_index,11.0,12.0,1.0,False
QT_IntCorr_V1,bazett_per_beat_then_aggregate__global_rr_n_minus_1__qt_next,428.4743211704046,416.405,12.069321170404635,False
QT_IntCorr_V1_iqr,bazett_per_beat_then_aggregate__global_rr_n_minus_1__qt_next,101.72903756115386,95.075,6.6540375611538565,False
QT_IntCorr_V1_count,bazett_per_beat_then_aggregate__global_rr_n_minus_1__qt_next,11.0,12.0,1.0,False
QT_IntCorr_V1,bazett_median_then_correct__global_rr_n_minus_1,423.29088581485087,416.405,6.885885814850894,False
QT_IntCorr_V1_iqr,bazett_median_then_correct__global_rr_n_minus_1,,95.075,,False
QT_IntCorr_V1_count,bazett_median_then_correct__global_rr_n_minus_1,12.0,12.0,0.0,True
QT_IntCorr_V1,bazett_per_beat_then_aggregate__global_rr_padded__same_index,426.78746091614244,416.405,10.382460916142463,False
QT_IntCorr_V1_iqr,bazett_per_beat_then_aggregate__global_rr_padded__same_index,99.08710021517993,95.075,4.012100215179927,False
QT_IntCorr_V1_count,bazett_per_beat_then_aggregate__global_rr_padded__same_index,12.0,12.0,0.0,True
QT_IntCorr_V1,bazett_per_beat_then_aggregate__global_rr_padded__qt_next,428.4743211704046,416.405,12.069321170404635,False
QT_IntCorr_V1_iqr,bazett_per_beat_then_aggregate__global_rr_padded__qt_next,101.72903756115386,95.075,6.6540375611538565,False
QT_IntCorr_V1_count,bazett_per_beat_then_aggregate__global_rr_padded__qt_next,11.0,12.0,1.0,False
QT_IntCorr_V1,bazett_median_then_correct__global_rr_padded,423.78279868951296,416.405,7.377798689512986,False
QT_IntCorr_V1_iqr,bazett_median_then_correct__global_rr_padded,,95.075,,False
QT_IntCorr_V1_count,bazett_median_then_correct__global_rr_padded,12.0,12.0,0.0,True
QT_IntCorr_V1,bazett_per_beat_then_aggregate__lead_rr_n_minus_1__same_index,427.56578441217675,416.405,11.160784412176781,False
QT_IntCorr_V1_iqr,bazett_per_beat_then_aggregate__lead_rr_n_minus_1__same_index,95.88303203867059,95.075,0.8080320386705893,False
QT_IntCorr_V1_count,bazett_per_beat_then_aggregate__lead_rr_n_minus_1__same_index,11.0,12.0,1.0,False
QT_IntCorr_V1,bazett_per_beat_then_aggregate__lead_rr_n_minus_1__qt_next,428.4743211704046,416.405,12.069321170404635,False
QT_IntCorr_V1_iqr,bazett_per_beat_then_aggregate__lead_rr_n_minus_1__qt_next,100.88710442786623,95.075,5.812104427866231,False
QT_IntCorr_V1_count,bazett_per_beat_then_aggregate__lead_rr_n_minus_1__qt_next,11.0,12.0,1.0,False
QT_IntCorr_V1,bazett_median_then_correct__lead_rr_n_minus_1,422.80068196097636,416.405,6.39568196097639,False
QT_IntCorr_V1_iqr,bazett_median_then_correct__lead_rr_n_minus_1,,95.075,,False
QT_IntCorr_V1_count,bazett_median_then_correct__lead_rr_n_minus_1,12.0,12.0,0.0,True
QT_IntCorr_V1,bazett_per_beat_then_aggregate__lead_rr_padded__same_index,427.17613206299177,416.405,10.771132062991796,False
QT_IntCorr_V1_iqr,bazett_per_beat_then_aggregate__lead_rr_padded__same_index,99.06122068672306,95.075,3.9862206867230583,False
QT_IntCorr_V1_count,bazett_per_beat_then_aggregate__lead_rr_padded__same_index,12.0,12.0,0.0,True
QT_IntCorr_V1,bazett_per_beat_then_aggregate__lead_rr_padded__qt_next,428.4743211704046,416.405,12.069321170404635,False
QT_IntCorr_V1_iqr,bazett_per_beat_then_aggregate__lead_rr_padded__qt_next,100.88710442786623,95.075,5.812104427866231,False
QT_IntCorr_V1_count,bazett_per_beat_then_aggregate__lead_rr_padded__qt_next,11.0,12.0,1.0,False
QT_IntCorr_V1,bazett_median_then_correct__lead_rr_padded,423.5366280043841,416.405,7.13162800438414,False
QT_IntCorr_V1_iqr,bazett_median_then_correct__lead_rr_padded,,95.075,,False
QT_IntCorr_V1_count,bazett_median_then_correct__lead_rr_padded,12.0,12.0,0.0,True
QT_IntCorr_V1,fridericia_per_beat_then_aggregate__global_rr_n_minus_1__same_index,416.09525567082545,416.405,0.30974432917452077,False
QT_IntCorr_V1_iqr,fridericia_per_beat_then_aggregate__global_rr_n_minus_1__same_index,97.92626679002012,95.075,2.8512667900201194,False
QT_IntCorr_V1_count,fridericia_per_beat_then_aggregate__global_rr_n_minus_1__same_index,11.0,12.0,1.0,False
QT_IntCorr_V1,fridericia_per_beat_then_aggregate__global_rr_n_minus_1__qt_next,414.5342714294344,416.405,1.870728570565575,False
QT_IntCorr_V1_iqr,fridericia_per_beat_then_aggregate__global_rr_n_minus_1__qt_next,99.65663233114645,95.075,4.5816323311464515,False
QT_IntCorr_V1_count,fridericia_per_beat_then_aggregate__global_rr_n_minus_1__qt_next,11.0,12.0,1.0,False
QT_IntCorr_V1,fridericia_median_then_correct__global_rr_n_minus_1,412.94301888544044,416.405,3.461981114559535,False
QT_IntCorr_V1_iqr,fridericia_median_then_correct__global_rr_n_minus_1,,95.075,,False
QT_IntCorr_V1_count,fridericia_median_then_correct__global_rr_n_minus_1,12.0,12.0,0.0,True
QT_IntCorr_V1,fridericia_per_beat_then_aggregate__global_rr_padded__same_index,415.2108200331634,416.405,1.1941799668366002,False
QT_IntCorr_V1_iqr,fridericia_per_beat_then_aggregate__global_rr_padded__same_index,99.31911242229648,95.075,4.244112422296482,False
QT_IntCorr_V1_count,fridericia_per_beat_then_aggregate__global_rr_padded__same_index,12.0,12.0,0.0,True
QT_IntCorr_V1,fridericia_per_beat_then_aggregate__global_rr_padded__qt_next,414.5342714294344,416.405,1.870728570565575,False
QT_IntCorr_V1_iqr,fridericia_per_beat_then_aggregate__global_rr_padded__qt_next,99.65663233114645,95.075,4.5816323311464515,False
QT_IntCorr_V1_count,fridericia_per_beat_then_aggregate__global_rr_padded__qt_next,11.0,12.0,1.0,False
QT_IntCorr_V1,fridericia_median_then_correct__global_rr_padded,413.2628819249427,416.405,3.142118075057283,False
QT_IntCorr_V1_iqr,fridericia_median_then_correct__global_rr_padded,,95.075,,False
QT_IntCorr_V1_count,fridericia_median_then_correct__global_rr_padded,12.0,12.0,0.0,True
QT_IntCorr_V1,fridericia_per_beat_then_aggregate__lead_rr_n_minus_1__same_index,415.77394646530814,416.405,0.63105353469183,False
QT_IntCorr_V1_iqr,fridericia_per_beat_then_aggregate__lead_rr_n_minus_1__same_index,97.7583524255748,95.075,2.683352425574796,False
QT_IntCorr_V1_count,fridericia_per_beat_then_aggregate__lead_rr_n_minus_1__same_index,11.0,12.0,1.0,False
QT_IntCorr_V1,fridericia_per_beat_then_aggregate__lead_rr_n_minus_1__qt_next,414.5342714294344,416.405,1.870728570565575,False
QT_IntCorr_V1_iqr,fridericia_per_beat_then_aggregate__lead_rr_n_minus_1__qt_next,99.12101999577288,95.075,4.04601999577288,False
QT_IntCorr_V1_count,fridericia_per_beat_then_aggregate__lead_rr_n_minus_1__qt_next,11.0,12.0,1.0,False
QT_IntCorr_V1,fridericia_median_then_correct__lead_rr_n_minus_1,412.624143840571,416.405,3.7808561594289927,False
QT_IntCorr_V1_iqr,fridericia_median_then_correct__lead_rr_n_minus_1,,95.075,,False
QT_IntCorr_V1_count,fridericia_median_then_correct__lead_rr_n_minus_1,12.0,12.0,0.0,True
QT_IntCorr_V1,fridericia_per_beat_then_aggregate__lead_rr_padded__same_index,415.21602874561177,416.405,1.188971254388207,False
QT_IntCorr_V1_iqr,fridericia_per_beat_then_aggregate__lead_rr_padded__same_index,99.39741125646924,95.075,4.322411256469238,False
QT_IntCorr_V1_count,fridericia_per_beat_then_aggregate__lead_rr_padded__same_index,12.0,12.0,0.0,True
QT_IntCorr_V1,fridericia_per_beat_then_aggregate__lead_rr_padded__qt_next,414.5342714294344,416.405,1.870728570565575,False
QT_IntCorr_V1_iqr,fridericia_per_beat_then_aggregate__lead_rr_padded__qt_next,99.12101999577288,95.075,4.04601999577288,False
QT_IntCorr_V1_count,fridericia_per_beat_then_aggregate__lead_rr_padded__qt_next,11.0,12.0,1.0,False
QT_IntCorr_V1,fridericia_median_then_correct__lead_rr_padded,413.10282657124054,416.405,3.3021734287594313,False
QT_IntCorr_V1_iqr,fridericia_median_then_correct__lead_rr_padded,,95.075,,False
QT_IntCorr_V1_count,fridericia_median_then_correct__lead_rr_padded,12.0,12.0,0.0,True
QT_IntCorr_V1,hodges_per_beat_then_aggregate__global_rr_n_minus_1__same_index,412.8097447795824,416.405,3.5952552204175845,False
QT_IntCorr_V1_iqr,hodges_per_beat_then_aggregate__global_rr_n_minus_1__same_index,93.67312607126098,95.075,1.4018739287390218,False
QT_IntCorr_V1_count,hodges_per_beat_then_aggregate__global_rr_n_minus_1__same_index,11.0,12.0,1.0,False
QT_IntCorr_V1,hodges_per_beat_then_aggregate__global_rr_n_minus_1__qt_next,411.0487804878049,416.405,5.356219512195082,False
QT_IntCorr_V1_iqr,hodges_per_beat_then_aggregate__global_rr_n_minus_1__qt_next,96.31266528505512,95.075,1.2376652850551153,False
QT_IntCorr_V1_count,hodges_per_beat_then_aggregate__global_rr_n_minus_1__qt_next,11.0,12.0,1.0,False
QT_IntCorr_V1,hodges_median_then_correct__global_rr_n_minus_1,409.8097447795824,416.405,6.5952552204175845,False
QT_IntCorr_V1_iqr,hodges_median_then_correct__global_rr_n_minus_1,,95.075,,False
QT_IntCorr_V1_count,hodges_median_then_correct__global_rr_n_minus_1,12.0,12.0,0.0,True
QT_IntCorr_V1,hodges_per_beat_then_aggregate__global_rr_padded__same_index,411.85451267756093,416.405,4.550487322439039,False
QT_IntCorr_V1_iqr,hodges_per_beat_then_aggregate__global_rr_padded__same_index,95.32913239549652,95.075,0.25413239549651223,False
QT_IntCorr_V1_count,hodges_per_beat_then_aggregate__global_rr_padded__same_index,12.0,12.0,0.0,True
QT_IntCorr_V1,hodges_per_beat_then_aggregate__global_rr_padded__qt_next,411.0487804878049,416.405,5.356219512195082,False
QT_IntCorr_V1_iqr,hodges_per_beat_then_aggregate__global_rr_padded__qt_next,96.31266528505512,95.075,1.2376652850551153,False
QT_IntCorr_V1_count,hodges_per_beat_then_aggregate__global_rr_padded__qt_next,11.0,12.0,1.0,False
QT_IntCorr_V1,hodges_median_then_correct__global_rr_padded,410.09302325581393,416.405,6.31197674418604,False
QT_IntCorr_V1_iqr,hodges_median_then_correct__global_rr_padded,,95.075,,False
QT_IntCorr_V1_count,hodges_median_then_correct__global_rr_padded,12.0,12.0,0.0,True
QT_IntCorr_V1,hodges_per_beat_then_aggregate__lead_rr_n_minus_1__same_index,412.52777777777777,416.405,3.8772222222222013,False
QT_IntCorr_V1_iqr,hodges_per_beat_then_aggregate__lead_rr_n_minus_1__same_index,93.51658721980891,95.075,1.558412780191091,False
QT_IntCorr_V1_count,hodges_per_beat_then_aggregate__lead_rr_n_minus_1__same_index,11.0,12.0,1.0,False
QT_IntCorr_V1,hodges_per_beat_then_aggregate__lead_rr_n_minus_1__qt_next,411.0487804878049,416.405,5.356219512195082,False
QT_IntCorr_V1_iqr,hodges_per_beat_then_aggregate__lead_rr_n_minus_1__qt_next,95.90938855051752,95.075,0.8343885505175166,False
QT_IntCorr_V1_count,hodges_per_beat_then_aggregate__lead_rr_n_minus_1__qt_next,11.0,12.0,1.0,False
QT_IntCorr_V1,hodges_median_then_correct__lead_rr_n_minus_1,409.52777777777777,416.405,6.877222222222201,False
QT_IntCorr_V1_iqr,hodges_median_then_correct__lead_rr_n_minus_1,,95.075,,False
QT_IntCorr_V1_count,hodges_median_then_correct__lead_rr_n_minus_1,12.0,12.0,0.0,True
QT_IntCorr_V1,hodges_per_beat_then_aggregate__lead_rr_padded__same_index,411.86485042735046,416.405,4.540149572649511,False
QT_IntCorr_V1_iqr,hodges_per_beat_then_aggregate__lead_rr_padded__same_index,95.39962414594766,95.075,0.3246241459476522,False
QT_IntCorr_V1_count,hodges_per_beat_then_aggregate__lead_rr_padded__same_index,12.0,12.0,0.0,True
QT_IntCorr_V1,hodges_per_beat_then_aggregate__lead_rr_padded__qt_next,411.0487804878049,416.405,5.356219512195082,False
QT_IntCorr_V1_iqr,hodges_per_beat_then_aggregate__lead_rr_padded__qt_next,95.90938855051752,95.075,0.8343885505175166,False
QT_IntCorr_V1_count,hodges_per_beat_then_aggregate__lead_rr_padded__qt_next,11.0,12.0,1.0,False
QT_IntCorr_V1,hodges_median_then_correct__lead_rr_padded,409.9512195121951,416.405,6.453780487804863,False
QT_IntCorr_V1_iqr,hodges_median_then_correct__lead_rr_padded,,95.075,,False
QT_IntCorr_V1_count,hodges_median_then_correct__lead_rr_padded,12.0,12.0,0.0,True
QT_IntCorr_V2,framingham_per_beat_then_aggregate__global_rr_n_minus_1__same_index,467.564,466.405,1.1590000000000487,False
QT_IntCorr_V2_iqr,framingham_per_beat_then_aggregate__global_rr_n_minus_1__same_index,11.161999999999978,11.120000000000005,0.04199999999997317,False
QT_IntCorr_V2_count,framingham_per_beat_then_aggregate__global_rr_n_minus_1__same_index,11.0,12.0,1.0,False
QT_IntCorr_V2,framingham_per_beat_then_aggregate__global_rr_n_minus_1__qt_next,464.94,466.405,1.464999999999975,False
QT_IntCorr_V2_iqr,framingham_per_beat_then_aggregate__global_rr_n_minus_1__qt_next,16.391999999999996,11.120000000000005,5.271999999999991,False
QT_IntCorr_V2_count,framingham_per_beat_then_aggregate__global_rr_n_minus_1__qt_next,11.0,12.0,1.0,False
QT_IntCorr_V2,framingham_median_then_correct__global_rr_n_minus_1,469.252,466.405,2.847000000000037,False
QT_IntCorr_V2_iqr,framingham_median_then_correct__global_rr_n_minus_1,,11.120000000000005,,False
QT_IntCorr_V2_count,framingham_median_then_correct__global_rr_n_minus_1,12.0,12.0,0.0,True
QT_IntCorr_V2,framingham_per_beat_then_aggregate__global_rr_padded__same_index,466.406,466.405,0.0010000000000331966,False
QT_IntCorr_V2_iqr,framingham_per_beat_then_aggregate__global_rr_padded__same_index,11.117000000000019,11.120000000000005,0.002999999999985903,False
QT_IntCorr_V2_count,framingham_per_beat_then_aggregate__global_rr_padded__same_index,12.0,12.0,0.0,True
QT_IntCorr_V2,framingham_per_beat_then_aggregate__global_rr_padded__qt_next,464.94,466.405,1.464999999999975,False
QT_IntCorr_V2_iqr,framingham_per_beat_then_aggregate__global_rr_padded__qt_next,16.391999999999996,11.120000000000005,5.271999999999991,False
QT_IntCorr_V2_count,framingham_per_beat_then_aggregate__global_rr_padded__qt_next,11.0,12.0,1.0,False
QT_IntCorr_V2,framingham_median_then_correct__global_rr_padded,469.56000000000006,466.405,3.1550000000000864,False
QT_IntCorr_V2_iqr,framingham_median_then_correct__global_rr_padded,,11.120000000000005,,False
QT_IntCorr_V2_count,framingham_median_then_correct__global_rr_padded,12.0,12.0,0.0,True
QT_IntCorr_V2,framingham_per_beat_then_aggregate__lead_rr_n_minus_1__same_index,467.872,466.405,1.4670000000000414,False
QT_IntCorr_V2_iqr,framingham_per_beat_then_aggregate__lead_rr_n_minus_1__same_index,11.315999999999974,11.120000000000005,0.19599999999996953,False
QT_IntCorr_V2_count,framingham_per_beat_then_aggregate__lead_rr_n_minus_1__same_index,11.0,12.0,1.0,False
QT_IntCorr_V2,framingham_per_beat_then_aggregate__lead_rr_n_minus_1__qt_next,464.94,466.405,1.464999999999975,False
QT_IntCorr_V2_iqr,framingham_per_beat_then_aggregate__lead_rr_n_minus_1__qt_next,16.69999999999999,11.120000000000005,5.579999999999984,False
QT_IntCorr_V2_count,framingham_per_beat_then_aggregate__lead_rr_n_minus_1__qt_next,11.0,12.0,1.0,False
QT_IntCorr_V2,framingham_median_then_correct__lead_rr_n_minus_1,469.252,466.405,2.847000000000037,False
QT_IntCorr_V2_iqr,framingham_median_then_correct__lead_rr_n_minus_1,,11.120000000000005,,False
QT_IntCorr_V2_count,framingham_median_then_correct__lead_rr_n_minus_1,12.0,12.0,0.0,True
QT_IntCorr_V2,framingham_per_beat_then_aggregate__lead_rr_padded__same_index,466.406,466.405,0.0010000000000331966,False
QT_IntCorr_V2_iqr,framingham_per_beat_then_aggregate__lead_rr_padded__same_index,11.117000000000019,11.120000000000005,0.002999999999985903,False
QT_IntCorr_V2_count,framingham_per_beat_then_aggregate__lead_rr_padded__same_index,12.0,12.0,0.0,True
QT_IntCorr_V2,framingham_per_beat_then_aggregate__lead_rr_padded__qt_next,464.94,466.405,1.464999999999975,False
QT_IntCorr_V2_iqr,framingham_per_beat_then_aggregate__lead_rr_padded__qt_next,16.69999999999999,11.120000000000005,5.579999999999984,False
QT_IntCorr_V2_count,framingham_per_beat_then_aggregate__lead_rr_padded__qt_next,11.0,12.0,1.0,False
QT_IntCorr_V2,framingham_median_then_correct__lead_rr_padded,469.56000000000006,466.405,3.1550000000000864,False
QT_IntCorr_V2_iqr,framingham_median_then_correct__lead_rr_padded,,11.120000000000005,,False
QT_IntCorr_V2_count,framingham_median_then_correct__lead_rr_padded,12.0,12.0,0.0,True
QT_IntCorr_V2,bazett_per_beat_then_aggregate__global_rr_n_minus_1__same_index,480.3064156073321,466.405,13.901415607332126,False
QT_IntCorr_V2_iqr,bazett_per_beat_then_aggregate__global_rr_n_minus_1__same_index,14.895783929413028,11.120000000000005,3.7757839294130235,False
QT_IntCorr_V2_count,bazett_per_beat_then_aggregate__global_rr_n_minus_1__same_index,11.0,12.0,1.0,False
QT_IntCorr_V2,bazett_per_beat_then_aggregate__global_rr_n_minus_1__qt_next,474.8790502428493,466.405,8.47405024284933,False
QT_IntCorr_V2_iqr,bazett_per_beat_then_aggregate__global_rr_n_minus_1__qt_next,21.04624217751416,11.120000000000005,9.926242177514155,False
QT_IntCorr_V2_count,bazett_per_beat_then_aggregate__global_rr_n_minus_1__qt_next,11.0,12.0,1.0,False
QT_IntCorr_V2,bazett_median_then_correct__global_rr_n_minus_1,482.5300683080234,466.405,16.1250683080234,False
QT_IntCorr_V2_iqr,bazett_median_then_correct__global_rr_n_minus_1,,11.120000000000005,,False
QT_IntCorr_V2_count,bazett_median_then_correct__global_rr_n_minus_1,12.0,12.0,0.0,True
QT_IntCorr_V2,bazett_per_beat_then_aggregate__global_rr_padded__same_index,478.77671140418784,466.405,12.371711404187863,False
QT_IntCorr_V2_iqr,bazett_per_beat_then_aggregate__global_rr_padded__same_index,15.061173238114918,11.120000000000005,3.9411732381149136,False
QT_IntCorr_V2_count,bazett_per_beat_then_aggregate__global_rr_padded__same_index,12.0,12.0,0.0,True
QT_IntCorr_V2,bazett_per_beat_then_aggregate__global_rr_padded__qt_next,474.8790502428493,466.405,8.47405024284933,False
QT_IntCorr_V2_iqr,bazett_per_beat_then_aggregate__global_rr_padded__qt_next,21.04624217751416,11.120000000000005,9.926242177514155,False
QT_IntCorr_V2_count,bazett_per_beat_then_aggregate__global_rr_padded__qt_next,11.0,12.0,1.0,False
QT_IntCorr_V2,bazett_median_then_correct__global_rr_padded,483.0908239514041,466.405,16.68582395140413,False
QT_IntCorr_V2_iqr,bazett_median_then_correct__global_rr_padded,,11.120000000000005,,False
QT_IntCorr_V2_count,bazett_median_then_correct__global_rr_padded,12.0,12.0,0.0,True
QT_IntCorr_V2,bazett_per_beat_then_aggregate__lead_rr_n_minus_1__same_index,480.3064156073321,466.405,13.901415607332126,False
QT_IntCorr_V2_iqr,bazett_per_beat_then_aggregate__lead_rr_n_minus_1__same_index,15.163020395673357,11.120000000000005,4.043020395673352,False
QT_IntCorr_V2_count,bazett_per_beat_then_aggregate__lead_rr_n_minus_1__same_index,11.0,12.0,1.0,False
QT_IntCorr_V2,bazett_per_beat_then_aggregate__lead_rr_n_minus_1__qt_next,474.8790502428493,466.405,8.47405024284933,False
QT_IntCorr_V2_iqr,bazett_per_beat_then_aggregate__lead_rr_n_minus_1__qt_next,21.60453225802121,11.120000000000005,10.484532258021204,False
QT_IntCorr_V2_count,bazett_per_beat_then_aggregate__lead_rr_n_minus_1__qt_next,11.0,12.0,1.0,False
QT_IntCorr_V2,bazett_median_then_correct__lead_rr_n_minus_1,482.5300683080234,466.405,16.1250683080234,False
QT_IntCorr_V2_iqr,bazett_median_then_correct__lead_rr_n_minus_1,,11.120000000000005,,False
QT_IntCorr_V2_count,bazett_median_then_correct__lead_rr_n_minus_1,12.0,12.0,0.0,True
QT_IntCorr_V2,bazett_per_beat_then_aggregate__lead_rr_padded__same_index,478.77671140418784,466.405,12.371711404187863,False
QT_IntCorr_V2_iqr,bazett_per_beat_then_aggregate__lead_rr_padded__same_index,15.485060559170961,11.120000000000005,4.365060559170956,False
QT_IntCorr_V2_count,bazett_per_beat_then_aggregate__lead_rr_padded__same_index,12.0,12.0,0.0,True
QT_IntCorr_V2,bazett_per_beat_then_aggregate__lead_rr_padded__qt_next,474.8790502428493,466.405,8.47405024284933,False
QT_IntCorr_V2_iqr,bazett_per_beat_then_aggregate__lead_rr_padded__qt_next,21.60453225802121,11.120000000000005,10.484532258021204,False
QT_IntCorr_V2_count,bazett_per_beat_then_aggregate__lead_rr_padded__qt_next,11.0,12.0,1.0,False
QT_IntCorr_V2,bazett_median_then_correct__lead_rr_padded,483.0908239514041,466.405,16.68582395140413,False
QT_IntCorr_V2_iqr,bazett_median_then_correct__lead_rr_padded,,11.120000000000005,,False
QT_IntCorr_V2_count,bazett_median_then_correct__lead_rr_padded,12.0,12.0,0.0,True
QT_IntCorr_V2,fridericia_per_beat_then_aggregate__global_rr_n_minus_1__same_index,469.28671839995366,466.405,2.8817183999536837,False
QT_IntCorr_V2_iqr,fridericia_per_beat_then_aggregate__global_rr_n_minus_1__same_index,12.694154818217044,11.120000000000005,1.574154818217039,False
QT_IntCorr_V2_count,fridericia_per_beat_then_aggregate__global_rr_n_minus_1__same_index,11.0,12.0,1.0,False
QT_IntCorr_V2,fridericia_per_beat_then_aggregate__global_rr_n_minus_1__qt_next,465.744796833979,466.405,0.6602031660209491,False
QT_IntCorr_V2_iqr,fridericia_per_beat_then_aggregate__global_rr_n_minus_1__qt_next,17.87620298817012,11.120000000000005,6.756202988170116,False
QT_IntCorr_V2_count,fridericia_per_beat_then_aggregate__global_rr_n_minus_1__qt_next,11.0,12.0,1.0,False
QT_IntCorr_V2,fridericia_median_then_correct__global_rr_n_minus_1,470.7340266174995,466.405,4.329026617499551,False
QT_IntCorr_V2_iqr,fridericia_median_then_correct__global_rr_n_minus_1,,11.120000000000005,,False
QT_IntCorr_V2_count,fridericia_median_then_correct__global_rr_n_minus_1,12.0,12.0,0.0,True
QT_IntCorr_V2,fridericia_per_beat_then_aggregate__global_rr_padded__same_index,467.69045565579245,466.405,1.2854556557924752,False
QT_IntCorr_V2_iqr,fridericia_per_beat_then_aggregate__global_rr_padded__same_index,11.991960319383566,11.120000000000005,0.871960319383561,False
QT_IntCorr_V2_count,fridericia_per_beat_then_aggregate__global_rr_padded__same_index,12.0,12.0,0.0,True
QT_IntCorr_V2,fridericia_per_beat_then_aggregate__global_rr_padded__qt_next,465.744796833979,466.405,0.6602031660209491,False
QT_IntCorr_V2_iqr,fridericia_per_beat_then_aggregate__global_rr_padded__qt_next,17.87620298817012,11.120000000000005,6.756202988170116,False
QT_IntCorr_V2_count,fridericia_per_beat_then_aggregate__global_rr_padded__qt_next,11.0,12.0,1.0,False
QT_IntCorr_V2,fridericia_median_then_correct__global_rr_padded,471.09865420451484,466.405,4.693654204514871,False
QT_IntCorr_V2_iqr,fridericia_median_then_correct__global_rr_padded,,11.120000000000005,,False
QT_IntCorr_V2_count,fridericia_median_then_correct__global_rr_padded,12.0,12.0,0.0,True
QT_IntCorr_V2,fridericia_per_beat_then_aggregate__lead_rr_n_minus_1__same_index,469.28671839995366,466.405,2.8817183999536837,False
QT_IntCorr_V2_iqr,fridericia_per_beat_then_aggregate__lead_rr_n_minus_1__same_index,12.694154818217044,11.120000000000005,1.574154818217039,False
QT_IntCorr_V2_count,fridericia_per_beat_then_aggregate__lead_rr_n_minus_1__same_index,11.0,12.0,1.0,False
QT_IntCorr_V2,fridericia_per_beat_then_aggregate__lead_rr_n_minus_1__qt_next,465.744796833979,466.405,0.6602031660209491,False
QT_IntCorr_V2_iqr,fridericia_per_beat_then_aggregate__lead_rr_n_minus_1__qt_next,18.239091488331326,11.120000000000005,7.119091488331321,False
QT_IntCorr_V2_count,fridericia_per_beat_then_aggregate__lead_rr_n_minus_1__qt_next,11.0,12.0,1.0,False
QT_IntCorr_V2,fridericia_median_then_correct__lead_rr_n_minus_1,470.7340266174995,466.405,4.329026617499551,False
QT_IntCorr_V2_iqr,fridericia_median_then_correct__lead_rr_n_minus_1,,11.120000000000005,,False
QT_IntCorr_V2_count,fridericia_median_then_correct__lead_rr_n_minus_1,12.0,12.0,0.0,True
QT_IntCorr_V2,fridericia_per_beat_then_aggregate__lead_rr_padded__same_index,467.5157576169663,466.405,1.110757616966339,False
QT_IntCorr_V2_iqr,fridericia_per_beat_then_aggregate__lead_rr_padded__same_index,12.075787561972504,11.120000000000005,0.9557875619724996,False
QT_IntCorr_V2_count,fridericia_per_beat_then_aggregate__lead_rr_padded__same_index,12.0,12.0,0.0,True
QT_IntCorr_V2,fridericia_per_beat_then_aggregate__lead_rr_padded__qt_next,465.744796833979,466.405,0.6602031660209491,False
QT_IntCorr_V2_iqr,fridericia_per_beat_then_aggregate__lead_rr_padded__qt_next,18.239091488331326,11.120000000000005,7.119091488331321,False
QT_IntCorr_V2_count,fridericia_per_beat_then_aggregate__lead_rr_padded__qt_next,11.0,12.0,1.0,False
QT_IntCorr_V2,fridericia_median_then_correct__lead_rr_padded,471.09865420451484,466.405,4.693654204514871,False
QT_IntCorr_V2_iqr,fridericia_median_then_correct__lead_rr_padded,,11.120000000000005,,False
QT_IntCorr_V2_count,fridericia_median_then_correct__lead_rr_padded,12.0,12.0,0.0,True
QT_IntCorr_V2,hodges_per_beat_then_aggregate__global_rr_n_minus_1__same_index,462.89928057553954,466.405,3.5057194244604375,False
QT_IntCorr_V2_iqr,hodges_per_beat_then_aggregate__global_rr_n_minus_1__same_index,10.366897372640437,11.120000000000005,0.7531026273595671,False
QT_IntCorr_V2_count,hodges_per_beat_then_aggregate__global_rr_n_minus_1__same_index,11.0,12.0,1.0,False
QT_IntCorr_V2,hodges_per_beat_then_aggregate__global_rr_n_minus_1__qt_next,460.97752808988764,466.405,5.427471910112331,False
QT_IntCorr_V2_iqr,hodges_per_beat_then_aggregate__global_rr_n_minus_1__qt_next,15.947536520259405,11.120000000000005,4.8275365202594,False
QT_IntCorr_V2_count,hodges_per_beat_then_aggregate__global_rr_n_minus_1__qt_next,11.0,12.0,1.0,False
QT_IntCorr_V2,hodges_median_then_correct__global_rr_n_minus_1,464.8097447795824,466.405,1.5952552204175845,False
QT_IntCorr_V2_iqr,hodges_median_then_correct__global_rr_n_minus_1,,11.120000000000005,,False
QT_IntCorr_V2_count,hodges_median_then_correct__global_rr_n_minus_1,12.0,12.0,0.0,True
QT_IntCorr_V2,hodges_per_beat_then_aggregate__global_rr_padded__same_index,462.0712619093914,466.405,4.333738090608563,False
QT_IntCorr_V2_iqr,hodges_per_beat_then_aggregate__global_rr_padded__same_index,11.055750379304754,11.120000000000005,0.06424962069525009,False
QT_IntCorr_V2_count,hodges_per_beat_then_aggregate__global_rr_padded__same_index,12.0,12.0,0.0,True
QT_IntCorr_V2,hodges_per_beat_then_aggregate__global_rr_padded__qt_next,460.97752808988764,466.405,5.427471910112331,False
QT_IntCorr_V2_iqr,hodges_per_beat_then_aggregate__global_rr_padded__qt_next,15.947536520259405,11.120000000000005,4.8275365202594,False
QT_IntCorr_V2_count,hodges_per_beat_then_aggregate__global_rr_padded__qt_next,11.0,12.0,1.0,False
QT_IntCorr_V2,hodges_median_then_correct__global_rr_padded,465.09302325581393,466.405,1.3119767441860404,False
QT_IntCorr_V2_iqr,hodges_median_then_correct__global_rr_padded,,11.120000000000005,,False
QT_IntCorr_V2_count,hodges_median_then_correct__global_rr_padded,12.0,12.0,0.0,True
QT_IntCorr_V2,hodges_per_beat_then_aggregate__lead_rr_n_minus_1__same_index,463.2019230769231,466.405,3.2030769230768783,False
QT_IntCorr_V2_iqr,hodges_per_beat_then_aggregate__lead_rr_n_minus_1__same_index,10.49014722474061,11.120000000000005,0.6298527752593941,False
QT_IntCorr_V2_count,hodges_per_beat_then_aggregate__lead_rr_n_minus_1__same_index,11.0,12.0,1.0,False
QT_IntCorr_V2,hodges_per_beat_then_aggregate__lead_rr_n_minus_1__qt_next,460.97752808988764,466.405,5.427471910112331,False
QT_IntCorr_V2_iqr,hodges_per_beat_then_aggregate__lead_rr_n_minus_1__qt_next,16.23171534762895,11.120000000000005,5.1117153476289445,False
QT_IntCorr_V2_count,hodges_per_beat_then_aggregate__lead_rr_n_minus_1__qt_next,11.0,12.0,1.0,False
QT_IntCorr_V2,hodges_median_then_correct__lead_rr_n_minus_1,464.8097447795824,466.405,1.5952552204175845,False
QT_IntCorr_V2_iqr,hodges_median_then_correct__lead_rr_n_minus_1,,11.120000000000005,,False
QT_IntCorr_V2_count,hodges_median_then_correct__lead_rr_n_minus_1,12.0,12.0,0.0,True
QT_IntCorr_V2,hodges_per_beat_then_aggregate__lead_rr_padded__same_index,462.08972558340537,466.405,4.315274416594605,False
QT_IntCorr_V2_iqr,hodges_per_beat_then_aggregate__lead_rr_padded__same_index,11.055750379304754,11.120000000000005,0.06424962069525009,False
QT_IntCorr_V2_count,hodges_per_beat_then_aggregate__lead_rr_padded__same_index,12.0,12.0,0.0,True
QT_IntCorr_V2,hodges_per_beat_then_aggregate__lead_rr_padded__qt_next,460.97752808988764,466.405,5.427471910112331,False
QT_IntCorr_V2_iqr,hodges_per_beat_then_aggregate__lead_rr_padded__qt_next,16.23171534762895,11.120000000000005,5.1117153476289445,False
QT_IntCorr_V2_count,hodges_per_beat_then_aggregate__lead_rr_padded__qt_next,11.0,12.0,1.0,False
QT_IntCorr_V2,hodges_median_then_correct__lead_rr_padded,465.09302325581393,466.405,1.3119767441860404,False
QT_IntCorr_V2_iqr,hodges_median_then_correct__lead_rr_padded,,11.120000000000005,,False
QT_IntCorr_V2_count,hodges_median_then_correct__lead_rr_padded,12.0,12.0,0.0,True
QT_IntCorr_V3,framingham_per_beat_then_aggregate__global_rr_n_minus_1__same_index,437.71999999999997,437.33,0.38999999999998636,False
QT_IntCorr_V3_iqr,framingham_per_beat_then_aggregate__global_rr_n_minus_1__same_index,5.7719999999999345,7.00750000000005,1.2355000000001155,False
QT_IntCorr_V3_count,framingham_per_beat_then_aggregate__global_rr_n_minus_1__same_index,11.0,12.0,1.0,False
QT_IntCorr_V3,framingham_per_beat_then_aggregate__global_rr_n_minus_1__qt_next,437.25199999999995,437.33,0.07800000000003138,False
QT_IntCorr_V3_iqr,framingham_per_beat_then_aggregate__global_rr_n_minus_1__qt_next,5.391999999999996,7.00750000000005,1.6155000000000541,False
QT_IntCorr_V3_count,framingham_per_beat_then_aggregate__global_rr_n_minus_1__qt_next,11.0,12.0,1.0,False
QT_IntCorr_V3,framingham_median_then_correct__global_rr_n_minus_1,437.25199999999995,437.33,0.07800000000003138,False
QT_IntCorr_V3_iqr,framingham_median_then_correct__global_rr_n_minus_1,,7.00750000000005,,False
QT_IntCorr_V3_count,framingham_median_then_correct__global_rr_n_minus_1,12.0,12.0,0.0,True
QT_IntCorr_V3,framingham_per_beat_then_aggregate__global_rr_padded__same_index,437.486,437.33,0.1560000000000059,False
QT_IntCorr_V3_iqr,framingham_per_beat_then_aggregate__global_rr_padded__same_index,6.930000000000007,7.00750000000005,0.0775000000000432,False
QT_IntCorr_V3_count,framingham_per_beat_then_aggregate__global_rr_padded__same_index,12.0,12.0,0.0,True
QT_IntCorr_V3,framingham_per_beat_then_aggregate__global_rr_padded__qt_next,437.25199999999995,437.33,0.07800000000003138,False
QT_IntCorr_V3_iqr,framingham_per_beat_then_aggregate__global_rr_padded__qt_next,5.391999999999996,7.00750000000005,1.6155000000000541,False
QT_IntCorr_V3_count,framingham_per_beat_then_aggregate__global_rr_padded__qt_next,11.0,12.0,1.0,False
QT_IntCorr_V3,framingham_median_then_correct__global_rr_padded,437.56,437.33,0.2300000000000182,False
QT_IntCorr_V3_iqr,framingham_median_then_correct__global_rr_padded,,7.00750000000005,,False
QT_IntCorr_V3_count,framingham_median_then_correct__global_rr_padded,12.0,12.0,0.0,True
QT_IntCorr_V3,framingham_per_beat_then_aggregate__lead_rr_n_minus_1__same_index,437.71999999999997,437.33,0.38999999999998636,False
QT_IntCorr_V3_iqr,framingham_per_beat_then_aggregate__lead_rr_n_minus_1__same_index,5.7719999999999345,7.00750000000005,1.2355000000001155,False
QT_IntCorr_V3_count,framingham_per_beat_then_aggregate__lead_rr_n_minus_1__same_index,11.0,12.0,1.0,False
QT_IntCorr_V3,framingham_per_beat_then_aggregate__lead_rr_n_minus_1__qt_next,436.944,437.33,0.38599999999996726,False
QT_IntCorr_V3_iqr,framingham_per_beat_then_aggregate__lead_rr_n_minus_1__qt_next,5.391999999999996,7.00750000000005,1.6155000000000541,False
QT_IntCorr_V3_count,framingham_per_beat_then_aggregate__lead_rr_n_minus_1__qt_next,11.0,12.0,1.0,False
QT_IntCorr_V3,framingham_median_then_correct__lead_rr_n_minus_1,437.25199999999995,437.33,0.07800000000003138,False
QT_IntCorr_V3_iqr,framingham_median_then_correct__lead_rr_n_minus_1,,7.00750000000005,,False
QT_IntCorr_V3_count,framingham_median_then_correct__lead_rr_n_minus_1,12.0,12.0,0.0,True
QT_IntCorr_V3,framingham_per_beat_then_aggregate__lead_rr_padded__same_index,437.332,437.33,0.0020000000000095497,False
QT_IntCorr_V3_iqr,framingham_per_beat_then_aggregate__lead_rr_padded__same_index,7.007000000000005,7.00750000000005,0.00050000000004502,False
QT_IntCorr_V3_count,framingham_per_beat_then_aggregate__lead_rr_padded__same_index,12.0,12.0,0.0,True
QT_IntCorr_V3,framingham_per_beat_then_aggregate__lead_rr_padded__qt_next,436.944,437.33,0.38599999999996726,False
QT_IntCorr_V3_iqr,framingham_per_beat_then_aggregate__lead_rr_padded__qt_next,5.391999999999996,7.00750000000005,1.6155000000000541,False
QT_IntCorr_V3_count,framingham_per_beat_then_aggregate__lead_rr_padded__qt_next,11.0,12.0,1.0,False
QT_IntCorr_V3,framingham_median_then_correct__lead_rr_padded,437.56,437.33,0.2300000000000182,False
QT_IntCorr_V3_iqr,framingham_median_then_correct__lead_rr_padded,,7.00750000000005,,False
QT_IntCorr_V3_count,framingham_median_then_correct__lead_rr_padded,12.0,12.0,0.0,True
QT_IntCorr_V3,bazett_per_beat_then_aggregate__global_rr_n_minus_1__same_index,448.1430395621983,437.33,10.813039562198298,False
QT_IntCorr_V3_iqr,bazett_per_beat_then_aggregate__global_rr_n_minus_1__same_index,9.11848424343674,7.00750000000005,2.1109842434366897,False
QT_IntCorr_V3_count,bazett_per_beat_then_aggregate__global_rr_n_minus_1__same_index,11.0,12.0,1.0,False
QT_IntCorr_V3,bazett_per_beat_then_aggregate__global_rr_n_minus_1__qt_next,448.0636348574503,437.33,10.73363485745034,False
QT_IntCorr_V3_iqr,bazett_per_beat_then_aggregate__global_rr_n_minus_1__qt_next,9.997229585724597,7.00750000000005,2.9897295857245467,False
QT_IntCorr_V3_count,bazett_per_beat_then_aggregate__global_rr_n_minus_1__qt_next,11.0,12.0,1.0,False
QT_IntCorr_V3,bazett_median_then_correct__global_rr_n_minus_1,448.0636348574503,437.33,10.73363485745034,False
QT_IntCorr_V3_iqr,bazett_median_then_correct__global_rr_n_minus_1,,7.00750000000005,,False
QT_IntCorr_V3_count,bazett_median_then_correct__global_rr_n_minus_1,12.0,12.0,0.0,True
QT_IntCorr_V3,bazett_per_beat_then_aggregate__global_rr_padded__same_index,448.1033372098243,437.33,10.77333720982432,False
QT_IntCorr_V3_iqr,bazett_per_beat_then_aggregate__global_rr_padded__same_index,11.581827167499682,7.00750000000005,4.574327167499632,False
QT_IntCorr_V3_count,bazett_per_beat_then_aggregate__global_rr_padded__same_index,12.0,12.0,0.0,True
QT_IntCorr_V3,bazett_per_beat_then_aggregate__global_rr_padded__qt_next,448.0636348574503,437.33,10.73363485745034,False
QT_IntCorr_V3_iqr,bazett_per_beat_then_aggregate__global_rr_padded__qt_next,9.997229585724597,7.00750000000005,2.9897295857245467,False
QT_IntCorr_V3_count,bazett_per_beat_then_aggregate__global_rr_padded__qt_next,11.0,12.0,1.0,False
QT_IntCorr_V3,bazett_median_then_correct__global_rr_padded,448.58433652630384,437.33,11.25433652630386,False
QT_IntCorr_V3_iqr,bazett_median_then_correct__global_rr_padded,,7.00750000000005,,False
QT_IntCorr_V3_count,bazett_median_then_correct__global_rr_padded,12.0,12.0,0.0,True
QT_IntCorr_V3,bazett_per_beat_then_aggregate__lead_rr_n_minus_1__same_index,448.659036324441,437.33,11.329036324441006,False
QT_IntCorr_V3_iqr,bazett_per_beat_then_aggregate__lead_rr_n_minus_1__same_index,9.11848424343674,7.00750000000005,2.1109842434366897,False
QT_IntCorr_V3_count,bazett_per_beat_then_aggregate__lead_rr_n_minus_1__same_index,11.0,12.0,1.0,False
QT_IntCorr_V3,bazett_per_beat_then_aggregate__lead_rr_n_minus_1__qt_next,447.54474222841264,437.33,10.21474222841266,False
QT_IntCorr_V3_iqr,bazett_per_beat_then_aggregate__lead_rr_n_minus_1__qt_next,9.997229585724597,7.00750000000005,2.9897295857245467,False
QT_IntCorr_V3_count,bazett_per_beat_then_aggregate__lead_rr_n_minus_1__qt_next,11.0,12.0,1.0,False
QT_IntCorr_V3,bazett_median_then_correct__lead_rr_n_minus_1,448.0636348574503,437.33,10.73363485745034,False
QT_IntCorr_V3_iqr,bazett_median_then_correct__lead_rr_n_minus_1,,7.00750000000005,,False
QT_IntCorr_V3_count,bazett_median_then_correct__lead_rr_n_minus_1,12.0,12.0,0.0,True
QT_IntCorr_V3,bazett_per_beat_then_aggregate__lead_rr_padded__same_index,448.10188927642685,437.33,10.771889276426862,False
QT_IntCorr_V3_iqr,bazett_per_beat_then_aggregate__lead_rr_padded__same_index,11.581827167499682,7.00750000000005,4.574327167499632,False
QT_IntCorr_V3_count,bazett_per_beat_then_aggregate__lead_rr_padded__same_index,12.0,12.0,0.0,True
QT_IntCorr_V3,bazett_per_beat_then_aggregate__lead_rr_padded__qt_next,447.54474222841264,437.33,10.21474222841266,False
QT_IntCorr_V3_iqr,bazett_per_beat_then_aggregate__lead_rr_padded__qt_next,9.997229585724597,7.00750000000005,2.9897295857245467,False
QT_IntCorr_V3_count,bazett_per_beat_then_aggregate__lead_rr_padded__qt_next,11.0,12.0,1.0,False
QT_IntCorr_V3,bazett_median_then_correct__lead_rr_padded,448.58433652630384,437.33,11.25433652630386,False
QT_IntCorr_V3_iqr,bazett_median_then_correct__lead_rr_padded,,7.00750000000005,,False
QT_IntCorr_V3_count,bazett_median_then_correct__lead_rr_padded,12.0,12.0,0.0,True
QT_IntCorr_V3,fridericia_per_beat_then_aggregate__global_rr_n_minus_1__same_index,437.8612685070996,437.33,0.5312685070996395,False
QT_IntCorr_V3_iqr,fridericia_per_beat_then_aggregate__global_rr_n_minus_1__same_index,6.156509193267425,7.00750000000005,0.8509908067326251,False
QT_IntCorr_V3_count,fridericia_per_beat_then_aggregate__global_rr_n_minus_1__same_index,11.0,12.0,1.0,False
QT_IntCorr_V3,fridericia_per_beat_then_aggregate__global_rr_n_minus_1__qt_next,437.1101675733924,437.33,0.2198324266075815,False
QT_IntCorr_V3_iqr,fridericia_per_beat_then_aggregate__global_rr_n_minus_1__qt_next,5.985694415706689,7.00750000000005,1.0218055842933609,False
QT_IntCorr_V3_count,fridericia_per_beat_then_aggregate__global_rr_n_minus_1__qt_next,11.0,12.0,1.0,False
QT_IntCorr_V3,fridericia_median_then_correct__global_rr_n_minus_1,437.1101675733924,437.33,0.2198324266075815,False
QT_IntCorr_V3_iqr,fridericia_median_then_correct__global_rr_n_minus_1,,7.00750000000005,,False
QT_IntCorr_V3_count,fridericia_median_then_correct__global_rr_n_minus_1,12.0,12.0,0.0,True
QT_IntCorr_V3,fridericia_per_beat_then_aggregate__global_rr_padded__same_index,437.485718040246,437.33,0.15571804024602898,False
QT_IntCorr_V3_iqr,fridericia_per_beat_then_aggregate__global_rr_padded__same_index,7.445642247737339,7.00750000000005,0.4381422477372894,False
QT_IntCorr_V3_count,fridericia_per_beat_then_aggregate__global_rr_padded__same_index,12.0,12.0,0.0,True
QT_IntCorr_V3,fridericia_per_beat_then_aggregate__global_rr_padded__qt_next,437.1101675733924,437.33,0.2198324266075815,False
QT_IntCorr_V3_iqr,fridericia_per_beat_then_aggregate__global_rr_padded__qt_next,5.985694415706689,7.00750000000005,1.0218055842933609,False
QT_IntCorr_V3_count,fridericia_per_beat_then_aggregate__global_rr_padded__qt_next,11.0,12.0,1.0,False
QT_IntCorr_V3,fridericia_median_then_correct__global_rr_padded,437.4487503327638,437.33,0.11875033276379554,False
QT_IntCorr_V3_iqr,fridericia_median_then_correct__global_rr_padded,,7.00750000000005,,False
QT_IntCorr_V3_count,fridericia_median_then_correct__global_rr_padded,12.0,12.0,0.0,True
QT_IntCorr_V3,fridericia_per_beat_then_aggregate__lead_rr_n_minus_1__same_index,438.03879197440233,437.33,0.7087919744023452,False
QT_IntCorr_V3_iqr,fridericia_per_beat_then_aggregate__lead_rr_n_minus_1__same_index,6.156509193267425,7.00750000000005,0.8509908067326251,False
QT_IntCorr_V3_count,fridericia_per_beat_then_aggregate__lead_rr_n_minus_1__same_index,11.0,12.0,1.0,False
QT_IntCorr_V3,fridericia_per_beat_then_aggregate__lead_rr_n_minus_1__qt_next,436.7726306302227,437.33,0.557369369777291,False
QT_IntCorr_V3_iqr,fridericia_per_beat_then_aggregate__lead_rr_n_minus_1__qt_next,5.985694415706689,7.00750000000005,1.0218055842933609,False
QT_IntCorr_V3_count,fridericia_per_beat_then_aggregate__lead_rr_n_minus_1__qt_next,11.0,12.0,1.0,False
QT_IntCorr_V3,fridericia_median_then_correct__lead_rr_n_minus_1,437.1101675733924,437.33,0.2198324266075815,False
QT_IntCorr_V3_iqr,fridericia_median_then_correct__lead_rr_n_minus_1,,7.00750000000005,,False
QT_IntCorr_V3_count,fridericia_median_then_correct__lead_rr_n_minus_1,12.0,12.0,0.0,True
QT_IntCorr_V3,fridericia_per_beat_then_aggregate__lead_rr_padded__same_index,437.4057113023125,437.33,0.0757113023125271,False
QT_IntCorr_V3_iqr,fridericia_per_beat_then_aggregate__lead_rr_padded__same_index,7.5231639012819755,7.00750000000005,0.5156639012819255,False
QT_IntCorr_V3_count,fridericia_per_beat_then_aggregate__lead_rr_padded__same_index,12.0,12.0,0.0,True
QT_IntCorr_V3,fridericia_per_beat_then_aggregate__lead_rr_padded__qt_next,436.7726306302227,437.33,0.557369369777291,False
QT_IntCorr_V3_iqr,fridericia_per_beat_then_aggregate__lead_rr_padded__qt_next,5.985694415706689,7.00750000000005,1.0218055842933609,False
QT_IntCorr_V3_count,fridericia_per_beat_then_aggregate__lead_rr_padded__qt_next,11.0,12.0,1.0,False
QT_IntCorr_V3,fridericia_median_then_correct__lead_rr_padded,437.4487503327638,437.33,0.11875033276379554,False
QT_IntCorr_V3_iqr,fridericia_median_then_correct__lead_rr_padded,,7.00750000000005,,False
QT_IntCorr_V3_count,fridericia_median_then_correct__lead_rr_padded,12.0,12.0,0.0,True
QT_IntCorr_V3,hodges_per_beat_then_aggregate__global_rr_n_minus_1__same_index,433.0487804878049,437.33,4.281219512195094,False
QT_IntCorr_V3_iqr,hodges_per_beat_then_aggregate__global_rr_n_minus_1__same_index,5.4920030383891,7.00750000000005,1.5154969616109497,False
QT_IntCorr_V3_count,hodges_per_beat_then_aggregate__global_rr_n_minus_1__same_index,11.0,12.0,1.0,False
QT_IntCorr_V3,hodges_per_beat_then_aggregate__global_rr_n_minus_1__qt_next,432.8097447795824,437.33,4.520255220417596,False
QT_IntCorr_V3_iqr,hodges_per_beat_then_aggregate__global_rr_n_minus_1__qt_next,4.818876967128176,7.00750000000005,2.188623032871874,False
QT_IntCorr_V3_count,hodges_per_beat_then_aggregate__global_rr_n_minus_1__qt_next,11.0,12.0,1.0,False
QT_IntCorr_V3,hodges_median_then_correct__global_rr_n_minus_1,432.8097447795824,437.33,4.520255220417596,False
QT_IntCorr_V3_iqr,hodges_median_then_correct__global_rr_n_minus_1,,7.00750000000005,,False
QT_IntCorr_V3_count,hodges_median_then_correct__global_rr_n_minus_1,12.0,12.0,0.0,True
QT_IntCorr_V3,hodges_per_beat_then_aggregate__global_rr_padded__same_index,432.9292626336936,437.33,4.400737366306373,False
QT_IntCorr_V3_iqr,hodges_per_beat_then_aggregate__global_rr_padded__same_index,6.14563311586835,7.00750000000005,0.8618668841317003,False
QT_IntCorr_V3_count,hodges_per_beat_then_aggregate__global_rr_padded__same_index,12.0,12.0,0.0,True
QT_IntCorr_V3,hodges_per_beat_then_aggregate__global_rr_padded__qt_next,432.8097447795824,437.33,4.520255220417596,False
QT_IntCorr_V3_iqr,hodges_per_beat_then_aggregate__global_rr_padded__qt_next,4.818876967128176,7.00750000000005,2.188623032871874,False
QT_IntCorr_V3_count,hodges_per_beat_then_aggregate__global_rr_padded__qt_next,11.0,12.0,1.0,False
QT_IntCorr_V3,hodges_median_then_correct__global_rr_padded,433.09302325581393,437.33,4.236976744186052,False
QT_IntCorr_V3_iqr,hodges_median_then_correct__global_rr_padded,,7.00750000000005,,False
QT_IntCorr_V3_count,hodges_median_then_correct__global_rr_padded,12.0,12.0,0.0,True
QT_IntCorr_V3,hodges_per_beat_then_aggregate__lead_rr_n_minus_1__same_index,433.0487804878049,437.33,4.281219512195094,False
QT_IntCorr_V3_iqr,hodges_per_beat_then_aggregate__lead_rr_n_minus_1__same_index,5.4920030383891,7.00750000000005,1.5154969616109497,False
QT_IntCorr_V3_count,hodges_per_beat_then_aggregate__lead_rr_n_minus_1__same_index,11.0,12.0,1.0,False
QT_IntCorr_V3,hodges_per_beat_then_aggregate__lead_rr_n_minus_1__qt_next,432.52777777777777,437.33,4.802222222222213,False
QT_IntCorr_V3_iqr,hodges_per_beat_then_aggregate__lead_rr_n_minus_1__qt_next,4.818876967128176,7.00750000000005,2.188623032871874,False
QT_IntCorr_V3_count,hodges_per_beat_then_aggregate__lead_rr_n_minus_1__qt_next,11.0,12.0,1.0,False
QT_IntCorr_V3,hodges_median_then_correct__lead_rr_n_minus_1,432.8097447795824,437.33,4.520255220417596,False
QT_IntCorr_V3_iqr,hodges_median_then_correct__lead_rr_n_minus_1,,7.00750000000005,,False
QT_IntCorr_V3_count,hodges_median_then_correct__lead_rr_n_minus_1,12.0,12.0,0.0,True
QT_IntCorr_V3,hodges_per_beat_then_aggregate__lead_rr_padded__same_index,432.78827913279133,437.33,4.541720867208653,False
QT_IntCorr_V3_iqr,hodges_per_beat_then_aggregate__lead_rr_padded__same_index,6.207258041918408,7.00750000000005,0.8002419580816422,False
QT_IntCorr_V3_count,hodges_per_beat_then_aggregate__lead_rr_padded__same_index,12.0,12.0,0.0,True
QT_IntCorr_V3,hodges_per_beat_then_aggregate__lead_rr_padded__qt_next,432.52777777777777,437.33,4.802222222222213,False
QT_IntCorr_V3_iqr,hodges_per_beat_then_aggregate__lead_rr_padded__qt_next,4.818876967128176,7.00750000000005,2.188623032871874,False
QT_IntCorr_V3_count,hodges_per_beat_then_aggregate__lead_rr_padded__qt_next,11.0,12.0,1.0,False
QT_IntCorr_V3,hodges_median_then_correct__lead_rr_padded,433.09302325581393,437.33,4.236976744186052,False
QT_IntCorr_V3_iqr,hodges_median_then_correct__lead_rr_padded,,7.00750000000005,,False
QT_IntCorr_V3_count,hodges_median_then_correct__lead_rr_padded,12.0,12.0,0.0,True
QT_IntCorr_V4,framingham_per_beat_then_aggregate__global_rr_n_minus_1__same_index,457.1,456.485,0.6150000000000091,False
QT_IntCorr_V4_iqr,framingham_per_beat_then_aggregate__global_rr_n_minus_1__same_index,5.69399999999996,7.85250000000002,2.1585000000000596,False
QT_IntCorr_V4_count,framingham_per_beat_then_aggregate__global_rr_n_minus_1__same_index,11.0,12.0,1.0,False
QT_IntCorr_V4,framingham_per_beat_then_aggregate__global_rr_n_minus_1__qt_next,455.252,456.485,1.233000000000004,False
QT_IntCorr_V4_iqr,framingham_per_beat_then_aggregate__global_rr_n_minus_1__qt_next,7.231999999999971,7.85250000000002,0.6205000000000487,False
QT_IntCorr_V4_count,framingham_per_beat_then_aggregate__global_rr_n_minus_1__qt_next,11.0,12.0,1.0,False
QT_IntCorr_V4,framingham_median_then_correct__global_rr_n_minus_1,454.252,456.485,2.233000000000004,False
QT_IntCorr_V4_iqr,framingham_median_then_correct__global_rr_n_minus_1,,7.85250000000002,,False
QT_IntCorr_V4_count,framingham_median_then_correct__global_rr_n_minus_1,12.0,12.0,0.0,True
QT_IntCorr_V4,framingham_per_beat_then_aggregate__global_rr_padded__same_index,456.40999999999997,456.485,0.07500000000004547,False
QT_IntCorr_V4_iqr,framingham_per_beat_then_aggregate__global_rr_padded__same_index,7.852999999999952,7.85250000000002,0.0004999999999322213,False
QT_IntCorr_V4_count,framingham_per_beat_then_aggregate__global_rr_padded__same_index,12.0,12.0,0.0,True
QT_IntCorr_V4,framingham_per_beat_then_aggregate__global_rr_padded__qt_next,455.252,456.485,1.233000000000004,False
QT_IntCorr_V4_iqr,framingham_per_beat_then_aggregate__global_rr_padded__qt_next,7.231999999999971,7.85250000000002,0.6205000000000487,False
QT_IntCorr_V4_count,framingham_per_beat_then_aggregate__global_rr_padded__qt_next,11.0,12.0,1.0,False
QT_IntCorr_V4,framingham_median_then_correct__global_rr_padded,454.56,456.485,1.9250000000000114,False
QT_IntCorr_V4_iqr,framingham_median_then_correct__global_rr_padded,,7.85250000000002,,False
QT_IntCorr_V4_count,framingham_median_then_correct__global_rr_padded,12.0,12.0,0.0,True
QT_IntCorr_V4,framingham_per_beat_then_aggregate__lead_rr_n_minus_1__same_index,457.1,456.485,0.6150000000000091,False
QT_IntCorr_V4_iqr,framingham_per_beat_then_aggregate__lead_rr_n_minus_1__same_index,5.6159999999999854,7.85250000000002,2.236500000000034,False
QT_IntCorr_V4_count,framingham_per_beat_then_aggregate__lead_rr_n_minus_1__same_index,11.0,12.0,1.0,False
QT_IntCorr_V4,framingham_per_beat_then_aggregate__lead_rr_n_minus_1__qt_next,455.252,456.485,1.233000000000004,False
QT_IntCorr_V4_iqr,framingham_per_beat_then_aggregate__lead_rr_n_minus_1__qt_next,6.923999999999978,7.85250000000002,0.9285000000000414,False
QT_IntCorr_V4_count,framingham_per_beat_then_aggregate__lead_rr_n_minus_1__qt_next,11.0,12.0,1.0,False
QT_IntCorr_V4,framingham_median_then_correct__lead_rr_n_minus_1,454.252,456.485,2.233000000000004,False
QT_IntCorr_V4_iqr,framingham_median_then_correct__lead_rr_n_minus_1,,7.85250000000002,,False
QT_IntCorr_V4_count,framingham_median_then_correct__lead_rr_n_minus_1,12.0,12.0,0.0,True
QT_IntCorr_V4,framingham_per_beat_then_aggregate__lead_rr_padded__same_index,456.486,456.485,0.0009999999999763531,False
QT_IntCorr_V4_iqr,framingham_per_beat_then_aggregate__lead_rr_padded__same_index,7.852999999999952,7.85250000000002,0.0004999999999322213,False
QT_IntCorr_V4_count,framingham_per_beat_then_aggregate__lead_rr_padded__same_index,12.0,12.0,0.0,True
QT_IntCorr_V4,framingham_per_beat_then_aggregate__lead_rr_padded__qt_next,455.252,456.485,1.233000000000004,False
QT_IntCorr_V4_iqr,framingham_per_beat_then_aggregate__lead_rr_padded__qt_next,6.923999999999978,7.85250000000002,0.9285000000000414,False
QT_IntCorr_V4_count,framingham_per_beat_then_aggregate__lead_rr_padded__qt_next,11.0,12.0,1.0,False
QT_IntCorr_V4,framingham_median_then_correct__lead_rr_padded,454.56,456.485,1.9250000000000114,False
QT_IntCorr_V4_iqr,framingham_median_then_correct__lead_rr_padded,,7.85250000000002,,False
QT_IntCorr_V4_count,framingham_median_then_correct__lead_rr_padded,12.0,12.0,0.0,True
QT_IntCorr_V4,bazett_per_beat_then_aggregate__global_rr_n_minus_1__same_index,470.85309586928304,456.485,14.368095869283025,False
QT_IntCorr_V4_iqr,bazett_per_beat_then_aggregate__global_rr_n_minus_1__same_index,8.037828352527868,7.85250000000002,0.18532835252784796,False
QT_IntCorr_V4_count,bazett_per_beat_then_aggregate__global_rr_n_minus_1__same_index,11.0,12.0,1.0,False
QT_IntCorr_V4,bazett_per_beat_then_aggregate__global_rr_n_minus_1__qt_next,466.92399597580976,456.485,10.438995975809746,False
QT_IntCorr_V4_iqr,bazett_per_beat_then_aggregate__global_rr_n_minus_1__qt_next,9.611031577903248,7.85250000000002,1.758531577903228,False
QT_IntCorr_V4_count,bazett_per_beat_then_aggregate__global_rr_n_minus_1__qt_next,11.0,12.0,1.0,False
QT_IntCorr_V4,bazett_median_then_correct__global_rr_n_minus_1,466.37392762806724,456.485,9.888927628067222,False
QT_IntCorr_V4_iqr,bazett_median_then_correct__global_rr_n_minus_1,,7.85250000000002,,False
QT_IntCorr_V4_count,bazett_median_then_correct__global_rr_n_minus_1,12.0,12.0,0.0,True
QT_IntCorr_V4,bazett_per_beat_then_aggregate__global_rr_padded__same_index,470.7960946678835,456.485,14.31109466788348,False
QT_IntCorr_V4_iqr,bazett_per_beat_then_aggregate__global_rr_padded__same_index,11.778740929483433,7.85250000000002,3.9262409294834137,False
QT_IntCorr_V4_count,bazett_per_beat_then_aggregate__global_rr_padded__same_index,12.0,12.0,0.0,True
QT_IntCorr_V4,bazett_per_beat_then_aggregate__global_rr_padded__qt_next,466.92399597580976,456.485,10.438995975809746,False
QT_IntCorr_V4_iqr,bazett_per_beat_then_aggregate__global_rr_padded__qt_next,9.611031577903248,7.85250000000002,1.758531577903228,False
QT_IntCorr_V4_count,bazett_per_beat_then_aggregate__global_rr_padded__qt_next,11.0,12.0,1.0,False
QT_IntCorr_V4,bazett_median_then_correct__global_rr_padded,466.9159079708883,456.485,10.430907970888313,False
QT_IntCorr_V4_iqr,bazett_median_then_correct__global_rr_padded,,7.85250000000002,,False
QT_IntCorr_V4_count,bazett_median_then_correct__global_rr_padded,12.0,12.0,0.0,True
QT_IntCorr_V4,bazett_per_beat_then_aggregate__lead_rr_n_minus_1__same_index,471.4186853775282,456.485,14.933685377528207,False
QT_IntCorr_V4_iqr,bazett_per_beat_then_aggregate__lead_rr_n_minus_1__same_index,8.037828352527868,7.85250000000002,0.18532835252784796,False
QT_IntCorr_V4_count,bazett_per_beat_then_aggregate__lead_rr_n_minus_1__same_index,11.0,12.0,1.0,False
QT_IntCorr_V4,bazett_per_beat_then_aggregate__lead_rr_n_minus_1__qt_next,466.3990672027984,456.485,9.914067202798378,False
QT_IntCorr_V4_iqr,bazett_per_beat_then_aggregate__lead_rr_n_minus_1__qt_next,9.611031577903248,7.85250000000002,1.758531577903228,False
QT_IntCorr_V4_count,bazett_per_beat_then_aggregate__lead_rr_n_minus_1__qt_next,11.0,12.0,1.0,False
QT_IntCorr_V4,bazett_median_then_correct__lead_rr_n_minus_1,466.37392762806724,456.485,9.888927628067222,False
QT_IntCorr_V4_iqr,bazett_median_then_correct__lead_rr_n_minus_1,,7.85250000000002,,False
QT_IntCorr_V4_count,bazett_median_then_correct__lead_rr_n_minus_1,12.0,12.0,0.0,True
QT_IntCorr_V4,bazett_per_beat_then_aggregate__lead_rr_padded__same_index,471.07888942200606,456.485,14.593889422006043,False
QT_IntCorr_V4_iqr,bazett_per_beat_then_aggregate__lead_rr_padded__same_index,11.778740929483433,7.85250000000002,3.9262409294834137,False
QT_IntCorr_V4_count,bazett_per_beat_then_aggregate__lead_rr_padded__same_index,12.0,12.0,0.0,True
QT_IntCorr_V4,bazett_per_beat_then_aggregate__lead_rr_padded__qt_next,466.3990672027984,456.485,9.914067202798378,False
QT_IntCorr_V4_iqr,bazett_per_beat_then_aggregate__lead_rr_padded__qt_next,9.611031577903248,7.85250000000002,1.758531577903228,False
QT_IntCorr_V4_count,bazett_per_beat_then_aggregate__lead_rr_padded__qt_next,11.0,12.0,1.0,False
QT_IntCorr_V4,bazett_median_then_correct__lead_rr_padded,466.9159079708883,456.485,10.430907970888313,False
QT_IntCorr_V4_iqr,bazett_median_then_correct__lead_rr_padded,,7.85250000000002,,False
QT_IntCorr_V4_count,bazett_median_then_correct__lead_rr_padded,12.0,12.0,0.0,True
QT_IntCorr_V4,fridericia_per_beat_then_aggregate__global_rr_n_minus_1__same_index,458.12507947595935,456.485,1.6400794759593396,False
QT_IntCorr_V4_iqr,fridericia_per_beat_then_aggregate__global_rr_n_minus_1__same_index,6.214233873116314,7.85250000000002,1.638266126883706,False
QT_IntCorr_V4_count,fridericia_per_beat_then_aggregate__global_rr_n_minus_1__same_index,11.0,12.0,1.0,False
QT_IntCorr_V4,fridericia_per_beat_then_aggregate__global_rr_n_minus_1__qt_next,456.02358828570266,456.485,0.4614117142973555,False
QT_IntCorr_V4_iqr,fridericia_per_beat_then_aggregate__global_rr_n_minus_1__qt_next,7.749171549574953,7.85250000000002,0.10332845042506644,False
QT_IntCorr_V4_count,fridericia_per_beat_then_aggregate__global_rr_n_minus_1__qt_next,11.0,12.0,1.0,False
QT_IntCorr_V4,fridericia_median_then_correct__global_rr_n_minus_1,454.9728426905743,456.485,1.5121573094257315,False
QT_IntCorr_V4_iqr,fridericia_median_then_correct__global_rr_n_minus_1,,7.85250000000002,,False
QT_IntCorr_V4_count,fridericia_median_then_correct__global_rr_n_minus_1,12.0,12.0,0.0,True
QT_IntCorr_V4,fridericia_per_beat_then_aggregate__global_rr_padded__same_index,457.6974214026677,456.485,1.212421402667701,False
QT_IntCorr_V4_iqr,fridericia_per_beat_then_aggregate__global_rr_padded__same_index,9.015409454454698,7.85250000000002,1.1629094544546783,False
QT_IntCorr_V4_count,fridericia_per_beat_then_aggregate__global_rr_padded__same_index,12.0,12.0,0.0,True
QT_IntCorr_V4,fridericia_per_beat_then_aggregate__global_rr_padded__qt_next,456.02358828570266,456.485,0.4614117142973555,False
QT_IntCorr_V4_iqr,fridericia_per_beat_then_aggregate__global_rr_padded__qt_next,7.749171549574953,7.85250000000002,0.10332845042506644,False
QT_IntCorr_V4_count,fridericia_per_beat_then_aggregate__global_rr_padded__qt_next,11.0,12.0,1.0,False
QT_IntCorr_V4,fridericia_median_then_correct__global_rr_padded,455.32526176463153,456.485,1.1597382353684793,False
QT_IntCorr_V4_iqr,fridericia_median_then_correct__global_rr_padded,,7.85250000000002,,False
QT_IntCorr_V4_count,fridericia_median_then_correct__global_rr_padded,12.0,12.0,0.0,True
QT_IntCorr_V4,fridericia_per_beat_then_aggregate__lead_rr_n_minus_1__same_index,458.12507947595935,456.485,1.6400794759593396,False
QT_IntCorr_V4_iqr,fridericia_per_beat_then_aggregate__lead_rr_n_minus_1__same_index,6.031358935836749,7.85250000000002,1.8211410641632702,False
QT_IntCorr_V4_count,fridericia_per_beat_then_aggregate__lead_rr_n_minus_1__same_index,11.0,12.0,1.0,False
QT_IntCorr_V4,fridericia_per_beat_then_aggregate__lead_rr_n_minus_1__qt_next,456.02358828570266,456.485,0.4614117142973555,False
QT_IntCorr_V4_iqr,fridericia_per_beat_then_aggregate__lead_rr_n_minus_1__qt_next,7.577593118585014,7.85250000000002,0.2749068814150055,False
QT_IntCorr_V4_count,fridericia_per_beat_then_aggregate__lead_rr_n_minus_1__qt_next,11.0,12.0,1.0,False
QT_IntCorr_V4,fridericia_median_then_correct__lead_rr_n_minus_1,454.9728426905743,456.485,1.5121573094257315,False
QT_IntCorr_V4_iqr,fridericia_median_then_correct__lead_rr_n_minus_1,,7.85250000000002,,False
QT_IntCorr_V4_count,fridericia_median_then_correct__lead_rr_n_minus_1,12.0,12.0,0.0,True
QT_IntCorr_V4,fridericia_per_beat_then_aggregate__lead_rr_padded__same_index,457.6974214026677,456.485,1.212421402667701,False
QT_IntCorr_V4_iqr,fridericia_per_beat_then_aggregate__lead_rr_padded__same_index,9.015409454454698,7.85250000000002,1.1629094544546783,False
QT_IntCorr_V4_count,fridericia_per_beat_then_aggregate__lead_rr_padded__same_index,12.0,12.0,0.0,True
QT_IntCorr_V4,fridericia_per_beat_then_aggregate__lead_rr_padded__qt_next,456.02358828570266,456.485,0.4614117142973555,False
QT_IntCorr_V4_iqr,fridericia_per_beat_then_aggregate__lead_rr_padded__qt_next,7.577593118585014,7.85250000000002,0.2749068814150055,False
QT_IntCorr_V4_count,fridericia_per_beat_then_aggregate__lead_rr_padded__qt_next,11.0,12.0,1.0,False
QT_IntCorr_V4,fridericia_median_then_correct__lead_rr_padded,455.32526176463153,456.485,1.1597382353684793,False
QT_IntCorr_V4_iqr,fridericia_median_then_correct__lead_rr_padded,,7.85250000000002,,False
QT_IntCorr_V4_count,fridericia_median_then_correct__lead_rr_padded,12.0,12.0,0.0,True
QT_IntCorr_V4,hodges_per_beat_then_aggregate__global_rr_n_minus_1__same_index,452.5294117647059,456.485,3.955588235294101,False
QT_IntCorr_V4_iqr,hodges_per_beat_then_aggregate__global_rr_n_minus_1__same_index,5.634794759716954,7.85250000000002,2.217705240283066,False
QT_IntCorr_V4_count,hodges_per_beat_then_aggregate__global_rr_n_minus_1__same_index,11.0,12.0,1.0,False
QT_IntCorr_V4,hodges_per_beat_then_aggregate__global_rr_n_minus_1__qt_next,450.8097447795824,456.485,5.675255220417625,False
QT_IntCorr_V4_iqr,hodges_per_beat_then_aggregate__global_rr_n_minus_1__qt_next,7.207607532810471,7.85250000000002,0.6448924671895488,False
QT_IntCorr_V4_count,hodges_per_beat_then_aggregate__global_rr_n_minus_1__qt_next,11.0,12.0,1.0,False
QT_IntCorr_V4,hodges_median_then_correct__global_rr_n_minus_1,449.8097447795824,456.485,6.675255220417625,False
QT_IntCorr_V4_iqr,hodges_median_then_correct__global_rr_n_minus_1,,7.85250000000002,,False
QT_IntCorr_V4_count,hodges_median_then_correct__global_rr_n_minus_1,12.0,12.0,0.0,True
QT_IntCorr_V4,hodges_per_beat_then_aggregate__global_rr_padded__same_index,451.7890961262554,456.485,4.695903873744612,False
QT_IntCorr_V4_iqr,hodges_per_beat_then_aggregate__global_rr_padded__same_index,7.477398158967048,7.85250000000002,0.3751018410329712,False
QT_IntCorr_V4_count,hodges_per_beat_then_aggregate__global_rr_padded__same_index,12.0,12.0,0.0,True
QT_IntCorr_V4,hodges_per_beat_then_aggregate__global_rr_padded__qt_next,450.8097447795824,456.485,5.675255220417625,False
QT_IntCorr_V4_iqr,hodges_per_beat_then_aggregate__global_rr_padded__qt_next,7.207607532810471,7.85250000000002,0.6448924671895488,False
QT_IntCorr_V4_count,hodges_per_beat_then_aggregate__global_rr_padded__qt_next,11.0,12.0,1.0,False
QT_IntCorr_V4,hodges_median_then_correct__global_rr_padded,450.09302325581393,456.485,6.391976744186081,False
QT_IntCorr_V4_iqr,hodges_median_then_correct__global_rr_padded,,7.85250000000002,,False
QT_IntCorr_V4_count,hodges_median_then_correct__global_rr_padded,12.0,12.0,0.0,True
QT_IntCorr_V4,hodges_per_beat_then_aggregate__lead_rr_n_minus_1__same_index,452.5294117647059,456.485,3.955588235294101,False
QT_IntCorr_V4_iqr,hodges_per_beat_then_aggregate__lead_rr_n_minus_1__same_index,5.560044803584276,7.85250000000002,2.2924551964157436,False
QT_IntCorr_V4_count,hodges_per_beat_then_aggregate__lead_rr_n_minus_1__same_index,11.0,12.0,1.0,False
QT_IntCorr_V4,hodges_per_beat_then_aggregate__lead_rr_n_minus_1__qt_next,450.8097447795824,456.485,5.675255220417625,False
QT_IntCorr_V4_iqr,hodges_per_beat_then_aggregate__lead_rr_n_minus_1__qt_next,6.9234287054409265,7.85250000000002,0.9290712945590931,False
QT_IntCorr_V4_count,hodges_per_beat_then_aggregate__lead_rr_n_minus_1__qt_next,11.0,12.0,1.0,False
QT_IntCorr_V4,hodges_median_then_correct__lead_rr_n_minus_1,449.8097447795824,456.485,6.675255220417625,False
QT_IntCorr_V4_iqr,hodges_median_then_correct__lead_rr_n_minus_1,,7.85250000000002,,False
QT_IntCorr_V4_count,hodges_median_then_correct__lead_rr_n_minus_1,12.0,12.0,0.0,True
QT_IntCorr_V4,hodges_per_beat_then_aggregate__lead_rr_padded__same_index,451.8656674208145,456.485,4.619332579185539,False
QT_IntCorr_V4_iqr,hodges_per_beat_then_aggregate__lead_rr_padded__same_index,7.477398158967048,7.85250000000002,0.3751018410329712,False
QT_IntCorr_V4_count,hodges_per_beat_then_aggregate__lead_rr_padded__same_index,12.0,12.0,0.0,True
QT_IntCorr_V4,hodges_per_beat_then_aggregate__lead_rr_padded__qt_next,450.8097447795824,456.485,5.675255220417625,False
QT_IntCorr_V4_iqr,hodges_per_beat_then_aggregate__lead_rr_padded__qt_next,6.9234287054409265,7.85250000000002,0.9290712945590931,False
QT_IntCorr_V4_count,hodges_per_beat_then_aggregate__lead_rr_padded__qt_next,11.0,12.0,1.0,False
QT_IntCorr_V4,hodges_median_then_correct__lead_rr_padded,450.09302325581393,456.485,6.391976744186081,False
QT_IntCorr_V4_iqr,hodges_median_then_correct__lead_rr_padded,,7.85250000000002,,False
QT_IntCorr_V4_count,hodges_median_then_correct__lead_rr_padded,12.0,12.0,0.0,True
QT_IntCorr_V5,framingham_per_beat_then_aggregate__global_rr_n_minus_1__same_index,402.02,401.56,0.45999999999997954,False
QT_IntCorr_V5_iqr,framingham_per_beat_then_aggregate__global_rr_n_minus_1__same_index,43.081999999999994,28.850000000000023,14.231999999999971,False
QT_IntCorr_V5_count,framingham_per_beat_then_aggregate__global_rr_n_minus_1__same_index,11.0,12.0,1.0,False
QT_IntCorr_V5,framingham_per_beat_then_aggregate__global_rr_n_minus_1__qt_next,403.564,401.56,2.004000000000019,False
QT_IntCorr_V5_iqr,framingham_per_beat_then_aggregate__global_rr_n_minus_1__qt_next,40.31,28.850000000000023,11.45999999999998,False
QT_IntCorr_V5_count,framingham_per_beat_then_aggregate__global_rr_n_minus_1__qt_next,11.0,12.0,1.0,False
QT_IntCorr_V5,framingham_median_then_correct__global_rr_n_minus_1,402.252,401.56,0.6920000000000073,False
QT_IntCorr_V5_iqr,framingham_median_then_correct__global_rr_n_minus_1,,28.850000000000023,,False
QT_IntCorr_V5_count,framingham_median_then_correct__global_rr_n_minus_1,12.0,12.0,0.0,True
QT_IntCorr_V5,framingham_per_beat_then_aggregate__global_rr_padded__same_index,401.56,401.56,0.0,True
QT_IntCorr_V5_iqr,framingham_per_beat_then_aggregate__global_rr_padded__same_index,28.852000000000032,28.850000000000023,0.0020000000000095497,False
QT_IntCorr_V5_count,framingham_per_beat_then_aggregate__global_rr_padded__same_index,12.0,12.0,0.0,True
QT_IntCorr_V5,framingham_per_beat_then_aggregate__global_rr_padded__qt_next,403.564,401.56,2.004000000000019,False
QT_IntCorr_V5_iqr,framingham_per_beat_then_aggregate__global_rr_padded__qt_next,40.31,28.850000000000023,11.45999999999998,False
QT_IntCorr_V5_count,framingham_per_beat_then_aggregate__global_rr_padded__qt_next,11.0,12.0,1.0,False
QT_IntCorr_V5,framingham_median_then_correct__global_rr_padded,402.56,401.56,1.0,False
QT_IntCorr_V5_iqr,framingham_median_then_correct__global_rr_padded,,28.850000000000023,,False
QT_IntCorr_V5_count,framingham_median_then_correct__global_rr_padded,12.0,12.0,0.0,True
QT_IntCorr_V5,framingham_per_beat_then_aggregate__lead_rr_n_minus_1__same_index,402.02,401.56,0.45999999999997954,False
QT_IntCorr_V5_iqr,framingham_per_beat_then_aggregate__lead_rr_n_minus_1__same_index,43.081999999999994,28.850000000000023,14.231999999999971,False
QT_IntCorr_V5_count,framingham_per_beat_then_aggregate__lead_rr_n_minus_1__same_index,11.0,12.0,1.0,False
QT_IntCorr_V5,framingham_per_beat_then_aggregate__lead_rr_n_minus_1__qt_next,403.564,401.56,2.004000000000019,False
QT_IntCorr_V5_iqr,framingham_per_beat_then_aggregate__lead_rr_n_minus_1__qt_next,40.31,28.850000000000023,11.45999999999998,False
QT_IntCorr_V5_count,framingham_per_beat_then_aggregate__lead_rr_n_minus_1__qt_next,11.0,12.0,1.0,False
QT_IntCorr_V5,framingham_median_then_correct__lead_rr_n_minus_1,402.252,401.56,0.6920000000000073,False
QT_IntCorr_V5_iqr,framingham_median_then_correct__lead_rr_n_minus_1,,28.850000000000023,,False
QT_IntCorr_V5_count,framingham_median_then_correct__lead_rr_n_minus_1,12.0,12.0,0.0,True
QT_IntCorr_V5,framingham_per_beat_then_aggregate__lead_rr_padded__same_index,401.56,401.56,0.0,True
QT_IntCorr_V5_iqr,framingham_per_beat_then_aggregate__lead_rr_padded__same_index,28.852000000000032,28.850000000000023,0.0020000000000095497,False
QT_IntCorr_V5_count,framingham_per_beat_then_aggregate__lead_rr_padded__same_index,12.0,12.0,0.0,True
QT_IntCorr_V5,framingham_per_beat_then_aggregate__lead_rr_padded__qt_next,403.564,401.56,2.004000000000019,False
QT_IntCorr_V5_iqr,framingham_per_beat_then_aggregate__lead_rr_padded__qt_next,40.31,28.850000000000023,11.45999999999998,False
QT_IntCorr_V5_count,framingham_per_beat_then_aggregate__lead_rr_padded__qt_next,11.0,12.0,1.0,False
QT_IntCorr_V5,framingham_median_then_correct__lead_rr_padded,402.56,401.56,1.0,False
QT_IntCorr_V5_iqr,framingham_median_then_correct__lead_rr_padded,,28.850000000000023,,False
QT_IntCorr_V5_count,framingham_median_then_correct__lead_rr_padded,12.0,12.0,0.0,True
QT_IntCorr_V5,bazett_per_beat_then_aggregate__global_rr_n_minus_1__same_index,409.9985652772602,401.56,8.438565277260182,False
QT_IntCorr_V5_iqr,bazett_per_beat_then_aggregate__global_rr_n_minus_1__same_index,49.64718831149935,28.850000000000023,20.797188311499326,False
QT_IntCorr_V5_count,bazett_per_beat_then_aggregate__global_rr_n_minus_1__same_index,11.0,12.0,1.0,False
QT_IntCorr_V5,bazett_per_beat_then_aggregate__global_rr_n_minus_1__qt_next,413.8354384473888,401.56,12.275438447388808,False
QT_IntCorr_V5_iqr,bazett_per_beat_then_aggregate__global_rr_n_minus_1__qt_next,42.72111359944819,28.850000000000023,13.871113599448165,False
QT_IntCorr_V5_count,bazett_per_beat_then_aggregate__global_rr_n_minus_1__qt_next,11.0,12.0,1.0,False
QT_IntCorr_V5,bazett_median_then_correct__global_rr_n_minus_1,410.36597327088595,401.56,8.805973270885943,False
QT_IntCorr_V5_iqr,bazett_median_then_correct__global_rr_n_minus_1,,28.850000000000023,,False
QT_IntCorr_V5_count,bazett_median_then_correct__global_rr_n_minus_1,12.0,12.0,0.0,True
QT_IntCorr_V5,bazett_per_beat_then_aggregate__global_rr_padded__same_index,409.7727767926489,401.56,8.212776792648924,False
QT_IntCorr_V5_iqr,bazett_per_beat_then_aggregate__global_rr_padded__same_index,34.330739496756166,28.850000000000023,5.480739496756144,False
QT_IntCorr_V5_count,bazett_per_beat_then_aggregate__global_rr_padded__same_index,12.0,12.0,0.0,True
QT_IntCorr_V5,bazett_per_beat_then_aggregate__global_rr_padded__qt_next,413.8354384473888,401.56,12.275438447388808,False
QT_IntCorr_V5_iqr,bazett_per_beat_then_aggregate__global_rr_padded__qt_next,42.72111359944819,28.850000000000023,13.871113599448165,False
QT_IntCorr_V5_count,bazett_per_beat_then_aggregate__global_rr_padded__qt_next,11.0,12.0,1.0,False
QT_IntCorr_V5,bazett_median_then_correct__global_rr_padded,410.8428659051004,401.56,9.28286590510038,False
QT_IntCorr_V5_iqr,bazett_median_then_correct__global_rr_padded,,28.850000000000023,,False
QT_IntCorr_V5_count,bazett_median_then_correct__global_rr_padded,12.0,12.0,0.0,True
QT_IntCorr_V5,bazett_per_beat_then_aggregate__lead_rr_n_minus_1__same_index,409.9985652772602,401.56,8.438565277260182,False
QT_IntCorr_V5_iqr,bazett_per_beat_then_aggregate__lead_rr_n_minus_1__same_index,49.64718831149935,28.850000000000023,20.797188311499326,False
QT_IntCorr_V5_count,bazett_per_beat_then_aggregate__lead_rr_n_minus_1__same_index,11.0,12.0,1.0,False
QT_IntCorr_V5,bazett_per_beat_then_aggregate__lead_rr_n_minus_1__qt_next,413.8354384473888,401.56,12.275438447388808,False
QT_IntCorr_V5_iqr,bazett_per_beat_then_aggregate__lead_rr_n_minus_1__qt_next,42.72111359944819,28.850000000000023,13.871113599448165,False
QT_IntCorr_V5_count,bazett_per_beat_then_aggregate__lead_rr_n_minus_1__qt_next,11.0,12.0,1.0,False
QT_IntCorr_V5,bazett_median_then_correct__lead_rr_n_minus_1,410.36597327088595,401.56,8.805973270885943,False
QT_IntCorr_V5_iqr,bazett_median_then_correct__lead_rr_n_minus_1,,28.850000000000023,,False
QT_IntCorr_V5_count,bazett_median_then_correct__lead_rr_n_minus_1,12.0,12.0,0.0,True
QT_IntCorr_V5,bazett_per_beat_then_aggregate__lead_rr_padded__same_index,409.7727767926489,401.56,8.212776792648924,False
QT_IntCorr_V5_iqr,bazett_per_beat_then_aggregate__lead_rr_padded__same_index,34.330739496756166,28.850000000000023,5.480739496756144,False
QT_IntCorr_V5_count,bazett_per_beat_then_aggregate__lead_rr_padded__same_index,12.0,12.0,0.0,True
QT_IntCorr_V5,bazett_per_beat_then_aggregate__lead_rr_padded__qt_next,413.8354384473888,401.56,12.275438447388808,False
QT_IntCorr_V5_iqr,bazett_per_beat_then_aggregate__lead_rr_padded__qt_next,42.72111359944819,28.850000000000023,13.871113599448165,False
QT_IntCorr_V5_count,bazett_per_beat_then_aggregate__lead_rr_padded__qt_next,11.0,12.0,1.0,False
QT_IntCorr_V5,bazett_median_then_correct__lead_rr_padded,410.8428659051004,401.56,9.28286590510038,False
QT_IntCorr_V5_iqr,bazett_median_then_correct__lead_rr_padded,,28.850000000000023,,False
QT_IntCorr_V5_count,bazett_median_then_correct__lead_rr_padded,12.0,12.0,0.0,True
QT_IntCorr_V5,fridericia_per_beat_then_aggregate__global_rr_n_minus_1__same_index,400.1507286356748,401.56,1.4092713643252068,False
QT_IntCorr_V5_iqr,fridericia_per_beat_then_aggregate__global_rr_n_minus_1__same_index,45.79884164090299,28.850000000000023,16.94884164090297,False
QT_IntCorr_V5_count,fridericia_per_beat_then_aggregate__global_rr_n_minus_1__same_index,11.0,12.0,1.0,False
QT_IntCorr_V5,fridericia_per_beat_then_aggregate__global_rr_n_minus_1__qt_next,401.5778802602551,401.56,0.017880260255083158,False
QT_IntCorr_V5_iqr,fridericia_per_beat_then_aggregate__global_rr_n_minus_1__qt_next,42.93079444305437,28.850000000000023,14.080794443054344,False
QT_IntCorr_V5_count,fridericia_per_beat_then_aggregate__global_rr_n_minus_1__qt_next,11.0,12.0,1.0,False
QT_IntCorr_V5,fridericia_median_then_correct__global_rr_n_minus_1,400.33407174390027,401.56,1.2259282560997349,False
QT_IntCorr_V5_iqr,fridericia_median_then_correct__global_rr_n_minus_1,,28.850000000000023,,False
QT_IntCorr_V5_count,fridericia_median_then_correct__global_rr_n_minus_1,12.0,12.0,0.0,True
QT_IntCorr_V5,fridericia_per_beat_then_aggregate__global_rr_padded__same_index,399.59646360167955,401.56,1.963536398320457,False
QT_IntCorr_V5_iqr,fridericia_per_beat_then_aggregate__global_rr_padded__same_index,30.47972589771831,28.850000000000023,1.6297258977182878,False
QT_IntCorr_V5_count,fridericia_per_beat_then_aggregate__global_rr_padded__same_index,12.0,12.0,0.0,True
QT_IntCorr_V5,fridericia_per_beat_then_aggregate__global_rr_padded__qt_next,401.5778802602551,401.56,0.017880260255083158,False
QT_IntCorr_V5_iqr,fridericia_per_beat_then_aggregate__global_rr_padded__qt_next,42.93079444305437,28.850000000000023,14.080794443054344,False
QT_IntCorr_V5_count,fridericia_per_beat_then_aggregate__global_rr_padded__qt_next,11.0,12.0,1.0,False
QT_IntCorr_V5,fridericia_median_then_correct__global_rr_padded,400.644167973036,401.56,0.915832026963983,False
QT_IntCorr_V5_iqr,fridericia_median_then_correct__global_rr_padded,,28.850000000000023,,False
QT_IntCorr_V5_count,fridericia_median_then_correct__global_rr_padded,12.0,12.0,0.0,True
QT_IntCorr_V5,fridericia_per_beat_then_aggregate__lead_rr_n_minus_1__same_index,400.1507286356748,401.56,1.4092713643252068,False
QT_IntCorr_V5_iqr,fridericia_per_beat_then_aggregate__lead_rr_n_minus_1__same_index,45.79884164090299,28.850000000000023,16.94884164090297,False
QT_IntCorr_V5_count,fridericia_per_beat_then_aggregate__lead_rr_n_minus_1__same_index,11.0,12.0,1.0,False
QT_IntCorr_V5,fridericia_per_beat_then_aggregate__lead_rr_n_minus_1__qt_next,401.5778802602551,401.56,0.017880260255083158,False
QT_IntCorr_V5_iqr,fridericia_per_beat_then_aggregate__lead_rr_n_minus_1__qt_next,42.93079444305437,28.850000000000023,14.080794443054344,False
QT_IntCorr_V5_count,fridericia_per_beat_then_aggregate__lead_rr_n_minus_1__qt_next,11.0,12.0,1.0,False
QT_IntCorr_V5,fridericia_median_then_correct__lead_rr_n_minus_1,400.33407174390027,401.56,1.2259282560997349,False
QT_IntCorr_V5_iqr,fridericia_median_then_correct__lead_rr_n_minus_1,,28.850000000000023,,False
QT_IntCorr_V5_count,fridericia_median_then_correct__lead_rr_n_minus_1,12.0,12.0,0.0,True
QT_IntCorr_V5,fridericia_per_beat_then_aggregate__lead_rr_padded__same_index,399.59646360167955,401.56,1.963536398320457,False
QT_IntCorr_V5_iqr,fridericia_per_beat_then_aggregate__lead_rr_padded__same_index,30.47972589771831,28.850000000000023,1.6297258977182878,False
QT_IntCorr_V5_count,fridericia_per_beat_then_aggregate__lead_rr_padded__same_index,12.0,12.0,0.0,True
QT_IntCorr_V5,fridericia_per_beat_then_aggregate__lead_rr_padded__qt_next,401.5778802602551,401.56,0.017880260255083158,False
QT_IntCorr_V5_iqr,fridericia_per_beat_then_aggregate__lead_rr_padded__qt_next,42.93079444305437,28.850000000000023,14.080794443054344,False
QT_IntCorr_V5_count,fridericia_per_beat_then_aggregate__lead_rr_padded__qt_next,11.0,12.0,1.0,False
QT_IntCorr_V5,fridericia_median_then_correct__lead_rr_padded,400.644167973036,401.56,0.915832026963983,False
QT_IntCorr_V5_iqr,fridericia_median_then_correct__lead_rr_padded,,28.850000000000023,,False
QT_IntCorr_V5_count,fridericia_median_then_correct__lead_rr_padded,12.0,12.0,0.0,True
QT_IntCorr_V5,hodges_per_beat_then_aggregate__global_rr_n_minus_1__same_index,397.6896551724138,401.56,3.870344827586223,False
QT_IntCorr_V5_iqr,hodges_per_beat_then_aggregate__global_rr_n_minus_1__same_index,42.88034695306982,28.850000000000023,14.030346953069795,False
QT_IntCorr_V5_count,hodges_per_beat_then_aggregate__global_rr_n_minus_1__same_index,11.0,12.0,1.0,False
QT_IntCorr_V5,hodges_per_beat_then_aggregate__global_rr_n_minus_1__qt_next,398.89928057553954,401.56,2.660719424460467,False
QT_IntCorr_V5_iqr,hodges_per_beat_then_aggregate__global_rr_n_minus_1__qt_next,40.19164259635431,28.850000000000023,11.34164259635429,False
QT_IntCorr_V5_count,hodges_per_beat_then_aggregate__global_rr_n_minus_1__qt_next,11.0,12.0,1.0,False
QT_IntCorr_V5,hodges_median_then_correct__global_rr_n_minus_1,397.8097447795824,401.56,3.750255220417614,False
QT_IntCorr_V5_iqr,hodges_median_then_correct__global_rr_n_minus_1,,28.850000000000023,,False
QT_IntCorr_V5_count,hodges_median_then_correct__global_rr_n_minus_1,12.0,12.0,0.0,True
QT_IntCorr_V5,hodges_per_beat_then_aggregate__global_rr_padded__same_index,397.10953346855985,401.56,4.450466531440156,False
QT_IntCorr_V5_iqr,hodges_per_beat_then_aggregate__global_rr_padded__same_index,28.518536158108304,28.850000000000023,0.3314638418917184,False
QT_IntCorr_V5_count,hodges_per_beat_then_aggregate__global_rr_padded__same_index,12.0,12.0,0.0,True
QT_IntCorr_V5,hodges_per_beat_then_aggregate__global_rr_padded__qt_next,398.89928057553954,401.56,2.660719424460467,False
QT_IntCorr_V5_iqr,hodges_per_beat_then_aggregate__global_rr_padded__qt_next,40.19164259635431,28.850000000000023,11.34164259635429,False
QT_IntCorr_V5_count,hodges_per_beat_then_aggregate__global_rr_padded__qt_next,11.0,12.0,1.0,False
QT_IntCorr_V5,hodges_median_then_correct__global_rr_padded,398.09302325581393,401.56,3.46697674418607,False
QT_IntCorr_V5_iqr,hodges_median_then_correct__global_rr_padded,,28.850000000000023,,False
QT_IntCorr_V5_count,hodges_median_then_correct__global_rr_padded,12.0,12.0,0.0,True
QT_IntCorr_V5,hodges_per_beat_then_aggregate__lead_rr_n_minus_1__same_index,397.6896551724138,401.56,3.870344827586223,False
QT_IntCorr_V5_iqr,hodges_per_beat_then_aggregate__lead_rr_n_minus_1__same_index,42.88034695306982,28.850000000000023,14.030346953069795,False
QT_IntCorr_V5_count,hodges_per_beat_then_aggregate__lead_rr_n_minus_1__same_index,11.0,12.0,1.0,False
QT_IntCorr_V5,hodges_per_beat_then_aggregate__lead_rr_n_minus_1__qt_next,398.89928057553954,401.56,2.660719424460467,False
QT_IntCorr_V5_iqr,hodges_per_beat_then_aggregate__lead_rr_n_minus_1__qt_next,40.19164259635431,28.850000000000023,11.34164259635429,False
QT_IntCorr_V5_count,hodges_per_beat_then_aggregate__lead_rr_n_minus_1__qt_next,11.0,12.0,1.0,False
QT_IntCorr_V5,hodges_median_then_correct__lead_rr_n_minus_1,397.8097447795824,401.56,3.750255220417614,False
QT_IntCorr_V5_iqr,hodges_median_then_correct__lead_rr_n_minus_1,,28.850000000000023,,False
QT_IntCorr_V5_count,hodges_median_then_correct__lead_rr_n_minus_1,12.0,12.0,0.0,True
QT_IntCorr_V5,hodges_per_beat_then_aggregate__lead_rr_padded__same_index,397.10953346855985,401.56,4.450466531440156,False
QT_IntCorr_V5_iqr,hodges_per_beat_then_aggregate__lead_rr_padded__same_index,28.518536158108304,28.850000000000023,0.3314638418917184,False
QT_IntCorr_V5_count,hodges_per_beat_then_aggregate__lead_rr_padded__same_index,12.0,12.0,0.0,True
QT_IntCorr_V5,hodges_per_beat_then_aggregate__lead_rr_padded__qt_next,398.89928057553954,401.56,2.660719424460467,False
QT_IntCorr_V5_iqr,hodges_per_beat_then_aggregate__lead_rr_padded__qt_next,40.19164259635431,28.850000000000023,11.34164259635429,False
QT_IntCorr_V5_count,hodges_per_beat_then_aggregate__lead_rr_padded__qt_next,11.0,12.0,1.0,False
QT_IntCorr_V5,hodges_median_then_correct__lead_rr_padded,398.09302325581393,401.56,3.46697674418607,False
QT_IntCorr_V5_iqr,hodges_median_then_correct__lead_rr_padded,,28.850000000000023,,False
QT_IntCorr_V5_count,hodges_median_then_correct__lead_rr_padded,12.0,12.0,0.0,True
QT_IntCorr_V6,framingham_per_beat_then_aggregate__global_rr_n_minus_1__same_index,413.252,411.25,2.0020000000000095,False
QT_IntCorr_V6_iqr,framingham_per_beat_then_aggregate__global_rr_n_minus_1__same_index,9.16399999999993,9.322499999999993,0.15850000000006226,False
QT_IntCorr_V6_count,framingham_per_beat_then_aggregate__global_rr_n_minus_1__same_index,11.0,12.0,1.0,False
QT_IntCorr_V6,framingham_per_beat_then_aggregate__global_rr_n_minus_1__qt_next,408.02,411.25,3.230000000000018,False
QT_IntCorr_V6_iqr,framingham_per_beat_then_aggregate__global_rr_n_minus_1__qt_next,10.697999999999979,9.322499999999993,1.3754999999999864,False
QT_IntCorr_V6_count,framingham_per_beat_then_aggregate__global_rr_n_minus_1__qt_next,11.0,12.0,1.0,False
QT_IntCorr_V6,framingham_median_then_correct__global_rr_n_minus_1,409.252,411.25,1.9979999999999905,False
QT_IntCorr_V6_iqr,framingham_median_then_correct__global_rr_n_minus_1,,9.322499999999993,,False
QT_IntCorr_V6_count,framingham_median_then_correct__global_rr_n_minus_1,12.0,12.0,0.0,True
QT_IntCorr_V6,framingham_per_beat_then_aggregate__global_rr_padded__same_index,411.252,411.25,0.0020000000000095497,False
QT_IntCorr_V6_iqr,framingham_per_beat_then_aggregate__global_rr_padded__same_index,8.975999999999942,9.322499999999993,0.34650000000005043,False
QT_IntCorr_V6_count,framingham_per_beat_then_aggregate__global_rr_padded__same_index,12.0,12.0,0.0,True
QT_IntCorr_V6,framingham_per_beat_then_aggregate__global_rr_padded__qt_next,408.02,411.25,3.230000000000018,False
QT_IntCorr_V6_iqr,framingham_per_beat_then_aggregate__global_rr_padded__qt_next,10.697999999999979,9.322499999999993,1.3754999999999864,False
QT_IntCorr_V6_count,framingham_per_beat_then_aggregate__global_rr_padded__qt_next,11.0,12.0,1.0,False
QT_IntCorr_V6,framingham_median_then_correct__global_rr_padded,409.56000000000006,411.25,1.6899999999999409,False
QT_IntCorr_V6_iqr,framingham_median_then_correct__global_rr_padded,,9.322499999999993,,False
QT_IntCorr_V6_count,framingham_median_then_correct__global_rr_padded,12.0,12.0,0.0,True
QT_IntCorr_V6,framingham_per_beat_then_aggregate__lead_rr_n_minus_1__same_index,413.252,411.25,2.0020000000000095,False
QT_IntCorr_V6_iqr,framingham_per_beat_then_aggregate__lead_rr_n_minus_1__same_index,9.393999999999949,9.322499999999993,0.07149999999995593,False
QT_IntCorr_V6_count,framingham_per_beat_then_aggregate__lead_rr_n_minus_1__same_index,11.0,12.0,1.0,False
QT_IntCorr_V6,framingham_per_beat_then_aggregate__lead_rr_n_minus_1__qt_next,408.02,411.25,3.230000000000018,False
QT_IntCorr_V6_iqr,framingham_per_beat_then_aggregate__lead_rr_n_minus_1__qt_next,10.697999999999979,9.322499999999993,1.3754999999999864,False
QT_IntCorr_V6_count,framingham_per_beat_then_aggregate__lead_rr_n_minus_1__qt_next,11.0,12.0,1.0,False
QT_IntCorr_V6,framingham_median_then_correct__lead_rr_n_minus_1,409.252,411.25,1.9979999999999905,False
QT_IntCorr_V6_iqr,framingham_median_then_correct__lead_rr_n_minus_1,,9.322499999999993,,False
QT_IntCorr_V6_count,framingham_median_then_correct__lead_rr_n_minus_1,12.0,12.0,0.0,True
QT_IntCorr_V6,framingham_per_beat_then_aggregate__lead_rr_padded__same_index,411.252,411.25,0.0020000000000095497,False
QT_IntCorr_V6_iqr,framingham_per_beat_then_aggregate__lead_rr_padded__same_index,9.32099999999997,9.322499999999993,0.0015000000000231495,False
QT_IntCorr_V6_count,framingham_per_beat_then_aggregate__lead_rr_padded__same_index,12.0,12.0,0.0,True
QT_IntCorr_V6,framingham_per_beat_then_aggregate__lead_rr_padded__qt_next,408.02,411.25,3.230000000000018,False
QT_IntCorr_V6_iqr,framingham_per_beat_then_aggregate__lead_rr_padded__qt_next,10.697999999999979,9.322499999999993,1.3754999999999864,False
QT_IntCorr_V6_count,framingham_per_beat_then_aggregate__lead_rr_padded__qt_next,11.0,12.0,1.0,False
QT_IntCorr_V6,framingham_median_then_correct__lead_rr_padded,409.56000000000006,411.25,1.6899999999999409,False
QT_IntCorr_V6_iqr,framingham_median_then_correct__lead_rr_padded,,9.322499999999993,,False
QT_IntCorr_V6_count,framingham_median_then_correct__lead_rr_padded,12.0,12.0,0.0,True
QT_IntCorr_V6,bazett_per_beat_then_aggregate__global_rr_n_minus_1__same_index,422.2138097695205,411.25,10.96380976952048,False
QT_IntCorr_V6_iqr,bazett_per_beat_then_aggregate__global_rr_n_minus_1__same_index,14.581492943260855,9.322499999999993,5.258992943260862,False
QT_IntCorr_V6_count,bazett_per_beat_then_aggregate__global_rr_n_minus_1__same_index,11.0,12.0,1.0,False
QT_IntCorr_V6,bazett_per_beat_then_aggregate__global_rr_n_minus_1__qt_next,415.9796635170644,411.25,4.7296635170644095,False
QT_IntCorr_V6_iqr,bazett_per_beat_then_aggregate__global_rr_n_minus_1__qt_next,14.479616134067442,9.322499999999993,5.157116134067449,False
QT_IntCorr_V6_count,bazett_per_beat_then_aggregate__global_rr_n_minus_1__qt_next,11.0,12.0,1.0,False
QT_IntCorr_V6,bazett_median_then_correct__global_rr_n_minus_1,417.9055055881988,411.25,6.655505588198821,False
QT_IntCorr_V6_iqr,bazett_median_then_correct__global_rr_n_minus_1,,9.322499999999993,,False
QT_IntCorr_V6_count,bazett_median_then_correct__global_rr_n_minus_1,12.0,12.0,0.0,True
QT_IntCorr_V6,bazett_per_beat_then_aggregate__global_rr_padded__same_index,420.05965767885965,411.25,8.80965767885965,False
QT_IntCorr_V6_iqr,bazett_per_beat_then_aggregate__global_rr_padded__same_index,16.328715444764782,9.322499999999993,7.0062154447647895,False
QT_IntCorr_V6_count,bazett_per_beat_then_aggregate__global_rr_padded__same_index,12.0,12.0,0.0,True
QT_IntCorr_V6,bazett_per_beat_then_aggregate__global_rr_padded__qt_next,415.9796635170644,411.25,4.7296635170644095,False
QT_IntCorr_V6_iqr,bazett_per_beat_then_aggregate__global_rr_padded__qt_next,14.479616134067442,9.322499999999993,5.157116134067449,False
QT_IntCorr_V6_count,bazett_per_beat_then_aggregate__global_rr_padded__qt_next,11.0,12.0,1.0,False
QT_IntCorr_V6,bazett_median_then_correct__global_rr_padded,418.39116002934105,411.25,7.1411600293410515,False
QT_IntCorr_V6_iqr,bazett_median_then_correct__global_rr_padded,,9.322499999999993,,False
QT_IntCorr_V6_count,bazett_median_then_correct__global_rr_padded,12.0,12.0,0.0,True
QT_IntCorr_V6,bazett_per_beat_then_aggregate__lead_rr_n_minus_1__same_index,422.2138097695205,411.25,10.96380976952048,False
QT_IntCorr_V6_iqr,bazett_per_beat_then_aggregate__lead_rr_n_minus_1__same_index,14.581492943260855,9.322499999999993,5.258992943260862,False
QT_IntCorr_V6_count,bazett_per_beat_then_aggregate__lead_rr_n_minus_1__same_index,11.0,12.0,1.0,False
QT_IntCorr_V6,bazett_per_beat_then_aggregate__lead_rr_n_minus_1__qt_next,415.5191689624931,411.25,4.269168962493097,False
QT_IntCorr_V6_iqr,bazett_per_beat_then_aggregate__lead_rr_n_minus_1__qt_next,14.479616134067442,9.322499999999993,5.157116134067449,False
QT_IntCorr_V6_count,bazett_per_beat_then_aggregate__lead_rr_n_minus_1__qt_next,11.0,12.0,1.0,False
QT_IntCorr_V6,bazett_median_then_correct__lead_rr_n_minus_1,417.9055055881988,411.25,6.655505588198821,False
QT_IntCorr_V6_iqr,bazett_median_then_correct__lead_rr_n_minus_1,,9.322499999999993,,False
QT_IntCorr_V6_count,bazett_median_then_correct__lead_rr_n_minus_1,12.0,12.0,0.0,True
QT_IntCorr_V6,bazett_per_beat_then_aggregate__lead_rr_padded__same_index,420.05965767885965,411.25,8.80965767885965,False
QT_IntCorr_V6_iqr,bazett_per_beat_then_aggregate__lead_rr_padded__same_index,16.439794965576425,9.322499999999993,7.117294965576432,False
QT_IntCorr_V6_count,bazett_per_beat_then_aggregate__lead_rr_padded__same_index,12.0,12.0,0.0,True
QT_IntCorr_V6,bazett_per_beat_then_aggregate__lead_rr_padded__qt_next,415.5191689624931,411.25,4.269168962493097,False
QT_IntCorr_V6_iqr,bazett_per_beat_then_aggregate__lead_rr_padded__qt_next,14.479616134067442,9.322499999999993,5.157116134067449,False
QT_IntCorr_V6_count,bazett_per_beat_then_aggregate__lead_rr_padded__qt_next,11.0,12.0,1.0,False
QT_IntCorr_V6,bazett_median_then_correct__lead_rr_padded,418.39116002934105,411.25,7.1411600293410515,False
QT_IntCorr_V6_iqr,bazett_median_then_correct__lead_rr_padded,,9.322499999999993,,False
QT_IntCorr_V6_count,bazett_median_then_correct__lead_rr_padded,12.0,12.0,0.0,True
QT_IntCorr_V6,fridericia_per_beat_then_aggregate__global_rr_n_minus_1__same_index,411.89227329031206,411.25,0.6422732903120618,False
QT_IntCorr_V6_iqr,fridericia_per_beat_then_aggregate__global_rr_n_minus_1__same_index,9.44054178789952,9.322499999999993,0.1180417878995268,False
QT_IntCorr_V6_count,fridericia_per_beat_then_aggregate__global_rr_n_minus_1__same_index,11.0,12.0,1.0,False
QT_IntCorr_V6,fridericia_per_beat_then_aggregate__global_rr_n_minus_1__qt_next,406.4358186142456,411.25,4.814181385754409,False
QT_IntCorr_V6_iqr,fridericia_per_beat_then_aggregate__global_rr_n_minus_1__qt_next,11.159521845407653,9.322499999999993,1.8370218454076603,False
QT_IntCorr_V6_count,fridericia_per_beat_then_aggregate__global_rr_n_minus_1__qt_next,11.0,12.0,1.0,False
QT_IntCorr_V6,fridericia_median_then_correct__global_rr_n_minus_1,407.6892909097987,411.25,3.5607090902013283,False
QT_IntCorr_V6_iqr,fridericia_median_then_correct__global_rr_n_minus_1,,9.322499999999993,,False
QT_IntCorr_V6_count,fridericia_median_then_correct__global_rr_n_minus_1,12.0,12.0,0.0,True
QT_IntCorr_V6,fridericia_per_beat_then_aggregate__global_rr_padded__same_index,409.79078210005537,411.25,1.4592178999446332,False
QT_IntCorr_V6_iqr,fridericia_per_beat_then_aggregate__global_rr_padded__same_index,9.015375573369226,9.322499999999993,0.3071244266307662,False
QT_IntCorr_V6_count,fridericia_per_beat_then_aggregate__global_rr_padded__same_index,12.0,12.0,0.0,True
QT_IntCorr_V6,fridericia_per_beat_then_aggregate__global_rr_padded__qt_next,406.4358186142456,411.25,4.814181385754409,False
QT_IntCorr_V6_iqr,fridericia_per_beat_then_aggregate__global_rr_padded__qt_next,11.159521845407653,9.322499999999993,1.8370218454076603,False
QT_IntCorr_V6_count,fridericia_per_beat_then_aggregate__global_rr_padded__qt_next,11.0,12.0,1.0,False
QT_IntCorr_V6,fridericia_median_then_correct__global_rr_padded,408.0050844449816,411.25,3.2449155550183946,False
QT_IntCorr_V6_iqr,fridericia_median_then_correct__global_rr_padded,,9.322499999999993,,False
QT_IntCorr_V6_count,fridericia_median_then_correct__global_rr_padded,12.0,12.0,0.0,True
QT_IntCorr_V6,fridericia_per_beat_then_aggregate__lead_rr_n_minus_1__same_index,411.89227329031206,411.25,0.6422732903120618,False
QT_IntCorr_V6_iqr,fridericia_per_beat_then_aggregate__lead_rr_n_minus_1__same_index,9.653764256957743,9.322499999999993,0.3312642569577502,False
QT_IntCorr_V6_count,fridericia_per_beat_then_aggregate__lead_rr_n_minus_1__same_index,11.0,12.0,1.0,False
QT_IntCorr_V6,fridericia_per_beat_then_aggregate__lead_rr_n_minus_1__qt_next,406.4358186142456,411.25,4.814181385754409,False
QT_IntCorr_V6_iqr,fridericia_per_beat_then_aggregate__lead_rr_n_minus_1__qt_next,11.159521845407653,9.322499999999993,1.8370218454076603,False
QT_IntCorr_V6_count,fridericia_per_beat_then_aggregate__lead_rr_n_minus_1__qt_next,11.0,12.0,1.0,False
QT_IntCorr_V6,fridericia_median_then_correct__lead_rr_n_minus_1,407.6892909097987,411.25,3.5607090902013283,False
QT_IntCorr_V6_iqr,fridericia_median_then_correct__lead_rr_n_minus_1,,9.322499999999993,,False
QT_IntCorr_V6_count,fridericia_median_then_correct__lead_rr_n_minus_1,12.0,12.0,0.0,True
QT_IntCorr_V6,fridericia_per_beat_then_aggregate__lead_rr_padded__same_index,409.79078210005537,411.25,1.4592178999446332,False
QT_IntCorr_V6_iqr,fridericia_per_beat_then_aggregate__lead_rr_padded__same_index,9.335209276956675,9.322499999999993,0.012709276956682558,False
QT_IntCorr_V6_count,fridericia_per_beat_then_aggregate__lead_rr_padded__same_index,12.0,12.0,0.0,True
QT_IntCorr_V6,fridericia_per_beat_then_aggregate__lead_rr_padded__qt_next,406.4358186142456,411.25,4.814181385754409,False
QT_IntCorr_V6_iqr,fridericia_per_beat_then_aggregate__lead_rr_padded__qt_next,11.159521845407653,9.322499999999993,1.8370218454076603,False
QT_IntCorr_V6_count,fridericia_per_beat_then_aggregate__lead_rr_padded__qt_next,11.0,12.0,1.0,False
QT_IntCorr_V6,fridericia_median_then_correct__lead_rr_padded,408.0050844449816,411.25,3.2449155550183946,False
QT_IntCorr_V6_iqr,fridericia_median_then_correct__lead_rr_padded,,9.322499999999993,,False
QT_IntCorr_V6_count,fridericia_median_then_correct__lead_rr_padded,12.0,12.0,0.0,True
QT_IntCorr_V6,hodges_per_beat_then_aggregate__global_rr_n_minus_1__same_index,408.8097447795824,411.25,2.440255220417612,False
QT_IntCorr_V6_iqr,hodges_per_beat_then_aggregate__global_rr_n_minus_1__same_index,8.342642935169977,9.322499999999993,0.979857064830016,False
QT_IntCorr_V6_count,hodges_per_beat_then_aggregate__global_rr_n_minus_1__same_index,11.0,12.0,1.0,False
QT_IntCorr_V6,hodges_per_beat_then_aggregate__global_rr_n_minus_1__qt_next,403.6896551724138,411.25,7.560344827586221,False
QT_IntCorr_V6_iqr,hodges_per_beat_then_aggregate__global_rr_n_minus_1__qt_next,10.319564997978603,9.322499999999993,0.9970649979786099,False
QT_IntCorr_V6_count,hodges_per_beat_then_aggregate__global_rr_n_minus_1__qt_next,11.0,12.0,1.0,False
QT_IntCorr_V6,hodges_median_then_correct__global_rr_n_minus_1,404.8097447795824,411.25,6.440255220417612,False
QT_IntCorr_V6_iqr,hodges_median_then_correct__global_rr_n_minus_1,,9.322499999999993,,False
QT_IntCorr_V6_count,hodges_median_then_correct__global_rr_n_minus_1,12.0,12.0,0.0,True
QT_IntCorr_V6,hodges_per_beat_then_aggregate__global_rr_padded__same_index,406.8097447795824,411.25,4.440255220417612,False
QT_IntCorr_V6_iqr,hodges_per_beat_then_aggregate__global_rr_padded__same_index,7.90733964180356,9.322499999999993,1.4151603581964327,False
QT_IntCorr_V6_count,hodges_per_beat_then_aggregate__global_rr_padded__same_index,12.0,12.0,0.0,True
QT_IntCorr_V6,hodges_per_beat_then_aggregate__global_rr_padded__qt_next,403.6896551724138,411.25,7.560344827586221,False
QT_IntCorr_V6_iqr,hodges_per_beat_then_aggregate__global_rr_padded__qt_next,10.319564997978603,9.322499999999993,0.9970649979786099,False
QT_IntCorr_V6_count,hodges_per_beat_then_aggregate__global_rr_padded__qt_next,11.0,12.0,1.0,False
QT_IntCorr_V6,hodges_median_then_correct__global_rr_padded,405.09302325581393,411.25,6.156976744186068,False
QT_IntCorr_V6_iqr,hodges_median_then_correct__global_rr_padded,,9.322499999999993,,False
QT_IntCorr_V6_count,hodges_median_then_correct__global_rr_padded,12.0,12.0,0.0,True
QT_IntCorr_V6,hodges_per_beat_then_aggregate__lead_rr_n_minus_1__same_index,408.8097447795824,411.25,2.440255220417612,False
QT_IntCorr_V6_iqr,hodges_per_beat_then_aggregate__lead_rr_n_minus_1__same_index,8.542464081829166,9.322499999999993,0.7800359181708263,False
QT_IntCorr_V6_count,hodges_per_beat_then_aggregate__lead_rr_n_minus_1__same_index,11.0,12.0,1.0,False
QT_IntCorr_V6,hodges_per_beat_then_aggregate__lead_rr_n_minus_1__qt_next,403.6896551724138,411.25,7.560344827586221,False
QT_IntCorr_V6_iqr,hodges_per_beat_then_aggregate__lead_rr_n_minus_1__qt_next,10.319564997978603,9.322499999999993,0.9970649979786099,False
QT_IntCorr_V6_count,hodges_per_beat_then_aggregate__lead_rr_n_minus_1__qt_next,11.0,12.0,1.0,False
QT_IntCorr_V6,hodges_median_then_correct__lead_rr_n_minus_1,404.8097447795824,411.25,6.440255220417612,False
QT_IntCorr_V6_iqr,hodges_median_then_correct__lead_rr_n_minus_1,,9.322499999999993,,False
QT_IntCorr_V6_count,hodges_median_then_correct__lead_rr_n_minus_1,12.0,12.0,0.0,True
QT_IntCorr_V6,hodges_per_beat_then_aggregate__lead_rr_padded__same_index,406.8097447795824,411.25,4.440255220417612,False
QT_IntCorr_V6_iqr,hodges_per_beat_then_aggregate__lead_rr_padded__same_index,8.022196583642199,9.322499999999993,1.300303416357794,False
QT_IntCorr_V6_count,hodges_per_beat_then_aggregate__lead_rr_padded__same_index,12.0,12.0,0.0,True
QT_IntCorr_V6,hodges_per_beat_then_aggregate__lead_rr_padded__qt_next,403.6896551724138,411.25,7.560344827586221,False
QT_IntCorr_V6_iqr,hodges_per_beat_then_aggregate__lead_rr_padded__qt_next,10.319564997978603,9.322499999999993,0.9970649979786099,False
QT_IntCorr_V6_count,hodges_per_beat_then_aggregate__lead_rr_padded__qt_next,11.0,12.0,1.0,False
QT_IntCorr_V6,hodges_median_then_correct__lead_rr_padded,405.09302325581393,411.25,6.156976744186068,False
QT_IntCorr_V6_iqr,hodges_median_then_correct__lead_rr_padded,,9.322499999999993,,False
QT_IntCorr_V6_count,hodges_median_then_correct__lead_rr_padded,12.0,12.0,0.0,True
